image_path,session_id,person_id,label,shoulder_angle,eye_shoulder_angle,eye_vertical_difference,nose_x_body,nose_y_body,eye_center_x_body,eye_center_y_body,left_ear_x_body,left_ear_y_body,nose_eye_dx,nose_eye_dy,eye_width_ratio,ear_eye_ratio,nose_shoulder_center_distance,eye_shoulder_center_distance,nose_shoulder_asymmetry,eye_shoulder_asymmetry,nose_ear_ratio
D:/BTL/repo/smart-posture-monitor/data/raw/lean_right/nguoi10_ss1/frame_0004.jpg,ss1,nguoi10,lean_right,-25.835922,11.916154,0.072542,0.373231,1.489079,0.204386,1.631199,-0.562167,1.165764,0.168845,-0.142120,0.351327,0.733362,1.535141,1.643954,0.231770,0.119017,0.989698
D:/BTL/repo/smart-posture-monitor/data/raw/lean_right/nguoi10_ss1/frame_0005.jpg,ss1,nguoi10,lean_right,-27.031029,9.530557,0.060749,0.465349,1.585892,0.299197,1.733807,-0.527961,1.275889,0.166152,-0.147915,0.366900,0.774868,1.652756,1.759433,0.270327,0.163740,1.040561
D:/BTL/repo/smart-posture-monitor/data/raw/lean_right/nguoi10_ss1/frame_0006.jpg,ss1,nguoi10,lean_right,-27.686583,3.831325,0.015680,0.414593,1.391119,0.256332,1.530419,-0.480087,1.186267,0.158261,-0.139301,0.234662,0.704770,1.451585,1.551738,0.271102,0.157413,0.917833
D:/BTL/repo/smart-posture-monitor/data/raw/lean_right/nguoi10_ss1/frame_0009.jpg,ss1,nguoi10,lean_right,-33.322411,-2.457778,-0.015355,0.855561,1.641376,0.704678,1.877435,-0.387651,1.594234,0.150884,-0.236059,0.358073,0.958652,1.850973,2.005326,0.449324,0.342138,1.244106
D:/BTL/repo/smart-posture-monitor/data/raw/lean_right/nguoi10_ss1/frame_0011.jpg,ss1,nguoi10,lean_right,-21.645241,14.581582,0.088747,0.128311,1.067422,0.020483,1.189360,-0.548246,0.866369,0.107828,-0.121938,0.352509,0.485956,1.075107,1.189536,0.108330,0.015875,0.705799
D:/BTL/repo/smart-posture-monitor/data/raw/lean_right/nguoi10_ss1/frame_0012.jpg,ss1,nguoi10,lean_right,-16.371460,9.608958,0.080375,0.271275,1.438288,0.131832,1.629872,-0.668416,1.249170,0.139443,-0.191583,0.481510,0.657855,1.463647,1.635195,0.175674,0.077117,0.958533
D:/BTL/repo/smart-posture-monitor/data/raw/lean_right/nguoi10_ss1/frame_0013.jpg,ss1,nguoi10,lean_right,-16.930071,6.052241,0.039061,0.447573,1.262580,0.315681,1.454217,-0.515535,1.199042,0.131892,-0.191637,0.370475,0.688587,1.339563,1.488086,0.314940,0.201506,0.965202
D:/BTL/repo/smart-posture-monitor/data/raw/lean_right/nguoi10_ss1/frame_0014.jpg,ss1,nguoi10,lean_right,-3.897897,0.996051,0.002894,0.417775,0.257783,0.398034,0.368002,-0.003127,0.440228,0.019741,-0.110219,0.166469,0.326363,0.490905,0.542085,0.682712,0.588643,0.458742
D:/BTL/repo/smart-posture-monitor/data/raw/lean_right/nguoi10_ss1/frame_0015.jpg,ss1,nguoi10,lean_right,-4.215590,-0.543509,-0.001510,0.426329,0.259584,0.406758,0.372472,0.010383,0.457875,0.019571,-0.112888,0.159132,0.327926,0.499139,0.551532,0.692177,0.596312,0.460793
D:/BTL/repo/smart-posture-monitor/data/raw/lean_right/nguoi10_ss1/frame_0016.jpg,ss1,nguoi10,lean_right,-4.000075,-0.707327,-0.002014,0.435329,0.255326,0.417620,0.371761,0.020449,0.461809,0.017709,-0.116436,0.163111,0.327942,0.504681,0.559118,0.706164,0.609288,0.463423
D:/BTL/repo/smart-posture-monitor/data/raw/lean_right/nguoi10_ss1/frame_0017.jpg,ss1,nguoi10,lean_right,-2.843747,-3.606801,-0.013398,0.221973,0.255817,0.221507,0.373566,-0.110400,0.448310,0.000467,-0.117749,0.212979,0.235665,0.338696,0.434301,0.388144,0.346529,0.384090
D:/BTL/repo/smart-posture-monitor/data/raw/lean_right/nguoi10_ss1/frame_0018.jpg,ss1,nguoi10,lean_right,-1.396302,-2.527381,-0.009656,0.198526,0.238536,0.198240,0.362898,-0.121955,0.437827,0.000286,-0.124362,0.218972,0.222165,0.310342,0.413514,0.353702,0.314946,0.377392
D:/BTL/repo/smart-posture-monitor/data/raw/lean_right/nguoi10_ss1/frame_0019.jpg,ss1,nguoi10,lean_right,-0.616982,-4.349009,-0.016368,0.249897,0.225146,0.248473,0.349897,-0.107549,0.441875,0.001425,-0.124750,0.215849,0.262161,0.336362,0.429146,0.446452,0.395298,0.418019
D:/BTL/repo/smart-posture-monitor/data/raw/lean_right/nguoi10_ss1/frame_0020.jpg,ss1,nguoi10,lean_right,-0.249046,-5.369836,-0.020354,0.251667,0.246467,0.251028,0.375015,-0.114355,0.469685,0.000639,-0.128549,0.217498,0.270639,0.352253,0.451277,0.441164,0.389315,0.428717
D:/BTL/repo/smart-posture-monitor/data/raw/lean_right/nguoi10_ss1/frame_0021.jpg,ss1,nguoi10,lean_right,-1.046805,4.147270,0.012367,0.320317,0.256790,0.296836,0.365853,-0.094337,0.427495,0.023481,-0.109063,0.171001,0.313325,0.410541,0.471126,0.546158,0.458331,0.448417
D:/BTL/repo/smart-posture-monitor/data/raw/lean_right/nguoi10_ss1/frame_0022.jpg,ss1,nguoi10,lean_right,1.297169,-12.399892,-0.044067,0.259751,0.199384,0.277088,0.326272,-0.056071,0.488185,-0.017337,-0.126888,0.205219,0.271714,0.327452,0.428055,0.473270,0.447655,0.427959
D:/BTL/repo/smart-posture-monitor/data/raw/lean_right/nguoi10_ss1/frame_0023.jpg,ss1,nguoi10,lean_right,-2.593633,5.980000,0.017986,0.301321,0.249632,0.273300,0.360906,-0.143547,0.427532,0.028021,-0.111274,0.172645,0.339523,0.391293,0.452710,0.520260,0.427174,0.479120
D:/BTL/repo/smart-posture-monitor/data/raw/lean_right/nguoi10_ss1/frame_0024.jpg,ss1,nguoi10,lean_right,0.587088,-0.688763,-0.002104,0.312452,0.230579,0.302728,0.343860,-0.075706,0.456939,0.009724,-0.113281,0.174997,0.311764,0.388321,0.458131,0.547317,0.476847,0.449339
D:/BTL/repo/smart-posture-monitor/data/raw/lean_right/nguoi10_ss1/frame_0025.jpg,ss1,nguoi10,lean_right,-2.013201,-1.750114,-0.006867,0.156713,0.279358,0.153013,0.404130,-0.207227,0.481224,0.003701,-0.124772,0.224837,0.258587,0.320312,0.432128,0.271071,0.235294,0.416176
D:/BTL/repo/smart-posture-monitor/data/raw/lean_right/nguoi10_ss1/frame_0026.jpg,ss1,nguoi10,lean_right,0.662378,-5.176950,-0.018637,0.181109,0.258321,0.185106,0.376766,-0.137604,0.465830,-0.003998,-0.118446,0.206548,0.233873,0.315484,0.419782,0.318058,0.290841,0.380313
D:/BTL/repo/smart-posture-monitor/data/raw/lean_right/nguoi10_ss1/frame_0027.jpg,ss1,nguoi10,lean_right,-0.834994,-3.374745,-0.012180,0.193880,0.226800,0.195412,0.343192,-0.126385,0.430900,-0.001533,-0.116392,0.206905,0.233269,0.298375,0.394926,0.349022,0.316624,0.379772
D:/BTL/repo/smart-posture-monitor/data/raw/lean_right/nguoi10_ss1/frame_0028.jpg,ss1,nguoi10,lean_right,-0.842851,4.270391,0.012756,0.304417,0.220714,0.282310,0.328745,-0.086527,0.389129,0.022107,-0.108032,0.171302,0.291180,0.376011,0.433327,0.539245,0.454290,0.425677
D:/BTL/repo/smart-posture-monitor/data/raw/lean_right/nguoi10_ss1/frame_0029.jpg,ss1,nguoi10,lean_right,-2.309134,2.584487,0.007101,0.396629,0.229897,0.373907,0.337958,-0.020684,0.405306,0.022722,-0.108061,0.157483,0.323787,0.458440,0.504006,0.673565,0.576264,0.452679
D:/BTL/repo/smart-posture-monitor/data/raw/lean_right/nguoi10_ss1/frame_0030.jpg,ss1,nguoi10,lean_right,-2.106827,-1.860531,-0.005993,0.278821,0.195594,0.274514,0.307209,-0.076382,0.417683,0.004307,-0.111615,0.184586,0.280093,0.340585,0.411989,0.507748,0.452137,0.418919
D:/BTL/repo/smart-posture-monitor/data/raw/lean_right/nguoi10_ss1/frame_0031.jpg,ss1,nguoi10,lean_right,-2.189026,-2.572988,-0.009288,0.222812,0.217165,0.219855,0.333040,-0.106886,0.403207,0.002957,-0.115875,0.206906,0.232803,0.311137,0.399063,0.402603,0.357965,0.378566
D:/BTL/repo/smart-posture-monitor/data/raw/lean_right/nguoi10_ss1/frame_0032.jpg,ss1,nguoi10,lean_right,-0.677064,-4.937051,-0.017164,0.238330,0.147529,0.244782,0.258915,-0.085195,0.389970,-0.006452,-0.111386,0.199444,0.261128,0.280297,0.356308,0.452533,0.424948,0.404285
D:/BTL/repo/smart-posture-monitor/data/raw/lean_right/nguoi10_ss1/frame_0033.jpg,ss1,nguoi10,lean_right,-1.410322,-3.970889,-0.013844,0.238221,0.149492,0.242843,0.261060,-0.081705,0.382211,-0.004622,-0.111568,0.199920,0.252182,0.281242,0.356546,0.451748,0.420935,0.395614
D:/BTL/repo/smart-posture-monitor/data/raw/lean_right/nguoi10_ss1/frame_0034.jpg,ss1,nguoi10,lean_right,-1.850278,-2.951690,-0.010653,0.155719,0.208530,0.157235,0.319595,-0.148009,0.394394,-0.001516,-0.111064,0.206887,0.213554,0.260256,0.356179,0.285568,0.262174,0.356084
D:/BTL/repo/smart-posture-monitor/data/raw/lean_right/nguoi10_ss1/frame_0035.jpg,ss1,nguoi10,lean_right,-12.817440,-0.094549,-0.000417,0.281114,0.989819,0.193508,1.099668,-0.367693,0.890015,0.087605,-0.109848,0.252986,0.482715,1.028964,1.116564,0.247172,0.158505,0.656438
D:/BTL/repo/smart-posture-monitor/data/raw/lean_right/nguoi10_ss1/frame_0039.jpg,ss1,nguoi10,lean_right,-12.611930,-0.216898,-0.000989,0.244069,0.990651,0.158619,1.089857,-0.369956,0.849673,0.085450,-0.099207,0.261131,0.465122,1.020274,1.101340,0.215786,0.131335,0.630001
D:/BTL/repo/smart-posture-monitor/data/raw/lean_right/nguoi10_ss1/frame_0040.jpg,ss1,nguoi10,lean_right,-11.668034,1.543802,0.007125,0.198617,0.930145,0.125729,1.016388,-0.344775,0.773254,0.072888,-0.086243,0.264451,0.414560,0.951114,1.024135,0.185533,0.110450,0.565588
D:/BTL/repo/smart-posture-monitor/data/raw/lean_right/nguoi10_ss1/frame_0041.jpg,ss1,nguoi10,lean_right,-12.212112,2.418849,0.011366,0.202476,0.963485,0.122537,1.051711,-0.366801,0.793397,0.079940,-0.088225,0.269303,0.435557,0.984531,1.058825,0.184006,0.104753,0.594144
D:/BTL/repo/smart-posture-monitor/data/raw/lean_right/nguoi10_ss1/frame_0042.jpg,ss1,nguoi10,lean_right,-0.848110,-1.293414,-0.004432,0.196247,0.192592,0.193797,0.299389,-0.136039,0.382380,0.002450,-0.106797,0.196343,0.245366,0.274963,0.356639,0.362730,0.327393,0.382666
D:/BTL/repo/smart-posture-monitor/data/raw/lean_right/nguoi10_ss1/frame_0043.jpg,ss1,nguoi10,lean_right,-0.149450,0.624660,0.002032,0.236012,0.160342,0.230092,0.264235,-0.124047,0.359854,0.005920,-0.103894,0.186352,0.278286,0.285326,0.350375,0.444408,0.398720,0.411641
D:/BTL/repo/smart-posture-monitor/data/raw/lean_right/nguoi10_ss1/frame_0044.jpg,ss1,nguoi10,lean_right,-0.034867,0.110642,0.000383,0.187728,0.185284,0.183884,0.291745,-0.153018,0.377659,0.003843,-0.106462,0.198194,0.252914,0.263765,0.344860,0.349146,0.313346,0.391300
D:/BTL/repo/smart-posture-monitor/data/raw/lean_right/nguoi10_ss1/frame_0045.jpg,ss1,nguoi10,lean_right,0.846788,2.831411,0.008258,0.320638,0.148607,0.307141,0.246664,-0.064141,0.336879,0.013497,-0.098058,0.167177,0.302865,0.353402,0.393928,0.601059,0.530881,0.428371
D:/BTL/repo/smart-posture-monitor/data/raw/lean_right/nguoi10_ss1/frame_0046.jpg,ss1,nguoi10,lean_right,-0.592096,-4.149991,-0.013961,0.231142,0.132873,0.237445,0.240494,-0.077233,0.365710,-0.006302,-0.107621,0.192914,0.248416,0.266612,0.337961,0.443219,0.419618,0.386405
D:/BTL/repo/smart-posture-monitor/data/raw/lean_right/nguoi10_ss1/frame_0047.jpg,ss1,nguoi10,lean_right,0.214221,-4.960005,-0.016157,0.206915,0.136835,0.215042,0.240735,-0.090748,0.375443,-0.008127,-0.103900,0.186869,0.247545,0.248067,0.322794,0.396581,0.381444,0.381493
D:/BTL/repo/smart-posture-monitor/data/raw/lean_right/nguoi10_ss1/frame_0048.jpg,ss1,nguoi10,lean_right,0.647081,-5.826891,-0.019983,0.181876,0.180396,0.191011,0.285632,-0.107889,0.390777,-0.009135,-0.105236,0.196829,0.222380,0.256167,0.343614,0.339623,0.326933,0.358084
D:/BTL/repo/smart-posture-monitor/data/raw/lean_right/nguoi10_ss1/frame_0049.jpg,ss1,nguoi10,lean_right,0.007742,-3.484330,-0.012152,0.174160,0.179830,0.178436,0.285467,-0.131777,0.379655,-0.004276,-0.105638,0.199941,0.228131,0.250341,0.336647,0.325563,0.306055,0.365415
D:/BTL/repo/smart-posture-monitor/data/raw/lean_right/nguoi10_ss1/frame_0050.jpg,ss1,nguoi10,lean_right,0.437889,-3.841712,-0.013299,0.180392,0.143552,0.187105,0.250366,-0.135011,0.381790,-0.006713,-0.106814,0.198485,0.255618,0.230539,0.312556,0.345004,0.330565,0.395267
D:/BTL/repo/smart-posture-monitor/data/raw/lean_right/nguoi10_ss1/frame_0051.jpg,ss1,nguoi10,lean_right,0.107540,-0.419393,-0.001429,0.166455,0.187799,0.165451,0.292750,-0.153560,0.382620,0.001005,-0.104950,0.195250,0.238666,0.250950,0.336268,0.309630,0.282448,0.374653
D:/BTL/repo/smart-posture-monitor/data/raw/lean_right/nguoi10_ss1/frame_0052.jpg,ss1,nguoi10,lean_right,-0.634669,0.413416,0.001403,0.188009,0.195682,0.183169,0.301446,-0.144186,0.376865,0.004840,-0.105764,0.194494,0.242375,0.271365,0.352733,0.347016,0.309397,0.378393
D:/BTL/repo/smart-posture-monitor/data/raw/lean_right/nguoi10_ss1/frame_0053.jpg,ss1,nguoi10,lean_right,0.043190,-1.569297,-0.003879,0.373659,0.213100,0.359709,0.310504,-0.005445,0.396077,0.013950,-0.097405,0.141625,0.306018,0.430154,0.475188,0.651536,0.573337,0.420952
D:/BTL/repo/smart-posture-monitor/data/raw/lean_right/nguoi10_ss1/frame_0054.jpg,ss1,nguoi10,lean_right,-0.894111,-2.719037,-0.007083,0.380902,0.235706,0.368494,0.337389,-0.003078,0.428954,0.012407,-0.101683,0.149315,0.309768,0.447932,0.499619,0.647804,0.569614,0.429866
D:/BTL/repo/smart-posture-monitor/data/raw/lean_right/nguoi10_ss1/frame_0055.jpg,ss1,nguoi10,lean_right,-0.823108,-4.766217,-0.015322,0.300213,0.228324,0.298605,0.337421,-0.049272,0.436004,0.001608,-0.109097,0.184402,0.271662,0.377173,0.450575,0.528757,0.474008,0.406535
D:/BTL/repo/smart-posture-monitor/data/raw/lean_right/nguoi10_ss1/frame_0056.jpg,ss1,nguoi10,lean_right,0.344271,-4.175849,-0.013574,0.235597,0.214473,0.234775,0.322368,-0.094795,0.406700,0.000822,-0.107895,0.186406,0.248998,0.318598,0.398798,0.425774,0.384930,0.382244
D:/BTL/repo/smart-posture-monitor/data/raw/lean_right/nguoi10_ss1/frame_0057.jpg,ss1,nguoi10,lean_right,0.516750,-5.514380,-0.018074,0.216319,0.235583,0.219949,0.343363,-0.096555,0.435489,-0.003631,-0.107780,0.188085,0.237880,0.319833,0.407770,0.385317,0.354550,0.371285
D:/BTL/repo/smart-posture-monitor/data/raw/lean_right/nguoi10_ss1/frame_0058.jpg,ss1,nguoi10,lean_right,-0.164658,-4.351075,-0.014666,0.183217,0.235513,0.184438,0.342696,-0.126534,0.411923,-0.001221,-0.107183,0.193306,0.223345,0.298387,0.389176,0.327932,0.299584,0.356463
D:/BTL/repo/smart-posture-monitor/data/raw/lean_right/nguoi10_ss1/frame_0059.jpg,ss1,nguoi10,lean_right,-0.208557,-4.567570,-0.015706,0.179852,0.234825,0.182536,0.343650,-0.128707,0.416441,-0.002684,-0.108825,0.197231,0.222622,0.295786,0.389120,0.322228,0.296322,0.358040
D:/BTL/repo/smart-posture-monitor/data/raw/lean_right/nguoi10_ss1/frame_0060.jpg,ss1,nguoi10,lean_right,0.654914,-11.857320,-0.040366,0.512025,0.680333,0.470899,0.825028,-0.082464,0.859901,0.041126,-0.144695,0.196450,0.457470,0.851482,0.949956,0.539006,0.448553,0.621017
D:/BTL/repo/smart-posture-monitor/data/raw/lean_right/nguoi10_ss1/frame_0061.jpg,ss1,nguoi10,lean_right,-5.850418,-5.618916,-0.020463,0.418675,0.834167,0.347385,0.969861,-0.243487,0.909087,0.071290,-0.135694,0.208994,0.492028,0.933340,1.030198,0.402764,0.306107,0.666388
D:/BTL/repo/smart-posture-monitor/data/raw/lean_right/nguoi10_ss1/frame_0062.jpg,ss1,nguoi10,lean_right,-5.250727,-7.322825,-0.026517,0.401281,0.791405,0.337367,0.923803,-0.232971,0.872170,0.063913,-0.132398,0.208046,0.471649,0.887326,0.983478,0.401890,0.308825,0.639373
D:/BTL/repo/smart-posture-monitor/data/raw/lean_right/nguoi10_ss1/frame_0063.jpg,ss1,nguoi10,lean_right,-2.340842,-11.887856,-0.047627,0.452992,0.808992,0.394451,0.947237,-0.207547,0.908391,0.058541,-0.138246,0.231201,0.492876,0.927183,1.026085,0.439708,0.349705,0.667976
D:/BTL/repo/smart-posture-monitor/data/raw/lean_right/nguoi10_ss1/frame_0064.jpg,ss1,nguoi10,lean_right,-10.038818,1.080337,0.005439,0.177509,0.836270,0.124292,0.938975,-0.332589,0.750557,0.053216,-0.102706,0.288498,0.363647,0.854901,0.947166,0.179977,0.116220,0.517249
D:/BTL/repo/smart-posture-monitor/data/raw/lean_right/nguoi10_ss1/frame_0065.jpg,ss1,nguoi10,lean_right,-11.116386,-2.153831,-0.008019,0.432917,0.908174,0.340998,1.036049,-0.267729,0.893394,0.091919,-0.127875,0.213380,0.523093,1.006080,1.090724,0.391318,0.286240,0.700802
D:/BTL/repo/smart-posture-monitor/data/raw/lean_right/nguoi10_ss1/frame_0066.jpg,ss1,nguoi10,lean_right,-0.395344,0.439750,0.001455,0.224170,0.181281,0.218035,0.288031,-0.130490,0.376221,0.006134,-0.106750,0.189592,0.268862,0.288297,0.361250,0.416446,0.370581,0.404704
D:/BTL/repo/smart-posture-monitor/data/raw/lean_right/nguoi10_ss1/frame_0067.jpg,ss1,nguoi10,lean_right,-8.488070,-4.640351,-0.018000,0.522002,0.890138,0.442279,1.031994,-0.189276,0.949116,0.079723,-0.141856,0.222496,0.528716,1.031907,1.122775,0.464889,0.363855,0.713719
D:/BTL/repo/smart-posture-monitor/data/raw/lean_right/nguoi10_ss1/frame_0068.jpg,ss1,nguoi10,lean_right,0.105127,-3.007239,-0.010407,0.186306,0.179545,0.187847,0.290814,-0.139611,0.392799,-0.001542,-0.111269,0.198367,0.248070,0.258740,0.346207,0.347960,0.320169,0.389486
D:/BTL/repo/smart-posture-monitor/data/raw/lean_right/nguoi10_ss1/frame_0069.jpg,ss1,nguoi10,lean_right,-10.392529,-0.287040,-0.001203,0.477917,0.890104,0.390157,1.042442,-0.247403,0.947580,0.087760,-0.152338,0.240060,0.526262,1.010292,1.113062,0.431971,0.322577,0.727593
D:/BTL/repo/smart-posture-monitor/data/raw/lean_right/nguoi10_ss1/frame_0070.jpg,ss1,nguoi10,lean_right,-0.318859,4.430813,0.014602,0.197268,0.188182,0.185732,0.291760,-0.162589,0.363882,0.011536,-0.103579,0.189008,0.266223,0.272630,0.345862,0.365762,0.316397,0.400460
D:/BTL/repo/smart-posture-monitor/data/raw/lean_right/nguoi10_ss1/frame_0071.jpg,ss1,nguoi10,lean_right,-10.691474,-0.609602,-0.002298,0.470404,0.888376,0.380935,1.027654,-0.237774,0.917081,0.089469,-0.139278,0.216012,0.522786,1.005232,1.095986,0.426766,0.319029,0.708759
D:/BTL/repo/smart-posture-monitor/data/raw/lean_right/nguoi10_ss1/frame_0072.jpg,ss1,nguoi10,lean_right,-0.511698,0.308748,0.001041,0.174542,0.256913,0.165611,0.365527,-0.164778,0.417240,0.008931,-0.108615,0.193251,0.239530,0.310595,0.401295,0.307171,0.263969,0.375291
D:/BTL/repo/smart-posture-monitor/data/raw/lean_right/nguoi10_ss1/frame_0073.jpg,ss1,nguoi10,lean_right,-11.863838,-0.119743,-0.000553,0.272211,1.028355,0.177658,1.120888,-0.373398,0.855694,0.094554,-0.092532,0.264681,0.495779,1.063773,1.134879,0.232729,0.143496,0.668298
D:/BTL/repo/smart-posture-monitor/data/raw/lean_right/nguoi10_ss1/frame_0074.jpg,ss1,nguoi10,lean_right,-11.055515,-3.155452,-0.011418,0.396351,1.008668,0.292820,1.123837,-0.303018,0.920432,0.103531,-0.115169,0.207428,0.534855,1.083746,1.161358,0.335412,0.232570,0.704913
D:/BTL/repo/smart-posture-monitor/data/raw/lean_right/nguoi10_ss1/frame_0075.jpg,ss1,nguoi10,lean_right,-0.298442,-1.849833,-0.006199,0.177474,0.223929,0.177258,0.329320,-0.152533,0.423422,0.000216,-0.105391,0.192048,0.250902,0.285729,0.373995,0.320881,0.291980,0.385619
D:/BTL/repo/smart-posture-monitor/data/raw/lean_right/nguoi10_ss1/frame_0076.jpg,ss1,nguoi10,lean_right,-11.626075,-8.102941,-0.030634,0.370866,1.058926,0.279030,1.142514,-0.290001,0.910802,0.091835,-0.083588,0.217337,0.523410,1.121992,1.176094,0.304262,0.219146,0.677263
D:/BTL/repo/smart-posture-monitor/data/raw/lean_right/nguoi10_ss1/frame_0077.jpg,ss1,nguoi10,lean_right,-11.980276,-2.420117,-0.011235,0.260876,1.037397,0.177560,1.112683,-0.347829,0.840296,0.083316,-0.075286,0.266059,0.480962,1.069696,1.126761,0.221916,0.144286,0.639820
D:/BTL/repo/smart-posture-monitor/data/raw/lean_right/nguoi10_ss1/frame_0078.jpg,ss1,nguoi10,lean_right,-0.781503,-0.110290,-0.000354,0.215771,0.227360,0.208725,0.328829,-0.133986,0.402080,0.007046,-0.101469,0.183820,0.261230,0.313448,0.389480,0.387037,0.342010,0.390970
D:/BTL/repo/smart-posture-monitor/data/raw/lean_right/nguoi10_ss1/frame_0079.jpg,ss1,nguoi10,lean_right,-10.710797,-8.397256,-0.035479,0.353869,0.959774,0.277500,1.047994,-0.276304,0.842306,0.076369,-0.088221,0.242950,0.487808,1.022932,1.084112,0.313789,0.233560,0.641028
D:/BTL/repo/smart-posture-monitor/data/raw/lean_right/nguoi1_ss1/frame_0001.jpg,ss1,nguoi1,lean_right,-12.114952,8.149724,0.034264,0.120141,0.690287,0.083406,0.797262,-0.221866,0.658676,0.036735,-0.106975,0.241706,0.221840,0.700664,0.801613,0.140037,0.088379,0.343464
D:/BTL/repo/smart-posture-monitor/data/raw/lean_right/nguoi1_ss1/frame_0002.jpg,ss1,nguoi1,lean_right,-10.633434,4.469241,0.018795,0.121550,0.717800,0.090102,0.825769,-0.229442,0.709840,0.031449,-0.107969,0.241201,0.225994,0.728019,0.830670,0.138050,0.093039,0.351082
D:/BTL/repo/smart-posture-monitor/data/raw/lean_right/nguoi1_ss1/frame_0003.jpg,ss1,nguoi1,lean_right,-12.778470,8.460711,0.034860,0.175211,0.826316,0.108232,0.934372,-0.264080,0.759888,0.066979,-0.108056,0.236934,0.299598,0.844687,0.940619,0.179248,0.101718,0.444285
D:/BTL/repo/smart-posture-monitor/data/raw/lean_right/nguoi1_ss1/frame_0004.jpg,ss1,nguoi1,lean_right,-6.799914,-3.029077,-0.011195,0.294070,0.677657,0.248786,0.787761,-0.153503,0.709605,0.045285,-0.110105,0.211850,0.308114,0.738712,0.826113,0.335663,0.260005,0.448712
D:/BTL/repo/smart-posture-monitor/data/raw/lean_right/nguoi1_ss1/frame_0005.jpg,ss1,nguoi1,lean_right,-10.452016,-2.686813,-0.010400,0.254901,0.681747,0.212878,0.793380,-0.177429,0.707788,0.042023,-0.111633,0.221857,0.293877,0.727842,0.821443,0.292713,0.222869,0.433114
D:/BTL/repo/smart-posture-monitor/data/raw/lean_right/nguoi1_ss1/frame_0006.jpg,ss1,nguoi1,lean_right,-10.518652,-3.968760,-0.014348,0.296190,0.690525,0.249116,0.800070,-0.158032,0.719945,0.047074,-0.109545,0.207306,0.316040,0.751368,0.837956,0.333944,0.257549,0.455174
D:/BTL/repo/smart-posture-monitor/data/raw/lean_right/nguoi1_ss1/frame_0007.jpg,ss1,nguoi1,lean_right,-9.746640,1.812695,0.006916,0.254802,0.671402,0.205856,0.789567,-0.195191,0.710591,0.048947,-0.118166,0.218652,0.301390,0.718126,0.815961,0.295427,0.216501,0.451697
D:/BTL/repo/smart-posture-monitor/data/raw/lean_right/nguoi1_ss1/frame_0008.jpg,ss1,nguoi1,lean_right,2.441773,-5.467801,-0.020623,0.410123,0.673979,0.364607,0.806532,-0.099471,0.773901,0.045516,-0.132553,0.216428,0.358935,0.788954,0.885117,0.452562,0.364570,0.519298
D:/BTL/repo/smart-posture-monitor/data/raw/lean_right/nguoi1_ss1/frame_0009.jpg,ss1,nguoi1,lean_right,-7.226382,2.933077,0.011599,0.259647,0.667782,0.209570,0.789541,-0.199636,0.702879,0.050077,-0.121759,0.226684,0.306858,0.716484,0.816881,0.301713,0.220275,0.460622
D:/BTL/repo/smart-posture-monitor/data/raw/lean_right/nguoi1_ss1/frame_0010.jpg,ss1,nguoi1,lean_right,-10.231424,3.932285,0.016389,0.235711,0.700838,0.181649,0.823032,-0.220082,0.708195,0.054062,-0.122194,0.238983,0.301977,0.739414,0.842840,0.267079,0.186200,0.455852
D:/BTL/repo/smart-posture-monitor/data/raw/lean_right/nguoi1_ss1/frame_0011.jpg,ss1,nguoi1,lean_right,-9.079390,1.837837,0.007621,0.260282,0.714691,0.209698,0.840393,-0.202690,0.735215,0.050584,-0.125701,0.237646,0.310630,0.760612,0.866160,0.289639,0.210848,0.463426
D:/BTL/repo/smart-posture-monitor/data/raw/lean_right/nguoi1_ss1/frame_0012.jpg,ss1,nguoi1,lean_right,-10.073846,2.675280,0.010995,0.250489,0.705450,0.198972,0.828329,-0.209187,0.725506,0.051518,-0.122879,0.235571,0.306371,0.748602,0.851892,0.281722,0.202499,0.460113
D:/BTL/repo/smart-posture-monitor/data/raw/lean_right/nguoi1_ss1/frame_0013.jpg,ss1,nguoi1,lean_right,-9.842999,3.030917,0.012284,0.252435,0.697630,0.200655,0.821739,-0.210408,0.726695,0.051780,-0.124109,0.232321,0.308167,0.741897,0.845882,0.285829,0.205331,0.463755
D:/BTL/repo/smart-posture-monitor/data/raw/lean_right/nguoi1_ss1/frame_0014.jpg,ss1,nguoi1,lean_right,-9.610825,3.723728,0.015055,0.258058,0.685961,0.205569,0.812985,-0.209611,0.725812,0.052489,-0.127024,0.231805,0.309931,0.732895,0.838572,0.294969,0.211804,0.469364
D:/BTL/repo/smart-posture-monitor/data/raw/lean_right/nguoi1_ss1/frame_0015.jpg,ss1,nguoi1,lean_right,-10.660729,4.124184,0.017019,0.260859,0.700522,0.208333,0.826261,-0.208647,0.732875,0.052527,-0.125739,0.236648,0.310777,0.747515,0.852120,0.294018,0.212092,0.470620
D:/BTL/repo/smart-posture-monitor/data/raw/lean_right/nguoi1_ss1/frame_0016.jpg,ss1,nguoi1,lean_right,-11.159287,3.530416,0.014834,0.256620,0.722940,0.202779,0.848721,-0.212175,0.735560,0.053841,-0.125781,0.240900,0.313127,0.767135,0.872609,0.283669,0.202659,0.468964
D:/BTL/repo/smart-posture-monitor/data/raw/lean_right/nguoi1_ss1/frame_0017.jpg,ss1,nguoi1,lean_right,-11.112380,3.313501,0.013992,0.258581,0.688836,0.209102,0.825144,-0.206205,0.750454,0.049479,-0.136309,0.242079,0.302150,0.735771,0.851227,0.294749,0.213055,0.468852
D:/BTL/repo/smart-posture-monitor/data/raw/lean_right/nguoi1_ss1/frame_0018.jpg,ss1,nguoi1,lean_right,-11.036838,2.758815,0.011690,0.273300,0.705118,0.222313,0.838270,-0.207078,0.749042,0.050987,-0.133151,0.242883,0.319174,0.756231,0.867248,0.305846,0.223474,0.482382
D:/BTL/repo/smart-posture-monitor/data/raw/lean_right/nguoi1_ss1/frame_0019.jpg,ss1,nguoi1,lean_right,-11.266497,2.198797,0.009054,0.266317,0.721040,0.213226,0.849905,-0.208332,0.749079,0.053091,-0.128865,0.235981,0.318558,0.768650,0.876244,0.294245,0.212535,0.475476
D:/BTL/repo/smart-posture-monitor/data/raw/lean_right/nguoi1_ss1/frame_0020.jpg,ss1,nguoi1,lean_right,-11.399117,2.947764,0.012200,0.275454,0.718127,0.222679,0.851267,-0.201040,0.761252,0.052775,-0.133141,0.237232,0.316584,0.769143,0.879910,0.304484,0.221355,0.478441
D:/BTL/repo/smart-posture-monitor/data/raw/lean_right/nguoi1_ss1/frame_0021.jpg,ss1,nguoi1,lean_right,-10.739736,1.007275,0.004209,0.297580,0.764456,0.242237,0.880479,-0.181588,0.761369,0.055343,-0.116022,0.239455,0.325847,0.820334,0.913193,0.313973,0.234156,0.479178
D:/BTL/repo/smart-posture-monitor/data/raw/lean_right/nguoi1_ss1/frame_0022.jpg,ss1,nguoi1,lean_right,-10.467211,3.452656,0.014104,0.275878,0.753702,0.219841,0.870786,-0.190300,0.755435,0.056037,-0.117084,0.234196,0.312614,0.802605,0.898108,0.295371,0.215052,0.466181
D:/BTL/repo/smart-posture-monitor/data/raw/lean_right/nguoi1_ss1/frame_0023.jpg,ss1,nguoi1,lean_right,-10.402501,4.876028,0.019927,0.253216,0.760877,0.194349,0.878148,-0.209506,0.749269,0.058867,-0.117272,0.234431,0.310720,0.801905,0.899398,0.270742,0.189673,0.462868
D:/BTL/repo/smart-posture-monitor/data/raw/lean_right/nguoi1_ss1/frame_0024.jpg,ss1,nguoi1,lean_right,-11.402260,5.358708,0.021947,0.271940,0.737060,0.209330,0.863087,-0.225529,0.750943,0.062610,-0.126027,0.235001,0.333583,0.785626,0.888109,0.295772,0.206451,0.497662
D:/BTL/repo/smart-posture-monitor/data/raw/lean_right/nguoi1_ss1/frame_0025.jpg,ss1,nguoi1,lean_right,-10.628004,5.856112,0.023696,0.258180,0.731141,0.199232,0.855835,-0.218423,0.748815,0.058949,-0.124694,0.232246,0.316772,0.775386,0.878718,0.283189,0.198013,0.476931
D:/BTL/repo/smart-posture-monitor/data/raw/lean_right/nguoi1_ss1/frame_0026.jpg,ss1,nguoi1,lean_right,-10.318838,5.023329,0.020715,0.251251,0.725120,0.193963,0.851084,-0.217163,0.743621,0.057288,-0.125964,0.236581,0.308947,0.767415,0.872906,0.277516,0.193713,0.468780
D:/BTL/repo/smart-posture-monitor/data/raw/lean_right/nguoi1_ss1/frame_0027.jpg,ss1,nguoi1,lean_right,-10.612936,4.702595,0.019065,0.250543,0.734441,0.189215,0.858155,-0.225047,0.736863,0.061328,-0.123714,0.232551,0.318622,0.776000,0.878768,0.274454,0.187960,0.475597
D:/BTL/repo/smart-posture-monitor/data/raw/lean_right/nguoi1_ss1/frame_0028.jpg,ss1,nguoi1,lean_right,-10.666574,4.613321,0.018294,0.242684,0.732605,0.181606,0.854884,-0.229051,0.735841,0.061078,-0.122280,0.227449,0.316962,0.771755,0.873961,0.266731,0.181099,0.471746
D:/BTL/repo/smart-posture-monitor/data/raw/lean_right/nguoi1_ss1/frame_0029.jpg,ss1,nguoi1,lean_right,-10.496122,6.286384,0.025438,0.252344,0.723759,0.189295,0.850076,-0.231284,0.734311,0.063049,-0.126317,0.232311,0.322052,0.766488,0.870897,0.279000,0.189342,0.483743
D:/BTL/repo/smart-posture-monitor/data/raw/lean_right/nguoi1_ss1/frame_0030.jpg,ss1,nguoi1,lean_right,-9.989038,7.184628,0.030281,0.232753,0.706787,0.175969,0.837798,-0.226553,0.736297,0.056783,-0.131012,0.242117,0.295324,0.744124,0.856079,0.262449,0.178217,0.460253
D:/BTL/repo/smart-posture-monitor/data/raw/lean_right/nguoi1_ss1/frame_0031.jpg,ss1,nguoi1,lean_right,-10.875931,5.341646,0.021162,0.258956,0.730631,0.194560,0.855161,-0.232783,0.737587,0.064396,-0.124530,0.227318,0.331897,0.775164,0.877014,0.284122,0.193616,0.491789
D:/BTL/repo/smart-posture-monitor/data/raw/lean_right/nguoi1_ss1/frame_0032.jpg,ss1,nguoi1,lean_right,-10.828569,5.309942,0.020951,0.247004,0.724880,0.185795,0.849447,-0.228261,0.736768,0.061209,-0.124567,0.226391,0.318207,0.765808,0.869529,0.273135,0.186035,0.475414
D:/BTL/repo/smart-posture-monitor/data/raw/lean_right/nguoi1_ss1/frame_0033.jpg,ss1,nguoi1,lean_right,-10.483876,4.681588,0.018566,0.255668,0.736537,0.195127,0.864698,-0.224203,0.752548,0.060541,-0.128161,0.227479,0.322799,0.779649,0.886441,0.279229,0.192592,0.480138
D:/BTL/repo/smart-posture-monitor/data/raw/lean_right/nguoi1_ss1/frame_0034.jpg,ss1,nguoi1,lean_right,-10.973292,3.472689,0.015578,0.103807,0.737682,0.080684,0.841517,-0.236181,0.698864,0.023123,-0.103835,0.257183,0.231785,0.744950,0.845376,0.115944,0.082221,0.342197
D:/BTL/repo/smart-posture-monitor/data/raw/lean_right/nguoi1_ss1/frame_0035.jpg,ss1,nguoi1,lean_right,-10.218734,4.786885,0.020758,0.122319,0.709861,0.089200,0.823200,-0.248557,0.707812,0.033118,-0.113339,0.248744,0.238214,0.720323,0.828019,0.139944,0.092324,0.370882
D:/BTL/repo/smart-posture-monitor/data/raw/lean_right/nguoi1_ss1/frame_0036.jpg,ss1,nguoi1,lean_right,-7.255459,2.807199,0.011113,0.305093,0.691980,0.250274,0.824642,-0.186855,0.754639,0.054819,-0.132662,0.226907,0.330164,0.756252,0.861784,0.342702,0.253250,0.495923
D:/BTL/repo/smart-posture-monitor/data/raw/lean_right/nguoi1_ss1/frame_0037.jpg,ss1,nguoi1,lean_right,-7.297137,2.127197,0.008544,0.301540,0.680198,0.248624,0.816655,-0.191659,0.755256,0.052916,-0.136457,0.230196,0.330243,0.744040,0.853662,0.342696,0.253396,0.498878
D:/BTL/repo/smart-posture-monitor/data/raw/lean_right/nguoi1_ss1/frame_0038.jpg,ss1,nguoi1,lean_right,-7.859010,2.935425,0.011754,0.293178,0.678736,0.239118,0.815096,-0.193051,0.748592,0.054061,-0.136360,0.229528,0.323291,0.739348,0.849446,0.334394,0.244480,0.491222
D:/BTL/repo/smart-posture-monitor/data/raw/lean_right/nguoi1_ss1/frame_0039.jpg,ss1,nguoi1,lean_right,-10.561125,4.085841,0.016466,0.255785,0.738826,0.193181,0.861101,-0.240633,0.742765,0.062604,-0.122275,0.231096,0.337051,0.781851,0.882504,0.278776,0.191309,0.496434
D:/BTL/repo/smart-posture-monitor/data/raw/lean_right/nguoi1_ss1/frame_0040.jpg,ss1,nguoi1,lean_right,-11.082004,3.120379,0.012732,0.245166,0.742799,0.184434,0.865404,-0.241879,0.744674,0.060732,-0.122605,0.233892,0.329991,0.782213,0.884839,0.266855,0.182203,0.487049
D:/BTL/repo/smart-posture-monitor/data/raw/lean_right/nguoi1_ss1/frame_0041.jpg,ss1,nguoi1,lean_right,-11.348283,5.105227,0.021221,0.240480,0.723969,0.180153,0.855791,-0.250766,0.754850,0.060326,-0.131822,0.238482,0.324958,0.762864,0.874547,0.266509,0.179546,0.492215
D:/BTL/repo/smart-posture-monitor/data/raw/lean_right/nguoi1_ss1/frame_0042.jpg,ss1,nguoi1,lean_right,-11.538235,4.086200,0.017073,0.251871,0.707090,0.193139,0.842147,-0.250845,0.754320,0.058733,-0.135057,0.239603,0.334034,0.750610,0.864010,0.282765,0.194400,0.504931
D:/BTL/repo/smart-posture-monitor/data/raw/lean_right/nguoi1_ss1/frame_0043.jpg,ss1,nguoi1,lean_right,-11.478964,3.853312,0.015828,0.268053,0.715138,0.210112,0.847496,-0.238226,0.763394,0.057942,-0.132358,0.235534,0.339496,0.763724,0.873153,0.297630,0.209968,0.508574
D:/BTL/repo/smart-posture-monitor/data/raw/lean_right/nguoi1_ss1/frame_0044.jpg,ss1,nguoi1,lean_right,-11.574480,4.020786,0.016685,0.290964,0.734854,0.226676,0.869341,-0.226922,0.769422,0.064287,-0.134487,0.237956,0.347207,0.790361,0.898407,0.315638,0.221759,0.519038
D:/BTL/repo/smart-posture-monitor/data/raw/lean_right/nguoi1_ss1/frame_0045.jpg,ss1,nguoi1,lean_right,-11.439836,3.537020,0.014057,0.316873,0.724174,0.249952,0.862498,-0.215309,0.774426,0.066920,-0.138324,0.227858,0.360770,0.790466,0.897986,0.344685,0.244936,0.534549
D:/BTL/repo/smart-posture-monitor/data/raw/lean_right/nguoi1_ss1/frame_0046.jpg,ss1,nguoi1,lean_right,-11.392476,1.533657,0.006159,0.359066,0.738213,0.297484,0.879565,-0.188616,0.807770,0.061582,-0.141352,0.230106,0.377397,0.820906,0.928510,0.381130,0.284694,0.552082
D:/BTL/repo/smart-posture-monitor/data/raw/lean_right/nguoi1_ss1/frame_0047.jpg,ss1,nguoi1,lean_right,-11.300684,3.358012,0.014488,0.345218,0.728091,0.285952,0.876479,-0.198255,0.811486,0.059265,-0.148388,0.247341,0.365343,0.805787,0.921946,0.371214,0.275021,0.549834
D:/BTL/repo/smart-posture-monitor/data/raw/lean_right/nguoi1_ss1/frame_0048.jpg,ss1,nguoi1,lean_right,-10.575502,1.363718,0.005572,0.368611,0.749648,0.304993,0.891827,-0.185380,0.812635,0.063618,-0.142178,0.234144,0.381072,0.835372,0.942537,0.386295,0.288505,0.557560
D:/BTL/repo/smart-posture-monitor/data/raw/lean_right/nguoi1_ss1/frame_0049.jpg,ss1,nguoi1,lean_right,-10.758585,1.579831,0.006730,0.347197,0.746167,0.286896,0.891318,-0.191321,0.814186,0.060301,-0.145152,0.244113,0.363765,0.822989,0.936353,0.367289,0.272532,0.542797
D:/BTL/repo/smart-posture-monitor/data/raw/lean_right/nguoi1_ss1/frame_0050.jpg,ss1,nguoi1,lean_right,-10.119374,3.178143,0.013297,0.344761,0.749879,0.289068,0.885437,-0.175198,0.809564,0.055693,-0.135558,0.239845,0.351413,0.825336,0.931429,0.363796,0.275798,0.523373
D:/BTL/repo/smart-posture-monitor/data/raw/lean_right/nguoi1_ss1/frame_0051.jpg,ss1,nguoi1,lean_right,-12.560957,1.517987,0.006529,0.343780,0.787938,0.288293,0.919023,-0.181014,0.827815,0.055487,-0.131085,0.246480,0.357108,0.859669,0.963180,0.351200,0.267697,0.526307
D:/BTL/repo/smart-posture-monitor/data/raw/lean_right/nguoi1_ss1/frame_0052.jpg,ss1,nguoi1,lean_right,-12.106890,2.288030,0.009666,0.346369,0.789286,0.287601,0.920098,-0.182167,0.823752,0.058768,-0.130812,0.242105,0.360617,0.861942,0.964000,0.353188,0.266860,0.529659
D:/BTL/repo/smart-posture-monitor/data/raw/lean_right/nguoi1_ss1/frame_0053.jpg,ss1,nguoi1,lean_right,-13.714811,2.026537,0.008755,0.349330,0.810647,0.290248,0.939496,-0.186475,0.835402,0.059082,-0.128849,0.247573,0.366828,0.882712,0.983309,0.349569,0.265032,0.536377
D:/BTL/repo/smart-posture-monitor/data/raw/lean_right/nguoi1_ss1/frame_0054.jpg,ss1,nguoi1,lean_right,-14.937924,4.856577,0.020248,0.302895,0.817474,0.237151,0.940988,-0.222741,0.815123,0.065743,-0.123514,0.239168,0.359858,0.871785,0.970412,0.304919,0.218336,0.525640
D:/BTL/repo/smart-posture-monitor/data/raw/lean_right/nguoi1_ss1/frame_0055.jpg,ss1,nguoi1,lean_right,-13.527822,3.418075,0.014559,0.316064,0.810332,0.253412,0.934054,-0.205858,0.809664,0.062652,-0.123722,0.244187,0.357141,0.869790,0.967820,0.319097,0.233981,0.521922
D:/BTL/repo/smart-posture-monitor/data/raw/lean_right/nguoi1_ss1/frame_0056.jpg,ss1,nguoi1,lean_right,-14.419851,3.939093,0.017114,0.290979,0.802893,0.229124,0.929683,-0.229295,0.809100,0.061855,-0.126790,0.249134,0.352425,0.853994,0.957501,0.297414,0.213154,0.520311
D:/BTL/repo/smart-posture-monitor/data/raw/lean_right/nguoi1_ss1/frame_0057.jpg,ss1,nguoi1,lean_right,-14.287731,4.249690,0.018206,0.293474,0.804742,0.229053,0.931372,-0.230508,0.807308,0.064421,-0.126629,0.245680,0.356124,0.856585,0.959124,0.299317,0.212799,0.523988
D:/BTL/repo/smart-posture-monitor/data/raw/lean_right/nguoi1_ss1/frame_0058.jpg,ss1,nguoi1,lean_right,-14.353989,5.163416,0.022175,0.299689,0.807788,0.233571,0.935860,-0.232352,0.812846,0.066118,-0.128072,0.246395,0.361013,0.861588,0.964566,0.304419,0.216054,0.532065
D:/BTL/repo/smart-posture-monitor/data/raw/lean_right/nguoi1_ss1/frame_0059.jpg,ss1,nguoi1,lean_right,-13.542970,3.955103,0.017288,0.310315,0.816884,0.247347,0.942890,-0.219262,0.818452,0.062968,-0.126006,0.250638,0.360681,0.873839,0.974793,0.311995,0.226996,0.529579
D:/BTL/repo/smart-posture-monitor/data/raw/lean_right/nguoi1_ss1/frame_0060.jpg,ss1,nguoi1,lean_right,-14.728147,3.786998,0.016467,0.282467,0.799548,0.220874,0.927607,-0.238269,0.809556,0.061593,-0.128059,0.249316,0.352310,0.847977,0.953541,0.290107,0.206089,0.520832
D:/BTL/repo/smart-posture-monitor/data/raw/lean_right/nguoi1_ss1/frame_0061.jpg,ss1,nguoi1,lean_right,-14.508684,4.359620,0.018728,0.285506,0.800268,0.222715,0.927757,-0.232772,0.808074,0.062791,-0.127489,0.246365,0.350477,0.849672,0.954115,0.292846,0.207724,0.518337
D:/BTL/repo/smart-posture-monitor/data/raw/lean_right/nguoi1_ss1/frame_0062.jpg,ss1,nguoi1,lean_right,-16.538757,7.026999,0.030665,0.259867,0.847475,0.188619,0.966310,-0.266604,0.806173,0.071249,-0.118835,0.250660,0.361136,0.886423,0.984547,0.257410,0.171330,0.528089
D:/BTL/repo/smart-posture-monitor/data/raw/lean_right/nguoi1_ss1/frame_0063.jpg,ss1,nguoi1,lean_right,-15.733528,11.511760,0.055380,0.052914,0.798165,0.015267,0.905488,-0.292791,0.711024,0.037647,-0.107323,0.277499,0.239649,0.799917,0.905616,0.056118,0.014759,0.356519
D:/BTL/repo/smart-posture-monitor/data/raw/lean_right/nguoi1_ss1/frame_0064.jpg,ss1,nguoi1,lean_right,-2.897828,6.759540,0.029743,0.073540,0.631911,0.057297,0.758229,-0.227578,0.654551,0.016243,-0.126318,0.252697,0.182474,0.636176,0.760390,0.091030,0.062998,0.301968
D:/BTL/repo/smart-posture-monitor/data/raw/lean_right/nguoi1_ss1/frame_0065.jpg,ss1,nguoi1,lean_right,2.023357,1.548934,0.006723,0.051595,0.436243,0.049442,0.572587,-0.234081,0.555457,0.002153,-0.136344,0.248724,0.159800,0.439284,0.574718,0.077654,0.064963,0.309552
D:/BTL/repo/smart-posture-monitor/data/raw/lean_right/nguoi1_ss1_2/frame_0001.jpg,ss1_2,nguoi1,lean_right,1.102359,0.714663,0.002535,0.107012,0.626837,0.081636,0.726158,-0.210520,0.625981,0.025376,-0.099320,0.203257,0.214678,0.635906,0.730732,0.132735,0.092326,0.317533
D:/BTL/repo/smart-posture-monitor/data/raw/lean_right/nguoi1_ss1_2/frame_0002.jpg,ss1_2,nguoi1,lean_right,0.929929,3.732315,0.013139,0.114391,0.665790,0.080832,0.763007,-0.213146,0.637576,0.033558,-0.097217,0.201836,0.226898,0.675545,0.767277,0.136557,0.088366,0.328750
D:/BTL/repo/smart-posture-monitor/data/raw/lean_right/nguoi1_ss1_2/frame_0003.jpg,ss1_2,nguoi1,lean_right,-6.089016,4.177014,0.014728,0.274463,0.839010,0.197322,0.934760,-0.204816,0.740370,0.077141,-0.095751,0.202203,0.354632,0.882761,0.955360,0.273015,0.183662,0.489325
D:/BTL/repo/smart-posture-monitor/data/raw/lean_right/nguoi1_ss1_2/frame_0004.jpg,ss1_2,nguoi1,lean_right,-6.552642,0.906129,0.002867,0.314957,0.819817,0.237648,0.911721,-0.168595,0.738996,0.077309,-0.091903,0.181304,0.359090,0.878236,0.942184,0.315524,0.224041,0.490260
D:/BTL/repo/smart-posture-monitor/data/raw/lean_right/nguoi1_ss1_2/frame_0005.jpg,ss1_2,nguoi1,lean_right,-6.560280,-1.328204,-0.004087,0.297015,0.810194,0.221095,0.901475,-0.180638,0.731156,0.075920,-0.091281,0.176320,0.357843,0.862921,0.928192,0.301272,0.210764,0.484148
D:/BTL/repo/smart-posture-monitor/data/raw/lean_right/nguoi1_ss1_2/frame_0006.jpg,ss1_2,nguoi1,lean_right,-7.169939,2.421731,0.007464,0.273663,0.794880,0.204325,0.890049,-0.180897,0.737282,0.069338,-0.095169,0.176642,0.332278,0.840670,0.913201,0.282753,0.197141,0.458195
D:/BTL/repo/smart-posture-monitor/data/raw/lean_right/nguoi1_ss1_2/frame_0007.jpg,ss1_2,nguoi1,lean_right,-6.695380,2.364327,0.007903,0.230091,0.759546,0.167868,0.854428,-0.205136,0.708310,0.062224,-0.094883,0.191562,0.311623,0.793632,0.870763,0.247461,0.167768,0.438233
D:/BTL/repo/smart-posture-monitor/data/raw/lean_right/nguoi1_ss1_2/frame_0008.jpg,ss1_2,nguoi1,lean_right,-5.838034,0.097721,0.000303,0.282690,0.786000,0.215591,0.873547,-0.172703,0.721691,0.067099,-0.087547,0.177590,0.335729,0.835290,0.899758,0.293746,0.210548,0.459911
D:/BTL/repo/smart-posture-monitor/data/raw/lean_right/nguoi1_ss1_2/frame_0009.jpg,ss1_2,nguoi1,lean_right,-10.470080,0.425139,0.001269,0.304583,0.759917,0.234098,0.835531,-0.152641,0.666257,0.070485,-0.075614,0.171057,0.345207,0.818685,0.867706,0.322078,0.235388,0.466717
D:/BTL/repo/smart-posture-monitor/data/raw/lean_right/nguoi1_ss1_2/frame_0010.jpg,ss1_2,nguoi1,lean_right,-10.043208,7.724025,0.020573,0.304931,0.875471,0.209314,0.948639,-0.186956,0.714014,0.095617,-0.073169,0.153069,0.391157,0.927056,0.971457,0.292330,0.192325,0.517708
D:/BTL/repo/smart-posture-monitor/data/raw/lean_right/nguoi1_ss1_2/frame_0011.jpg,ss1_2,nguoi1,lean_right,-9.616673,5.276137,0.015767,0.319391,0.901034,0.227708,0.976690,-0.192477,0.744070,0.091683,-0.075655,0.171461,0.403249,0.955967,1.002883,0.298936,0.204047,0.535395
D:/BTL/repo/smart-posture-monitor/data/raw/lean_right/nguoi1_ss1_2/frame_0012.jpg,ss1_2,nguoi1,lean_right,-8.643203,7.310694,0.025044,0.205425,0.793550,0.134927,0.887627,-0.225732,0.703964,0.070498,-0.094077,0.196806,0.313827,0.819708,0.897823,0.215305,0.131565,0.440366
D:/BTL/repo/smart-posture-monitor/data/raw/lean_right/nguoi1_ss1_2/frame_0013.jpg,ss1_2,nguoi1,lean_right,-8.338371,5.228860,0.019275,0.193464,0.768958,0.130281,0.861617,-0.229313,0.684227,0.063183,-0.092659,0.211507,0.304630,0.792921,0.871411,0.207660,0.129948,0.431184
D:/BTL/repo/smart-posture-monitor/data/raw/lean_right/nguoi1_ss1_2/frame_0014.jpg,ss1_2,nguoi1,lean_right,-7.640533,3.325596,0.011980,0.208191,0.762067,0.147391,0.854485,-0.216192,0.688475,0.060799,-0.092418,0.206509,0.305725,0.789994,0.867104,0.224301,0.147656,0.430716
D:/BTL/repo/smart-posture-monitor/data/raw/lean_right/nguoi1_ss1_2/frame_0015.jpg,ss1_2,nguoi1,lean_right,-8.129715,2.980964,0.010637,0.208392,0.760951,0.146973,0.858358,-0.204392,0.690309,0.061419,-0.097407,0.204536,0.297657,0.788970,0.870850,0.224735,0.146754,0.418785
D:/BTL/repo/smart-posture-monitor/data/raw/lean_right/nguoi1_ss1_2/frame_0016.jpg,ss1_2,nguoi1,lean_right,-3.347689,1.383254,0.004917,0.160978,0.720159,0.116314,0.804735,-0.207424,0.651144,0.044665,-0.084576,0.203699,0.268493,0.737931,0.813097,0.181540,0.122105,0.374811
D:/BTL/repo/smart-posture-monitor/data/raw/lean_right/nguoi1_ss1_2/frame_0017.jpg,ss1_2,nguoi1,lean_right,-2.371363,6.435573,0.023632,0.100253,0.684432,0.060397,0.772916,-0.225956,0.611732,0.039856,-0.088484,0.210836,0.235137,0.691735,0.775272,0.117739,0.065511,0.334212
D:/BTL/repo/smart-posture-monitor/data/raw/lean_right/nguoi1_ss1_2/frame_0018.jpg,ss1_2,nguoi1,lean_right,-7.260124,7.296421,0.027210,0.104019,0.712350,0.059295,0.810372,-0.245095,0.658623,0.044724,-0.098022,0.214249,0.241537,0.719904,0.812538,0.118948,0.062184,0.353223
D:/BTL/repo/smart-posture-monitor/data/raw/lean_right/nguoi1_ss1_2/frame_0019.jpg,ss1_2,nguoi1,lean_right,-6.605747,5.718616,0.021043,0.139876,0.699332,0.093255,0.797365,-0.226438,0.660998,0.046621,-0.098033,0.211185,0.248800,0.713183,0.802800,0.161286,0.098736,0.368314
D:/BTL/repo/smart-posture-monitor/data/raw/lean_right/nguoi1_ss1_2/frame_0020.jpg,ss1_2,nguoi1,lean_right,0.229037,-0.165222,-0.000669,0.222782,0.678288,0.186301,0.790972,-0.174872,0.680167,0.036481,-0.112684,0.231954,0.269208,0.713937,0.812616,0.258454,0.196301,0.397658
D:/BTL/repo/smart-posture-monitor/data/raw/lean_right/nguoi1_ss1_2/frame_0021.jpg,ss1_2,nguoi1,lean_right,0.883011,0.043747,0.000176,0.187604,0.695305,0.152474,0.796162,-0.182981,0.656801,0.035130,-0.100857,0.231134,0.260284,0.720170,0.810631,0.215620,0.160662,0.372580
D:/BTL/repo/smart-posture-monitor/data/raw/lean_right/nguoi1_ss1_2/frame_0022.jpg,ss1_2,nguoi1,lean_right,-2.309872,2.743049,0.011538,0.212583,0.801796,0.160404,0.907352,-0.213931,0.735078,0.052179,-0.105556,0.241102,0.303645,0.829499,0.921421,0.220930,0.153419,0.431701
D:/BTL/repo/smart-posture-monitor/data/raw/lean_right/nguoi1_ss1_2/frame_0023.jpg,ss1_2,nguoi1,lean_right,-5.441343,5.704034,0.022029,0.220802,0.830983,0.153622,0.930672,-0.223953,0.739328,0.067180,-0.099689,0.221647,0.322441,0.859818,0.943266,0.223407,0.144225,0.454101
D:/BTL/repo/smart-posture-monitor/data/raw/lean_right/nguoi1_ss1_2/frame_0024.jpg,ss1_2,nguoi1,lean_right,-9.631925,-1.080926,-0.003690,0.316251,0.809490,0.244673,0.912443,-0.168161,0.755479,0.071577,-0.102953,0.195583,0.352822,0.869074,0.944678,0.319499,0.230255,0.487414
D:/BTL/repo/smart-posture-monitor/data/raw/lean_right/nguoi1_ss1_2/frame_0025.jpg,ss1_2,nguoi1,lean_right,-12.042360,-2.025992,-0.007651,0.318031,0.870804,0.239838,0.964323,-0.206761,0.770645,0.078193,-0.093518,0.216413,0.391871,0.927062,0.993700,0.305156,0.216633,0.534265
D:/BTL/repo/smart-posture-monitor/data/raw/lean_right/nguoi1_ss1_2/frame_0026.jpg,ss1_2,nguoi1,lean_right,-14.577503,3.057963,0.011634,0.247921,0.870394,0.170061,0.968917,-0.243843,0.767300,0.077860,-0.098522,0.218076,0.362457,0.905014,0.983728,0.241431,0.154489,0.502454
D:/BTL/repo/smart-posture-monitor/data/raw/lean_right/nguoi1_ss1_2/frame_0027.jpg,ss1_2,nguoi1,lean_right,-14.218748,6.297615,0.024912,0.207911,0.831649,0.135336,0.939112,-0.253752,0.752215,0.072576,-0.107464,0.227110,0.326689,0.857244,0.948814,0.210693,0.126407,0.468447
D:/BTL/repo/smart-posture-monitor/data/raw/lean_right/nguoi1_ss1_2/frame_0028.jpg,ss1_2,nguoi1,lean_right,-12.389324,7.648150,0.031435,0.184885,0.850490,0.107945,0.955505,-0.283915,0.744258,0.076940,-0.105015,0.236195,0.337275,0.870354,0.961583,0.184981,0.099703,0.480686
D:/BTL/repo/smart-posture-monitor/data/raw/lean_right/nguoi1_ss1_2/frame_0029.jpg,ss1_2,nguoi1,lean_right,-14.006596,9.246018,0.036523,0.108156,0.866655,0.031394,0.956343,-0.337573,0.718981,0.076761,-0.089688,0.227314,0.337557,0.873378,0.956858,0.107625,0.029082,0.469555
D:/BTL/repo/smart-posture-monitor/data/raw/lean_right/nguoi1_ss1_2/frame_0030.jpg,ss1_2,nguoi1,lean_right,-13.305854,6.849877,0.027393,0.173456,0.894911,0.094610,0.979641,-0.294826,0.741099,0.078847,-0.084730,0.229673,0.355543,0.911566,0.984199,0.167378,0.085768,0.492896
D:/BTL/repo/smart-posture-monitor/data/raw/lean_right/nguoi1_ss1_2/frame_0031.jpg,ss1_2,nguoi1,lean_right,-12.848973,5.820621,0.022451,0.184736,0.868342,0.110131,0.960504,-0.289959,0.753586,0.074604,-0.092162,0.221382,0.349826,0.887775,0.966797,0.182038,0.101293,0.488369
D:/BTL/repo/smart-posture-monitor/data/raw/lean_right/nguoi1_ss1_2/frame_0032.jpg,ss1_2,nguoi1,lean_right,-13.744997,7.776379,0.030880,0.150908,0.843757,0.080042,0.942277,-0.298273,0.737872,0.070866,-0.098520,0.228222,0.325679,0.857146,0.945671,0.152527,0.074871,0.461493
D:/BTL/repo/smart-posture-monitor/data/raw/lean_right/nguoi1_ss1_2/frame_0033.jpg,ss1_2,nguoi1,lean_right,-12.577309,6.979011,0.027222,0.135197,0.834138,0.069745,0.928418,-0.295467,0.729261,0.065452,-0.094279,0.224042,0.314570,0.845024,0.931034,0.138035,0.066029,0.443250
D:/BTL/repo/smart-posture-monitor/data/raw/lean_right/nguoi1_ss1_2/frame_0034.jpg,ss1_2,nguoi1,lean_right,-8.135450,3.533908,0.014047,0.174958,0.820417,0.111386,0.924383,-0.259404,0.735426,0.063572,-0.103966,0.227884,0.314933,0.838865,0.931070,0.179920,0.105528,0.442599
D:/BTL/repo/smart-posture-monitor/data/raw/lean_right/nguoi1_ss1_2/frame_0035.jpg,ss1_2,nguoi1,lean_right,-8.355850,-3.062529,-0.011309,0.239182,0.773412,0.184888,0.870014,-0.210299,0.719098,0.054294,-0.096602,0.211672,0.329129,0.809552,0.889443,0.253633,0.181925,0.452750
D:/BTL/repo/smart-posture-monitor/data/raw/lean_right/nguoi1_ss1_2/frame_0036.jpg,ss1_2,nguoi1,lean_right,-12.347095,1.382758,0.003817,0.200043,0.802919,0.134736,0.877726,-0.214674,0.705535,0.065307,-0.074807,0.158163,0.319509,0.827463,0.888007,0.208122,0.132492,0.425997
D:/BTL/repo/smart-posture-monitor/data/raw/lean_right/nguoi1_ss1_2/frame_0037.jpg,ss1_2,nguoi1,lean_right,-18.506117,2.727494,0.009133,0.218005,0.931413,0.134667,1.000656,-0.263983,0.750589,0.083338,-0.069243,0.191937,0.389810,0.956586,1.009677,0.202870,0.119692,0.514791
D:/BTL/repo/smart-posture-monitor/data/raw/lean_right/nguoi1_ss1_2/frame_0038.jpg,ss1_2,nguoi1,lean_right,-19.014208,2.100549,0.007264,0.245162,0.916295,0.159357,0.995716,-0.264738,0.764156,0.085806,-0.079421,0.198172,0.397020,0.948526,1.008387,0.229971,0.141864,0.532113
D:/BTL/repo/smart-posture-monitor/data/raw/lean_right/nguoi1_ss1_2/frame_0039.jpg,ss1_2,nguoi1,lean_right,-18.405752,2.525380,0.008653,0.275436,0.884896,0.193835,0.978884,-0.237498,0.775151,0.081602,-0.093988,0.196381,0.388343,0.926772,0.997891,0.263635,0.174195,0.524544
D:/BTL/repo/smart-posture-monitor/data/raw/lean_right/nguoi1_ss1_2/frame_0040.jpg,ss1_2,nguoi1,lean_right,-15.316196,-0.756467,-0.002386,0.275030,0.879505,0.195010,0.964490,-0.220951,0.767413,0.080020,-0.084984,0.180729,0.381220,0.921505,0.984007,0.264441,0.177252,0.508490
D:/BTL/repo/smart-posture-monitor/data/raw/lean_right/nguoi1_ss1_2/frame_0041.jpg,ss1_2,nguoi1,lean_right,-17.292034,3.996180,0.013351,0.232845,0.896897,0.145227,0.976072,-0.262453,0.747534,0.087618,-0.079175,0.191571,0.382944,0.926629,0.986817,0.222385,0.131510,0.517328
D:/BTL/repo/smart-posture-monitor/data/raw/lean_right/nguoi1_ss1_2/frame_0042.jpg,ss1_2,nguoi1,lean_right,-16.174192,3.899088,0.014473,0.216987,0.828928,0.144252,0.915070,-0.252012,0.716528,0.072735,-0.086142,0.212847,0.347488,0.856857,0.926370,0.220079,0.137324,0.482279
D:/BTL/repo/smart-posture-monitor/data/raw/lean_right/nguoi1_ss1_2/frame_0043.jpg,ss1_2,nguoi1,lean_right,-17.631231,3.174058,0.011730,0.203814,0.859947,0.127084,0.950021,-0.270733,0.739747,0.076730,-0.090074,0.211859,0.356478,0.883769,0.958483,0.201719,0.117730,0.489534
D:/BTL/repo/smart-posture-monitor/data/raw/lean_right/nguoi1_ss1_2/frame_0044.jpg,ss1_2,nguoi1,lean_right,-15.494416,0.458223,0.001697,0.246404,0.877562,0.174134,0.963841,-0.238526,0.765757,0.072270,-0.086279,0.212254,0.364509,0.911499,0.979445,0.238587,0.158763,0.497652
D:/BTL/repo/smart-posture-monitor/data/raw/lean_right/nguoi1_ss1_2/frame_0045.jpg,ss1_2,nguoi1,lean_right,-19.869936,5.394754,0.021481,0.221451,0.873539,0.142321,0.969673,-0.277280,0.742616,0.079130,-0.096133,0.228475,0.374632,0.901172,0.980061,0.216069,0.129580,0.515629
D:/BTL/repo/smart-posture-monitor/data/raw/lean_right/nguoi1_ss1_2/frame_0046.jpg,ss1_2,nguoi1,lean_right,-20.954992,3.302231,0.013254,0.226349,0.874869,0.149167,0.957676,-0.260743,0.725781,0.077182,-0.082807,0.230093,0.371218,0.903676,0.969224,0.220424,0.137047,0.509398
D:/BTL/repo/smart-posture-monitor/data/raw/lean_right/nguoi1_ss1_2/frame_0047.jpg,ss1_2,nguoi1,lean_right,-20.503706,1.869735,0.007498,0.222948,0.877588,0.150250,0.962118,-0.260354,0.742733,0.072698,-0.084530,0.229808,0.366023,0.905464,0.973779,0.216738,0.137531,0.501763
D:/BTL/repo/smart-posture-monitor/data/raw/lean_right/nguoi1_ss1_2/frame_0048.jpg,ss1_2,nguoi1,lean_right,-21.456623,2.863457,0.011387,0.212184,0.864712,0.142504,0.945699,-0.262802,0.727366,0.069680,-0.080987,0.227937,0.360799,0.890365,0.956376,0.208884,0.132296,0.494444
D:/BTL/repo/smart-posture-monitor/data/raw/lean_right/nguoi1_ss1_2/frame_0049.jpg,ss1_2,nguoi1,lean_right,-24.089401,6.507769,0.024206,0.199275,0.868397,0.117503,0.944142,-0.273080,0.696439,0.081773,-0.075745,0.213570,0.369377,0.890968,0.951426,0.195950,0.109466,0.502681
D:/BTL/repo/smart-posture-monitor/data/raw/lean_right/nguoi1_ss1_2/frame_0050.jpg,ss1_2,nguoi1,lean_right,-22.611475,3.094340,0.012592,0.223487,0.852787,0.150438,0.937741,-0.263753,0.714819,0.073049,-0.084955,0.233272,0.368195,0.881585,0.949732,0.221841,0.140464,0.506397
D:/BTL/repo/smart-posture-monitor/data/raw/lean_right/nguoi1_ss1_2/frame_0051.jpg,ss1_2,nguoi1,lean_right,-23.114325,0.471429,0.001894,0.194947,0.833716,0.129770,0.916683,-0.282368,0.707424,0.065177,-0.082967,0.230245,0.362787,0.856205,0.925822,0.197600,0.123544,0.493740
D:/BTL/repo/smart-posture-monitor/data/raw/lean_right/nguoi1_ss1_2/frame_0052.jpg,ss1_2,nguoi1,lean_right,-16.634010,2.346480,0.008522,0.264453,0.846910,0.194474,0.942360,-0.202348,0.763326,0.069979,-0.095450,0.208138,0.341030,0.887238,0.962218,0.261841,0.179963,0.474225
D:/BTL/repo/smart-posture-monitor/data/raw/lean_right/nguoi1_ss1_2/frame_0053.jpg,ss1_2,nguoi1,lean_right,-12.371216,5.692577,0.023213,0.226182,0.791635,0.168062,0.888254,-0.201661,0.717921,0.058120,-0.096619,0.234027,0.298912,0.823312,0.904013,0.236603,0.163192,0.434147
D:/BTL/repo/smart-posture-monitor/data/raw/lean_right/nguoi1_ss1_2/frame_0054.jpg,ss1_2,nguoi1,lean_right,-10.208270,7.216960,0.028009,0.126819,0.711976,0.078245,0.809793,-0.228005,0.645212,0.048574,-0.097816,0.222952,0.246890,0.723183,0.813564,0.144735,0.082014,0.361051
D:/BTL/repo/smart-posture-monitor/data/raw/lean_right/nguoi1_ss1_2/frame_0055.jpg,ss1_2,nguoi1,lean_right,-13.812565,11.575861,0.048181,0.086237,0.673916,0.046054,0.777097,-0.236255,0.615757,0.040183,-0.103180,0.240107,0.214389,0.679412,0.778460,0.102418,0.049795,0.327694
D:/BTL/repo/smart-posture-monitor/data/raw/lean_right/nguoi1_ss1_2/frame_0056.jpg,ss1_2,nguoi1,lean_right,-12.515585,12.089613,0.050218,0.094252,0.662030,0.052677,0.770265,-0.230847,0.615969,0.041575,-0.108235,0.239773,0.210579,0.668706,0.772064,0.113141,0.057296,0.328345
D:/BTL/repo/smart-posture-monitor/data/raw/lean_right/nguoi1_ss1_2/frame_0057.jpg,ss1_2,nguoi1,lean_right,-6.928096,7.761774,0.030926,0.042051,0.625686,0.018957,0.740006,-0.243069,0.621363,0.023094,-0.114320,0.228985,0.180895,0.627097,0.740248,0.052459,0.021223,0.285153
D:/BTL/repo/smart-posture-monitor/data/raw/lean_right/nguoi1_ss1_2/frame_0058.jpg,ss1_2,nguoi1,lean_right,-9.887549,-2.353905,-0.007353,0.408102,0.909364,0.319979,1.003853,-0.133411,0.808151,0.088124,-0.094488,0.179029,0.414985,0.996740,1.053616,0.371147,0.276314,0.550891
D:/BTL/repo/smart-posture-monitor/data/raw/lean_right/nguoi1_ss1_2/frame_0059.jpg,ss1_2,nguoi1,lean_right,-13.648912,1.989917,0.007035,0.320377,0.905552,0.226536,0.997648,-0.220419,0.774953,0.093841,-0.092096,0.202589,0.409344,0.960555,1.023044,0.298707,0.199714,0.556343
D:/BTL/repo/smart-posture-monitor/data/raw/lean_right/nguoi1_ss1_2/frame_0060.jpg,ss1_2,nguoi1,lean_right,-14.460660,3.348197,0.012397,0.320460,0.906823,0.231474,1.001343,-0.214042,0.785720,0.088986,-0.094520,0.212262,0.398953,0.961781,1.027749,0.298474,0.203335,0.548050
D:/BTL/repo/smart-posture-monitor/data/raw/lean_right/nguoi1_ss1_2/frame_0061.jpg,ss1_2,nguoi1,lean_right,-15.587891,5.014081,0.017646,0.300385,0.886143,0.213518,0.983528,-0.220425,0.769986,0.086867,-0.097385,0.201894,0.391222,0.935671,1.006438,0.285749,0.190685,0.533607
D:/BTL/repo/smart-posture-monitor/data/raw/lean_right/nguoi1_ss1_2/frame_0062.jpg,ss1_2,nguoi1,lean_right,-13.390721,4.289775,0.014392,0.314946,0.878195,0.225015,0.974761,-0.200300,0.758131,0.089931,-0.096566,0.192400,0.390329,0.932962,1.000396,0.300586,0.202022,0.529050
D:/BTL/repo/smart-posture-monitor/data/raw/lean_right/nguoi1_ss1_2/frame_0063.jpg,ss1_2,nguoi1,lean_right,-8.342560,3.347874,0.011264,0.225594,0.784274,0.161042,0.867846,-0.198495,0.694624,0.064551,-0.083572,0.192890,0.312074,0.816075,0.882662,0.237550,0.159241,0.433461
D:/BTL/repo/smart-posture-monitor/data/raw/lean_right/nguoi1_ss1_2/frame_0064.jpg,ss1_2,nguoi1,lean_right,0.570610,2.043687,0.007182,0.061729,0.608587,0.047020,0.702424,-0.213967,0.613220,0.014709,-0.093837,0.201389,0.181780,0.611710,0.703996,0.078229,0.054481,0.275736
D:/BTL/repo/smart-posture-monitor/data/raw/lean_right/nguoi1_ss2/frame_0001.jpg,ss2,nguoi1,lean_right,-1.141801,9.100410,0.037751,0.211364,0.593486,0.165935,0.712791,-0.169404,0.592062,0.045429,-0.119305,0.238684,0.240167,0.630000,0.731850,0.266474,0.188278,0.380771
D:/BTL/repo/smart-posture-monitor/data/raw/lean_right/nguoi1_ss2/frame_0002.jpg,ss2,nguoi1,lean_right,0.489229,6.024079,0.023237,0.249754,0.593969,0.208356,0.711379,-0.137557,0.618714,0.041398,-0.117410,0.221417,0.249355,0.644342,0.741264,0.311987,0.235066,0.388101
D:/BTL/repo/smart-posture-monitor/data/raw/lean_right/nguoi1_ss2/frame_0003.jpg,ss2,nguoi1,lean_right,1.472471,4.477680,0.016378,0.299240,0.601118,0.248359,0.714875,-0.126766,0.610639,0.050881,-0.113756,0.209782,0.287097,0.671482,0.756788,0.366307,0.277063,0.426113
D:/BTL/repo/smart-posture-monitor/data/raw/lean_right/nguoi1_ss2/frame_0004.jpg,ss2,nguoi1,lean_right,0.777105,5.504712,0.020226,0.266354,0.574578,0.222695,0.685143,-0.130454,0.593288,0.043659,-0.110565,0.210844,0.261327,0.633312,0.720426,0.337564,0.256712,0.397249
D:/BTL/repo/smart-posture-monitor/data/raw/lean_right/nguoi1_ss2/frame_0005.jpg,ss2,nguoi1,lean_right,1.289185,3.304948,0.012324,0.242332,0.552709,0.207314,0.666771,-0.131355,0.587717,0.035019,-0.114062,0.213768,0.243145,0.603500,0.698257,0.315677,0.243865,0.375324
D:/BTL/repo/smart-posture-monitor/data/raw/lean_right/nguoi1_ss2/frame_0006.jpg,ss2,nguoi1,lean_right,-0.482218,4.176775,0.017695,0.199362,0.551004,0.170892,0.678452,-0.167217,0.616604,0.028470,-0.127448,0.242948,0.223337,0.585961,0.699643,0.262659,0.200083,0.372403
D:/BTL/repo/smart-posture-monitor/data/raw/lean_right/nguoi1_ss2/frame_0007.jpg,ss2,nguoi1,lean_right,1.595084,1.550115,0.006064,0.210870,0.557719,0.184714,0.671102,-0.147087,0.608336,0.026156,-0.113384,0.224152,0.227740,0.596252,0.696059,0.275332,0.217281,0.361518
D:/BTL/repo/smart-posture-monitor/data/raw/lean_right/nguoi1_ss2/frame_0008.jpg,ss2,nguoi1,lean_right,2.207703,-2.406742,-0.008906,0.217833,0.544807,0.196349,0.654038,-0.133881,0.599439,0.021485,-0.109231,0.212087,0.231923,0.586742,0.682875,0.287624,0.234247,0.355932
D:/BTL/repo/smart-posture-monitor/data/raw/lean_right/nguoi1_ss2/frame_0009.jpg,ss2,nguoi1,lean_right,2.010555,-1.231331,-0.004537,0.204181,0.546276,0.184597,0.651005,-0.132292,0.596699,0.019584,-0.104729,0.211134,0.218788,0.583187,0.676671,0.269999,0.221327,0.340230
D:/BTL/repo/smart-posture-monitor/data/raw/lean_right/nguoi1_ss2/frame_0010.jpg,ss2,nguoi1,lean_right,2.517816,2.761015,0.010996,0.187762,0.559240,0.161965,0.679053,-0.160926,0.608522,0.025797,-0.119814,0.228269,0.218779,0.589918,0.698102,0.245933,0.189781,0.352153
D:/BTL/repo/smart-posture-monitor/data/raw/lean_right/nguoi1_ss2/frame_0011.jpg,ss2,nguoi1,lean_right,0.075856,4.138337,0.016811,0.176691,0.557292,0.152033,0.676145,-0.163436,0.614129,0.024658,-0.118853,0.232950,0.206382,0.584632,0.693026,0.232349,0.178889,0.344844
D:/BTL/repo/smart-posture-monitor/data/raw/lean_right/nguoi1_ss2/frame_0012.jpg,ss2,nguoi1,lean_right,4.054902,-1.591884,-0.006312,0.220274,0.570931,0.200634,0.691176,-0.135409,0.639800,0.019641,-0.120245,0.227220,0.229062,0.611950,0.719707,0.283333,0.230958,0.362289
D:/BTL/repo/smart-posture-monitor/data/raw/lean_right/nguoi1_ss2/frame_0013.jpg,ss2,nguoi1,lean_right,2.116941,2.073277,0.008704,0.186682,0.554038,0.164068,0.680255,-0.168089,0.626550,0.022614,-0.126216,0.240581,0.217615,0.584644,0.699761,0.245826,0.191968,0.362105
D:/BTL/repo/smart-posture-monitor/data/raw/lean_right/nguoi1_ss2/frame_0014.jpg,ss2,nguoi1,lean_right,3.813934,-5.150970,-0.018704,0.238218,0.471055,0.226495,0.590455,-0.105197,0.591901,0.011723,-0.119400,0.208334,0.228082,0.527864,0.632406,0.336795,0.285455,0.364056
D:/BTL/repo/smart-posture-monitor/data/raw/lean_right/nguoi1_ss2/frame_0015.jpg,ss2,nguoi1,lean_right,-0.784496,-1.579557,-0.006700,0.294985,0.539435,0.272488,0.671530,-0.091936,0.627862,0.022496,-0.132094,0.243060,0.247448,0.614822,0.724708,0.383644,0.314544,0.396896
D:/BTL/repo/smart-posture-monitor/data/raw/lean_right/nguoi1_ss2/frame_0016.jpg,ss2,nguoi1,lean_right,-0.392012,-0.646294,-0.002796,0.301538,0.523418,0.278316,0.660750,-0.087925,0.618898,0.023223,-0.137331,0.247868,0.246144,0.604063,0.716973,0.397524,0.324017,0.400997
D:/BTL/repo/smart-posture-monitor/data/raw/lean_right/nguoi1_ss2/frame_0017.jpg,ss2,nguoi1,lean_right,0.410380,0.462810,0.001898,0.338190,0.529156,0.304435,0.662706,-0.076181,0.612277,0.033755,-0.133550,0.234963,0.267750,0.627995,0.729287,0.437903,0.351295,0.422625
D:/BTL/repo/smart-posture-monitor/data/raw/lean_right/nguoi1_ss2/frame_0018.jpg,ss2,nguoi1,lean_right,1.422712,0.540362,0.002208,0.314608,0.509948,0.283118,0.640036,-0.090813,0.599432,0.031491,-0.130088,0.234149,0.259880,0.599187,0.699858,0.418457,0.335611,0.415179
D:/BTL/repo/smart-posture-monitor/data/raw/lean_right/nguoi1_ss2/frame_0019.jpg,ss2,nguoi1,lean_right,1.330251,-0.987762,-0.003909,0.291092,0.536496,0.262874,0.662227,-0.110936,0.624390,0.028218,-0.125731,0.226743,0.263477,0.610379,0.712494,0.380118,0.306807,0.411524
D:/BTL/repo/smart-posture-monitor/data/raw/lean_right/nguoi1_ss2/frame_0020.jpg,ss2,nguoi1,lean_right,0.084387,1.439052,0.005893,0.278199,0.537687,0.244286,0.664797,-0.140265,0.615848,0.033913,-0.127110,0.234650,0.271192,0.605394,0.708258,0.364248,0.285675,0.425701
D:/BTL/repo/smart-posture-monitor/data/raw/lean_right/nguoi1_ss2/frame_0021.jpg,ss2,nguoi1,lean_right,0.175253,1.100937,0.004368,0.284186,0.530314,0.251832,0.655169,-0.127864,0.611330,0.032355,-0.124855,0.227323,0.269296,0.601660,0.701901,0.374123,0.296649,0.419939
D:/BTL/repo/smart-posture-monitor/data/raw/lean_right/nguoi1_ss2/frame_0022.jpg,ss2,nguoi1,lean_right,0.202060,0.314752,0.001208,0.296053,0.532658,0.260893,0.654495,-0.125284,0.607016,0.035160,-0.121837,0.219925,0.280165,0.609403,0.704577,0.387455,0.306850,0.427847
D:/BTL/repo/smart-posture-monitor/data/raw/lean_right/nguoi1_ss2/frame_0023.jpg,ss2,nguoi1,lean_right,-0.535529,1.149736,0.004403,0.286197,0.535013,0.252722,0.655046,-0.119655,0.608704,0.033475,-0.120033,0.219432,0.266366,0.606752,0.702106,0.374819,0.297670,0.412488
D:/BTL/repo/smart-posture-monitor/data/raw/lean_right/nguoi1_ss2/frame_0024.jpg,ss2,nguoi1,lean_right,0.328536,0.807685,0.003059,0.295623,0.544295,0.260836,0.663461,-0.111811,0.611825,0.034787,-0.119165,0.217013,0.268862,0.619395,0.712892,0.382587,0.304230,0.412992
D:/BTL/repo/smart-posture-monitor/data/raw/lean_right/nguoi1_ss2/frame_0025.jpg,ss2,nguoi1,lean_right,-1.708322,2.305044,0.009084,0.271842,0.544761,0.234684,0.664281,-0.141415,0.601240,0.037159,-0.119520,0.225868,0.269678,0.608821,0.704518,0.354115,0.275164,0.417099
D:/BTL/repo/smart-posture-monitor/data/raw/lean_right/nguoi1_ss2/frame_0026.jpg,ss2,nguoi1,lean_right,4.172614,0.166339,0.000671,0.381358,0.475675,0.347549,0.602941,-0.063211,0.569749,0.033809,-0.127266,0.231028,0.297069,0.609672,0.695937,0.511281,0.418217,0.454413
D:/BTL/repo/smart-posture-monitor/data/raw/lean_right/nguoi1_ss2/frame_0027.jpg,ss2,nguoi1,lean_right,5.577112,-0.363898,-0.001409,0.438060,0.426078,0.407984,0.562449,-0.006731,0.569151,0.030076,-0.136371,0.221918,0.303818,0.611096,0.694838,0.599734,0.498149,0.467236
D:/BTL/repo/smart-posture-monitor/data/raw/lean_right/nguoi1_ss2/frame_0028.jpg,ss2,nguoi1,lean_right,5.149269,-0.847528,-0.003143,0.396728,0.418942,0.364210,0.549679,-0.027445,0.530744,0.032518,-0.130737,0.212474,0.286165,0.576980,0.659391,0.558281,0.458007,0.438659
D:/BTL/repo/smart-posture-monitor/data/raw/lean_right/nguoi1_ss2/frame_0029.jpg,ss2,nguoi1,lean_right,4.593980,0.300062,0.001118,0.393588,0.416063,0.360038,0.547965,-0.032182,0.529011,0.033550,-0.131902,0.213405,0.286111,0.572730,0.655662,0.556247,0.454213,0.440497
D:/BTL/repo/smart-posture-monitor/data/raw/lean_right/nguoi1_ss2/frame_0030.jpg,ss2,nguoi1,lean_right,5.002534,-2.043303,-0.007281,0.375929,0.443708,0.342998,0.560279,-0.043156,0.528826,0.032931,-0.116571,0.204207,0.286274,0.581549,0.656932,0.521173,0.430344,0.427642
D:/BTL/repo/smart-posture-monitor/data/raw/lean_right/nguoi1_ss2/frame_0031.jpg,ss2,nguoi1,lean_right,-0.358354,0.845199,0.003389,0.319591,0.565219,0.279438,0.686526,-0.120859,0.618642,0.040154,-0.121307,0.229778,0.292995,0.649316,0.741217,0.402279,0.317586,0.443679
D:/BTL/repo/smart-posture-monitor/data/raw/lean_right/nguoi1_ss2/frame_0032.jpg,ss2,nguoi1,lean_right,1.828769,-0.827550,-0.003350,0.305125,0.546992,0.273848,0.675506,-0.104358,0.625381,0.031277,-0.128514,0.231922,0.267324,0.626340,0.728904,0.392689,0.314847,0.416918
D:/BTL/repo/smart-posture-monitor/data/raw/lean_right/nguoi1_ss2/frame_0033.jpg,ss2,nguoi1,lean_right,0.563402,1.472597,0.005860,0.335520,0.549149,0.293482,0.673505,-0.104026,0.607708,0.042038,-0.124356,0.228009,0.290427,0.643536,0.734670,0.426577,0.336323,0.443430
D:/BTL/repo/smart-posture-monitor/data/raw/lean_right/nguoi1_ss2/frame_0034.jpg,ss2,nguoi1,lean_right,0.038978,2.242341,0.008508,0.340902,0.573866,0.294115,0.689027,-0.097455,0.605401,0.046787,-0.115160,0.217443,0.293855,0.667486,0.749174,0.422545,0.332240,0.439490
D:/BTL/repo/smart-posture-monitor/data/raw/lean_right/nguoi1_ss2/frame_0035.jpg,ss2,nguoi1,lean_right,-0.998366,1.366300,0.005395,0.310567,0.593921,0.268025,0.707710,-0.120302,0.618335,0.042542,-0.113789,0.226265,0.288552,0.670220,0.756763,0.381469,0.299614,0.431561
D:/BTL/repo/smart-posture-monitor/data/raw/lean_right/nguoi1_ss2/frame_0036.jpg,ss2,nguoi1,lean_right,-1.218951,2.948722,0.011877,0.298673,0.575391,0.256332,0.693036,-0.121926,0.603248,0.042340,-0.117645,0.230886,0.276013,0.648290,0.738922,0.374758,0.291211,0.421521
D:/BTL/repo/smart-posture-monitor/data/raw/lean_right/nguoi1_ss2/frame_0037.jpg,ss2,nguoi1,lean_right,1.788971,-1.037746,-0.004296,0.328454,0.539347,0.301450,0.661835,-0.074643,0.623297,0.027005,-0.122488,0.237224,0.260695,0.631489,0.727253,0.422579,0.348421,0.411747
D:/BTL/repo/smart-posture-monitor/data/raw/lean_right/nguoi1_ss2/frame_0038.jpg,ss2,nguoi1,lean_right,0.034186,-8.233102,-0.029682,0.271619,0.513754,0.260669,0.627987,-0.096157,0.625363,0.010950,-0.114233,0.207276,0.254855,0.581136,0.679938,0.364777,0.314353,0.384338
D:/BTL/repo/smart-posture-monitor/data/raw/lean_right/nguoi1_ss2/frame_0039.jpg,ss2,nguoi1,lean_right,3.664474,-13.160529,-0.044322,0.357589,0.533298,0.346371,0.641019,-0.032409,0.661287,0.011218,-0.107721,0.194666,0.284010,0.642087,0.728613,0.457899,0.402549,0.410462
D:/BTL/repo/smart-posture-monitor/data/raw/lean_right/nguoi1_ss2/frame_0040.jpg,ss2,nguoi1,lean_right,3.008225,-8.983479,-0.029467,0.351692,0.613325,0.322618,0.709521,-0.055895,0.655680,0.029074,-0.096196,0.188708,0.293442,0.707004,0.779424,0.418545,0.354976,0.409782
D:/BTL/repo/smart-posture-monitor/data/raw/lean_right/nguoi1_ss2/frame_0041.jpg,ss2,nguoi1,lean_right,2.153280,-2.631691,-0.008892,0.339080,0.611890,0.299387,0.706236,-0.063249,0.611703,0.039692,-0.094346,0.193656,0.283735,0.699560,0.767074,0.405795,0.332496,0.402329
D:/BTL/repo/smart-posture-monitor/data/raw/lean_right/nguoi1_ss2/frame_0042.jpg,ss2,nguoi1,lean_right,1.710105,-1.203739,-0.004324,0.320446,0.599455,0.283041,0.697972,-0.069946,0.602769,0.037404,-0.098517,0.205826,0.268381,0.679729,0.753178,0.390341,0.318046,0.390406
D:/BTL/repo/smart-posture-monitor/data/raw/lean_right/nguoi1_ss2/frame_0043.jpg,ss2,nguoi1,lean_right,5.192460,-7.558331,-0.025798,0.354947,0.635520,0.328087,0.751847,-0.064580,0.727646,0.026860,-0.116327,0.196126,0.297776,0.727924,0.820314,0.413416,0.347231,0.429524
D:/BTL/repo/smart-posture-monitor/data/raw/lean_right/nguoi1_ss2/frame_0044.jpg,ss2,nguoi1,lean_right,11.249628,-9.111457,-0.032541,0.397925,0.514570,0.379460,0.639363,-0.016034,0.650528,0.018464,-0.124792,0.205493,0.294089,0.650482,0.743488,0.510319,0.436680,0.435713
D:/BTL/repo/smart-posture-monitor/data/raw/lean_right/nguoi1_ss2/frame_0045.jpg,ss2,nguoi1,lean_right,8.737897,-6.555895,-0.023286,0.392727,0.545409,0.365989,0.669576,-0.030401,0.653191,0.026738,-0.124166,0.203957,0.296407,0.672091,0.763072,0.490293,0.411800,0.436640
D:/BTL/repo/smart-posture-monitor/data/raw/lean_right/nguoi1_ss2/frame_0046.jpg,ss2,nguoi1,lean_right,6.334528,-5.400907,-0.019036,0.353553,0.538625,0.327172,0.663710,-0.055698,0.648133,0.026381,-0.125085,0.202249,0.283309,0.644296,0.739968,0.451113,0.374688,0.423649
D:/BTL/repo/smart-posture-monitor/data/raw/lean_right/nguoi1_ss2/frame_0047.jpg,ss2,nguoi1,lean_right,3.876357,-13.972132,-0.049706,0.378060,0.582250,0.362882,0.696920,-0.045493,0.705694,0.015178,-0.114670,0.205864,0.308907,0.694222,0.785736,0.458686,0.398891,0.441175
D:/BTL/repo/smart-posture-monitor/data/raw/lean_right/nguoi1_ss2/frame_0048.jpg,ss2,nguoi1,lean_right,2.675416,-12.461315,-0.046757,0.308244,0.543512,0.299758,0.664070,-0.080799,0.680121,0.008486,-0.120558,0.216688,0.274864,0.624836,0.728591,0.397647,0.345917,0.412331
D:/BTL/repo/smart-posture-monitor/data/raw/lean_right/nguoi1_ss2/frame_0049.jpg,ss2,nguoi1,lean_right,0.900634,-11.252807,-0.038710,0.301448,0.572191,0.288500,0.673850,-0.075158,0.663838,0.012948,-0.101659,0.198370,0.267994,0.646741,0.733012,0.379083,0.330949,0.387597
D:/BTL/repo/smart-posture-monitor/data/raw/lean_right/nguoi1_ss2/frame_0050.jpg,ss2,nguoi1,lean_right,-1.140691,-13.215272,-0.048197,0.296094,0.593906,0.282616,0.697385,-0.095077,0.675860,0.013477,-0.103480,0.210827,0.278829,0.663623,0.752475,0.365287,0.317773,0.399663
D:/BTL/repo/smart-posture-monitor/data/raw/lean_right/nguoi1_ss2/frame_0051.jpg,ss2,nguoi1,lean_right,-1.877029,-14.163898,-0.047570,0.323146,0.574378,0.309332,0.677570,-0.066545,0.673732,0.013814,-0.103192,0.194403,0.282981,0.659040,0.744841,0.402744,0.351632,0.402157
D:/BTL/repo/smart-posture-monitor/data/raw/lean_right/nguoi1_ss2/frame_0052.jpg,ss2,nguoi1,lean_right,-7.452710,-0.181626,-0.000615,0.268195,0.610341,0.225453,0.709821,-0.154811,0.625116,0.042742,-0.099480,0.193985,0.295753,0.666667,0.744765,0.328264,0.253886,0.423264
D:/BTL/repo/smart-posture-monitor/data/raw/lean_right/nguoi1_ss2/frame_0053.jpg,ss2,nguoi1,lean_right,-4.753026,0.148023,0.000537,0.236100,0.657921,0.190827,0.752576,-0.193512,0.635197,0.045273,-0.094655,0.207884,0.303871,0.699002,0.776393,0.278396,0.207965,0.430213
D:/BTL/repo/smart-posture-monitor/data/raw/lean_right/nguoi1_ss2/frame_0054.jpg,ss2,nguoi1,lean_right,-3.732909,7.799596,0.028196,0.213010,0.675391,0.152474,0.770669,-0.213493,0.609273,0.060536,-0.095278,0.207772,0.301477,0.708185,0.785608,0.248272,0.164377,0.431598
D:/BTL/repo/smart-posture-monitor/data/raw/lean_right/nguoi1_ss2/frame_0055.jpg,ss2,nguoi1,lean_right,-2.556008,7.132111,0.026663,0.232611,0.662044,0.176813,0.767198,-0.185476,0.633770,0.055798,-0.105154,0.214748,0.282540,0.701719,0.787309,0.273430,0.190576,0.419042
D:/BTL/repo/smart-posture-monitor/data/raw/lean_right/nguoi1_ss2/frame_0056.jpg,ss2,nguoi1,lean_right,-1.294442,4.154467,0.015808,0.274410,0.641954,0.228927,0.755589,-0.146273,0.626543,0.045484,-0.113635,0.218203,0.292637,0.698144,0.789507,0.325453,0.247138,0.420966
D:/BTL/repo/smart-posture-monitor/data/raw/lean_right/nguoi1_ss2/frame_0057.jpg,ss2,nguoi1,lean_right,-1.687712,5.107899,0.019113,0.225574,0.623647,0.180520,0.727001,-0.173130,0.599856,0.045054,-0.103355,0.214672,0.273328,0.663188,0.749078,0.275406,0.201708,0.399413
D:/BTL/repo/smart-posture-monitor/data/raw/lean_right/nguoi1_ss2/frame_0058.jpg,ss2,nguoi1,lean_right,-2.122496,5.095567,0.018826,0.240587,0.611789,0.194758,0.714418,-0.158675,0.586911,0.045828,-0.102629,0.211965,0.274564,0.657394,0.740489,0.296085,0.219640,0.400036
D:/BTL/repo/smart-posture-monitor/data/raw/lean_right/nguoi1_ss2/frame_0059.jpg,ss2,nguoi1,lean_right,-0.538492,4.264268,0.016801,0.241346,0.597861,0.201087,0.708948,-0.165339,0.618223,0.040259,-0.111087,0.225957,0.266780,0.644737,0.736915,0.300968,0.227674,0.407195
D:/BTL/repo/smart-posture-monitor/data/raw/lean_right/nguoi1_ss2/frame_0060.jpg,ss2,nguoi1,lean_right,-2.264653,2.620328,0.010501,0.259626,0.607674,0.220529,0.719332,-0.153977,0.630144,0.039098,-0.111658,0.229700,0.273000,0.660813,0.752377,0.319291,0.246422,0.414214
D:/BTL/repo/smart-posture-monitor/data/raw/lean_right/nguoi1_ss2/frame_0061.jpg,ss2,nguoi1,lean_right,-3.721929,1.174671,0.004654,0.275446,0.610561,0.232706,0.723173,-0.158914,0.632892,0.042740,-0.112612,0.227004,0.291717,0.669818,0.759691,0.336420,0.258495,0.434934
D:/BTL/repo/smart-posture-monitor/data/raw/lean_right/nguoi1_ss2/frame_0062.jpg,ss2,nguoi1,lean_right,-0.579288,-2.403515,-0.009022,0.291367,0.577044,0.259912,0.689848,-0.110038,0.629645,0.031455,-0.112804,0.215122,0.270342,0.646432,0.737186,0.365806,0.295898,0.404836
D:/BTL/repo/smart-posture-monitor/data/raw/lean_right/nguoi1_ss2/frame_0063.jpg,ss2,nguoi1,lean_right,-2.123496,-0.049843,-0.000202,0.261997,0.583532,0.226740,0.698385,-0.152875,0.617737,0.035257,-0.114854,0.232463,0.275484,0.639650,0.734270,0.329563,0.257974,0.416279
D:/BTL/repo/smart-posture-monitor/data/raw/lean_right/nguoi2_ss2/frame_0001.jpg,ss2,nguoi2,lean_right,-7.750184,8.514371,0.039482,0.010038,0.522874,-0.009745,0.655107,-0.297418,0.553311,0.019783,-0.132233,0.266669,0.176095,0.522971,0.655180,0.013874,-0.011824,0.308959
D:/BTL/repo/smart-posture-monitor/data/raw/lean_right/nguoi2_ss2/frame_0002.jpg,ss2,nguoi2,lean_right,-5.025922,6.906350,0.030877,0.023814,0.534221,0.009805,0.656644,-0.268381,0.558151,0.014009,-0.122422,0.256778,0.172096,0.534752,0.656717,0.032537,0.011879,0.293173
D:/BTL/repo/smart-posture-monitor/data/raw/lean_right/nguoi2_ss2/frame_0003.jpg,ss2,nguoi2,lean_right,-4.637973,8.197325,0.038142,0.012935,0.541993,-0.003656,0.664394,-0.288442,0.541234,0.016591,-0.122401,0.267505,0.184553,0.542147,0.664404,0.017540,-0.004397,0.301377
D:/BTL/repo/smart-posture-monitor/data/raw/lean_right/nguoi2_ss2/frame_0004.jpg,ss2,nguoi2,lean_right,-5.420675,9.484664,0.042739,-0.015617,0.546480,-0.026797,0.658288,-0.287109,0.516559,0.011179,-0.111808,0.259365,0.178933,0.546703,0.658834,-0.021082,-0.032405,0.273136
D:/BTL/repo/smart-posture-monitor/data/raw/lean_right/nguoi2_ss2/frame_0005.jpg,ss2,nguoi2,lean_right,-7.041807,9.974416,0.042391,-0.093459,0.581620,-0.087328,0.685679,-0.304534,0.536827,-0.006131,-0.104059,0.244743,0.160138,0.589081,0.691218,-0.121330,-0.102551,0.215776
D:/BTL/repo/smart-posture-monitor/data/raw/lean_right/nguoi2_ss2/frame_0006.jpg,ss2,nguoi2,lean_right,-6.206213,7.727959,0.035525,-0.049458,0.589653,-0.049123,0.697707,-0.305322,0.545836,-0.000334,-0.108053,0.264189,0.183537,0.591724,0.699434,-0.063896,-0.057167,0.259590
D:/BTL/repo/smart-posture-monitor/data/raw/lean_right/nguoi2_ss2/frame_0007.jpg,ss2,nguoi2,lean_right,-6.882854,9.175463,0.038137,-0.082657,0.589157,-0.080859,0.695477,-0.304133,0.556361,-0.001798,-0.106321,0.239168,0.159633,0.594927,0.700162,-0.106612,-0.094123,0.223891
D:/BTL/repo/smart-posture-monitor/data/raw/lean_right/nguoi2_ss2/frame_0008.jpg,ss2,nguoi2,lean_right,-9.862758,7.316499,0.028209,-0.124807,0.630093,-0.119337,0.732597,-0.330810,0.606962,-0.005470,-0.102504,0.221504,0.150885,0.642335,0.742253,-0.154017,-0.133718,0.207298
D:/BTL/repo/smart-posture-monitor/data/raw/lean_right/nguoi2_ss2/frame_0009.jpg,ss2,nguoi2,lean_right,-4.842446,8.261560,0.034791,-0.045019,0.593055,-0.050824,0.696828,-0.293733,0.567790,0.005805,-0.103773,0.242123,0.166189,0.594761,0.698679,-0.057980,-0.059191,0.249994
D:/BTL/repo/smart-posture-monitor/data/raw/lean_right/nguoi2_ss2/frame_0010.jpg,ss2,nguoi2,lean_right,-7.317333,16.778000,0.066816,-0.122778,0.603143,-0.136270,0.706276,-0.332462,0.540572,0.013492,-0.103133,0.231466,0.157458,0.615513,0.719302,-0.155577,-0.156179,0.218821
D:/BTL/repo/smart-posture-monitor/data/raw/lean_right/nguoi2_ss2/frame_0011.jpg,ss2,nguoi2,lean_right,-7.393138,16.886738,0.066347,-0.142598,0.587709,-0.153576,0.693140,-0.342976,0.537309,0.010978,-0.105431,0.228402,0.146509,0.604761,0.709950,-0.182973,-0.177794,0.206619
D:/BTL/repo/smart-posture-monitor/data/raw/lean_right/nguoi2_ss2/frame_0012.jpg,ss2,nguoi2,lean_right,-0.914504,6.812094,0.027516,-0.048693,0.536884,-0.051844,0.647375,-0.286930,0.541128,0.003151,-0.110491,0.231984,0.151438,0.539088,0.649448,-0.066292,-0.063300,0.238275
D:/BTL/repo/smart-posture-monitor/data/raw/lean_right/nguoi2_ss2/frame_0013.jpg,ss2,nguoi2,lean_right,-2.217794,7.567592,0.029940,-0.064997,0.542251,-0.071662,0.650757,-0.305621,0.546597,0.006665,-0.108506,0.227339,0.150545,0.546133,0.654691,-0.087936,-0.087113,0.240663
D:/BTL/repo/smart-posture-monitor/data/raw/lean_right/nguoi2_ss2/frame_0014.jpg,ss2,nguoi2,lean_right,-3.296076,9.351495,0.037464,-0.068939,0.542725,-0.078993,0.648368,-0.312511,0.526913,0.010054,-0.105643,0.230559,0.157788,0.547086,0.653162,-0.093200,-0.096196,0.244085
D:/BTL/repo/smart-posture-monitor/data/raw/lean_right/nguoi2_ss2/frame_0015.jpg,ss2,nguoi2,lean_right,-4.777113,12.848893,0.056609,-0.019730,0.537407,-0.038376,0.656244,-0.288636,0.515126,0.018646,-0.118836,0.254557,0.169249,0.537769,0.657365,-0.026874,-0.046484,0.269827
D:/BTL/repo/smart-posture-monitor/data/raw/lean_right/nguoi2_ss2/frame_0016.jpg,ss2,nguoi2,lean_right,-5.916003,12.543545,0.055756,-0.013268,0.494253,-0.028944,0.617635,-0.275414,0.484328,0.015676,-0.123382,0.256727,0.160616,0.494431,0.618313,-0.018870,-0.036409,0.262334
D:/BTL/repo/smart-posture-monitor/data/raw/lean_right/nguoi2_ss2/frame_0017.jpg,ss2,nguoi2,lean_right,-5.855986,12.471217,0.054959,-0.017298,0.521569,-0.032172,0.634544,-0.279696,0.496578,0.014875,-0.112975,0.254499,0.165543,0.521856,0.635359,-0.023937,-0.039804,0.263586
D:/BTL/repo/smart-posture-monitor/data/raw/lean_right/nguoi2_ss2/frame_0018.jpg,ss2,nguoi2,lean_right,-6.435791,13.817765,0.062704,-0.023431,0.518401,-0.044351,0.636944,-0.299583,0.493962,0.020920,-0.118544,0.262540,0.169660,0.518930,0.638486,-0.032523,-0.054720,0.277232
D:/BTL/repo/smart-posture-monitor/data/raw/lean_right/nguoi2_ss2/frame_0019.jpg,ss2,nguoi2,lean_right,-7.044075,13.557380,0.059823,-0.012507,0.547942,-0.032799,0.662347,-0.282760,0.515684,0.020292,-0.114406,0.255195,0.171716,0.548085,0.663159,-0.016860,-0.039503,0.272171
D:/BTL/repo/smart-posture-monitor/data/raw/lean_right/nguoi2_ss2/frame_0020.jpg,ss2,nguoi2,lean_right,-6.550458,13.865949,0.060513,-0.023582,0.544323,-0.046503,0.656393,-0.296189,0.507826,0.022921,-0.112070,0.252504,0.173652,0.544833,0.658038,-0.031897,-0.056301,0.275039
D:/BTL/repo/smart-posture-monitor/data/raw/lean_right/nguoi2_ss2/frame_0021.jpg,ss2,nguoi2,lean_right,-7.036284,13.720788,0.059327,-0.041054,0.539511,-0.062984,0.654402,-0.310915,0.507268,0.021931,-0.114892,0.250126,0.172584,0.541070,0.657426,-0.055765,-0.076338,0.271780
D:/BTL/repo/smart-posture-monitor/data/raw/lean_right/nguoi2_ss2/frame_0022.jpg,ss2,nguoi2,lean_right,-7.212506,14.899923,0.064783,-0.047646,0.538760,-0.070412,0.649469,-0.314359,0.488603,0.022766,-0.110709,0.251946,0.177316,0.540863,0.653275,-0.064748,-0.085707,0.271389
D:/BTL/repo/smart-posture-monitor/data/raw/lean_right/nguoi2_ss2/frame_0023.jpg,ss2,nguoi2,lean_right,-6.356559,13.733863,0.062221,-0.024042,0.545310,-0.044994,0.658403,-0.300022,0.502527,0.020952,-0.113093,0.262078,0.178558,0.545840,0.659939,-0.032487,-0.054373,0.279277
D:/BTL/repo/smart-posture-monitor/data/raw/lean_right/nguoi2_ss2/frame_0024.jpg,ss2,nguoi2,lean_right,-6.833159,14.543012,0.065045,-0.031745,0.546606,-0.052748,0.660695,-0.300448,0.504991,0.021003,-0.114089,0.259032,0.173606,0.547527,0.662798,-0.042831,-0.063580,0.271906
D:/BTL/repo/smart-posture-monitor/data/raw/lean_right/nguoi2_ss2/frame_0025.jpg,ss2,nguoi2,lean_right,-7.739900,14.010628,0.062597,-0.033664,0.554803,-0.054844,0.670759,-0.303504,0.521156,0.021180,-0.115957,0.258555,0.170825,0.555823,0.672998,-0.045049,-0.065465,0.271929
D:/BTL/repo/smart-posture-monitor/data/raw/lean_right/nguoi2_ss2/frame_0026.jpg,ss2,nguoi2,lean_right,-6.555416,11.608444,0.052728,-0.004038,0.551385,-0.021192,0.666317,-0.282068,0.523875,0.017154,-0.114932,0.262041,0.176181,0.551400,0.666654,-0.005425,-0.025434,0.279388
D:/BTL/repo/smart-posture-monitor/data/raw/lean_right/nguoi2_ss2/frame_0027.jpg,ss2,nguoi2,lean_right,-9.174926,-21.860479,-0.098599,0.200816,0.591925,0.239367,0.682228,-0.100059,0.679199,-0.038551,-0.090303,0.264803,0.222778,0.625062,0.723002,0.254104,0.275713,0.313277
D:/BTL/repo/smart-posture-monitor/data/raw/lean_right/nguoi2_ss2/frame_0028.jpg,ss2,nguoi2,lean_right,-8.871777,-12.693111,-0.058138,0.133532,0.651578,0.160689,0.736550,-0.160674,0.679138,-0.027157,-0.084972,0.264591,0.210852,0.665120,0.753875,0.161235,0.178504,0.295494
D:/BTL/repo/smart-posture-monitor/data/raw/lean_right/nguoi2_ss2/frame_0029.jpg,ss2,nguoi2,lean_right,-9.502539,-8.479493,-0.039924,0.106182,0.642733,0.124209,0.733010,-0.201340,0.648708,-0.018027,-0.090277,0.270753,0.218178,0.651445,0.743460,0.129705,0.139053,0.307580
D:/BTL/repo/smart-posture-monitor/data/raw/lean_right/nguoi2_ss2/frame_0030.jpg,ss2,nguoi2,lean_right,-8.489147,-11.523602,-0.052037,0.149226,0.640862,0.166063,0.733582,-0.162641,0.673345,-0.016837,-0.092721,0.260485,0.218806,0.658006,0.752144,0.181670,0.184837,0.313554
D:/BTL/repo/smart-posture-monitor/data/raw/lean_right/nguoi2_ss2/frame_0031.jpg,ss2,nguoi2,lean_right,-9.631239,-10.567028,-0.048793,0.148089,0.648721,0.167235,0.741103,-0.163665,0.681772,-0.019146,-0.092382,0.266066,0.216932,0.665409,0.759738,0.178959,0.184831,0.313501
D:/BTL/repo/smart-posture-monitor/data/raw/lean_right/nguoi2_ss2/frame_0032.jpg,ss2,nguoi2,lean_right,-8.866268,-11.918334,-0.054394,0.139208,0.646479,0.161568,0.739730,-0.165932,0.692044,-0.022360,-0.093251,0.263387,0.212291,0.661297,0.757169,0.168790,0.178935,0.308523
D:/BTL/repo/smart-posture-monitor/data/raw/lean_right/nguoi2_ss2/frame_0033.jpg,ss2,nguoi2,lean_right,-10.055222,-7.436646,-0.034948,0.127275,0.663826,0.139920,0.759289,-0.193963,0.684510,-0.012645,-0.095463,0.270016,0.220260,0.675917,0.772073,0.152005,0.152641,0.321903
D:/BTL/repo/smart-posture-monitor/data/raw/lean_right/nguoi2_ss2/frame_0034.jpg,ss2,nguoi2,lean_right,-9.098627,3.263707,0.015136,0.059852,0.665577,0.056761,0.751164,-0.237668,0.600286,0.003091,-0.085587,0.265862,0.216077,0.668263,0.753306,0.071779,0.062817,0.304600
D:/BTL/repo/smart-posture-monitor/data/raw/lean_right/nguoi2_ss2/frame_0035.jpg,ss2,nguoi2,lean_right,-3.362112,16.707415,0.063612,-0.138051,0.557032,-0.146581,0.665995,-0.331937,0.513984,0.008530,-0.108963,0.221273,0.144056,0.573884,0.681935,-0.182693,-0.174274,0.198607
D:/BTL/repo/smart-posture-monitor/data/raw/lean_right/nguoi2_ss2/frame_0036.jpg,ss2,nguoi2,lean_right,-3.766605,16.118809,0.064061,-0.089711,0.551438,-0.104729,0.662227,-0.309752,0.498845,0.015018,-0.110790,0.230743,0.161631,0.558687,0.670458,-0.120039,-0.125573,0.226239
D:/BTL/repo/smart-posture-monitor/data/raw/lean_right/nguoi2_ss2/frame_0037.jpg,ss2,nguoi2,lean_right,-5.258358,12.338080,0.053991,-0.051073,0.510539,-0.064500,0.626458,-0.305753,0.481086,0.013427,-0.115920,0.252671,0.167028,0.513087,0.629770,-0.071378,-0.080312,0.256378
D:/BTL/repo/smart-posture-monitor/data/raw/lean_right/nguoi2_ss2/frame_0038.jpg,ss2,nguoi2,lean_right,-4.721547,12.997411,0.056058,-0.036996,0.504348,-0.052790,0.618539,-0.291980,0.475070,0.015794,-0.114192,0.249249,0.164905,0.505703,0.620788,-0.052058,-0.066285,0.256659
D:/BTL/repo/smart-posture-monitor/data/raw/lean_right/nguoi2_ss2/frame_0039.jpg,ss2,nguoi2,lean_right,-3.135880,9.740857,0.042974,0.010906,0.538372,-0.003194,0.651672,-0.269906,0.511937,0.014101,-0.113300,0.253997,0.184439,0.538482,0.651680,0.014843,-0.003889,0.282054
D:/BTL/repo/smart-posture-monitor/data/raw/lean_right/nguoi2_ss2/frame_0040.jpg,ss2,nguoi2,lean_right,-4.104767,7.834222,0.032023,-0.018397,0.555036,-0.029044,0.655464,-0.278959,0.524270,0.010647,-0.100428,0.234929,0.176358,0.555341,0.656108,-0.024622,-0.035217,0.262372
D:/BTL/repo/smart-posture-monitor/data/raw/lean_right/nguoi2_ss2/frame_0041.jpg,ss2,nguoi2,lean_right,-2.422722,13.079803,0.049510,-0.074223,0.544771,-0.080576,0.646663,-0.280384,0.511279,0.006353,-0.101892,0.218774,0.144693,0.549804,0.651664,-0.100102,-0.098274,0.208864
D:/BTL/repo/smart-posture-monitor/data/raw/lean_right/nguoi2_ss2/frame_0042.jpg,ss2,nguoi2,lean_right,-1.380539,13.546834,0.052920,-0.133528,0.575575,-0.133919,0.669676,-0.330449,0.503085,0.000391,-0.094101,0.225923,0.164790,0.590860,0.682935,-0.173606,-0.158923,0.209840
D:/BTL/repo/smart-posture-monitor/data/raw/lean_right/nguoi2_ss2/frame_0043.jpg,ss2,nguoi2,lean_right,-1.016694,9.393163,0.039556,-0.017340,0.529313,-0.025151,0.634525,-0.268390,0.483387,0.007811,-0.105212,0.242363,0.180424,0.529597,0.635023,-0.023811,-0.031124,0.255216
D:/BTL/repo/smart-posture-monitor/data/raw/lean_right/nguoi2_ss2/frame_0044.jpg,ss2,nguoi2,lean_right,-12.675663,17.458969,0.074501,-0.032740,0.638993,-0.061922,0.740871,-0.296683,0.558185,0.029182,-0.101878,0.248318,0.186232,0.639831,0.743454,-0.040331,-0.069164,0.276036
D:/BTL/repo/smart-posture-monitor/data/raw/lean_right/nguoi2_ss2/frame_0045.jpg,ss2,nguoi2,lean_right,-15.363080,19.492329,0.082826,-0.050699,0.619861,-0.083067,0.720609,-0.310306,0.525908,0.032367,-0.100748,0.248219,0.188814,0.621931,0.725381,-0.063584,-0.094421,0.276085
D:/BTL/repo/smart-posture-monitor/data/raw/lean_right/nguoi2_ss2/frame_0046.jpg,ss2,nguoi2,lean_right,-16.871826,20.052111,0.085372,-0.080609,0.588203,-0.109640,0.690166,-0.326565,0.503188,0.029031,-0.101962,0.248988,0.175544,0.593701,0.698820,-0.104086,-0.127951,0.260235
D:/BTL/repo/smart-posture-monitor/data/raw/lean_right/nguoi2_ss2/frame_0047.jpg,ss2,nguoi2,lean_right,-16.707771,18.443148,0.077598,-0.069322,0.581935,-0.093773,0.677330,-0.314634,0.498525,0.024451,-0.095394,0.245282,0.174718,0.586050,0.683790,-0.090141,-0.110937,0.259105
D:/BTL/repo/smart-posture-monitor/data/raw/lean_right/nguoi2_ss2/frame_0048.jpg,ss2,nguoi2,lean_right,-17.040602,18.436426,0.076978,-0.076405,0.576971,-0.100319,0.674396,-0.317985,0.499761,0.023915,-0.097424,0.243408,0.170241,0.582008,0.681816,-0.099788,-0.118945,0.253619
D:/BTL/repo/smart-posture-monitor/data/raw/lean_right/nguoi2_ss2/frame_0049.jpg,ss2,nguoi2,lean_right,-17.147715,18.074448,0.075727,-0.081507,0.580163,-0.102593,0.672666,-0.318951,0.491514,0.021086,-0.092504,0.244083,0.174927,0.585860,0.680445,-0.106075,-0.121816,0.253453
D:/BTL/repo/smart-posture-monitor/data/raw/lean_right/nguoi2_ss2/frame_0050.jpg,ss2,nguoi2,lean_right,-16.610857,16.423990,0.068809,-0.067554,0.568262,-0.088707,0.664376,-0.316154,0.499289,0.021153,-0.096114,0.243363,0.171287,0.572263,0.670272,-0.089049,-0.106296,0.257991
D:/BTL/repo/smart-posture-monitor/data/raw/lean_right/nguoi2_ss2/frame_0051.jpg,ss2,nguoi2,lean_right,-16.911098,17.306295,0.071672,-0.073305,0.563409,-0.095132,0.662493,-0.314235,0.497319,0.021827,-0.099084,0.240931,0.166022,0.568158,0.669288,-0.097056,-0.114138,0.249831
D:/BTL/repo/smart-posture-monitor/data/raw/lean_right/nguoi2_ss2/frame_0052.jpg,ss2,nguoi2,lean_right,-16.543324,15.525132,0.064833,-0.057503,0.561337,-0.077583,0.660155,-0.306321,0.502609,0.020080,-0.098818,0.242219,0.167964,0.564274,0.664698,-0.076369,-0.093423,0.255655
D:/BTL/repo/smart-posture-monitor/data/raw/lean_right/nguoi2_ss2/frame_0053.jpg,ss2,nguoi2,lean_right,-16.774601,16.027826,0.068026,-0.056533,0.574284,-0.077872,0.671130,-0.308480,0.499222,0.021339,-0.096846,0.246380,0.177779,0.577060,0.675633,-0.074128,-0.092789,0.262891
D:/BTL/repo/smart-posture-monitor/data/raw/lean_right/nguoi2_ss2/frame_0054.jpg,ss2,nguoi2,lean_right,-16.679096,15.145985,0.063968,-0.049771,0.572358,-0.071212,0.668110,-0.306898,0.501076,0.021440,-0.095752,0.244826,0.179027,0.574518,0.671894,-0.065409,-0.085137,0.266825
D:/BTL/repo/smart-posture-monitor/data/raw/lean_right/nguoi2_ss2/frame_0057.jpg,ss2,nguoi2,lean_right,-16.017504,15.318147,0.064370,-0.061185,0.545144,-0.079686,0.644303,-0.304788,0.478574,0.018501,-0.099159,0.243662,0.171498,0.548567,0.649212,-0.082560,-0.097417,0.252535
D:/BTL/repo/smart-posture-monitor/data/raw/lean_right/nguoi2_ss2/frame_0058.jpg,ss2,nguoi2,lean_right,-12.942268,11.213806,0.049805,0.020508,0.532643,0.002547,0.632758,-0.257306,0.474250,0.017961,-0.100115,0.256106,0.189399,0.533037,0.632763,0.028066,0.003158,0.283884
D:/BTL/repo/smart-posture-monitor/data/raw/lean_right/nguoi2_ss2/frame_0059.jpg,ss2,nguoi2,lean_right,-10.351230,11.923070,0.050635,0.034646,0.506410,0.012162,0.606104,-0.250778,0.456791,0.022484,-0.099694,0.245091,0.189301,0.507594,0.606226,0.048655,0.015478,0.289705
D:/BTL/repo/smart-posture-monitor/data/raw/lean_right/nguoi2_ss2/frame_0060.jpg,ss2,nguoi2,lean_right,-9.452701,4.348628,0.018342,0.177470,0.543269,0.141094,0.641723,-0.206805,0.512793,0.036376,-0.098454,0.241906,0.256914,0.571522,0.657051,0.236597,0.171818,0.385482
D:/BTL/repo/smart-posture-monitor/data/raw/lean_right/nguoi2_ss2/frame_0061.jpg,ss2,nguoi2,lean_right,-9.124318,7.288138,0.030505,0.081242,0.527835,0.056950,0.627435,-0.228409,0.497600,0.024292,-0.099600,0.240466,0.201785,0.534050,0.630014,0.111373,0.070874,0.311123
D:/BTL/repo/smart-posture-monitor/data/raw/lean_right/nguoi2_ss2/frame_0062.jpg,ss2,nguoi2,lean_right,-8.908988,8.541327,0.035464,0.028052,0.513783,0.010799,0.611061,-0.252885,0.482364,0.017253,-0.097278,0.238780,0.183078,0.514548,0.611156,0.039113,0.013676,0.282688
D:/BTL/repo/smart-posture-monitor/data/raw/lean_right/nguoi2_ss2/frame_0063.jpg,ss2,nguoi2,lean_right,-10.736362,13.717091,0.058263,-0.005947,0.535591,-0.028595,0.636340,-0.273371,0.477717,0.022647,-0.100749,0.245705,0.180278,0.535624,0.636982,-0.008117,-0.035320,0.273614
D:/BTL/repo/smart-posture-monitor/data/raw/lean_right/nguoi2_ss2/frame_0064.jpg,ss2,nguoi2,lean_right,-10.395575,12.966544,0.054085,0.013421,0.532501,-0.014796,0.625474,-0.271655,0.462162,0.028217,-0.092973,0.241041,0.194948,0.532670,0.625649,0.018373,-0.018475,0.293626
D:/BTL/repo/smart-posture-monitor/data/raw/lean_right/nguoi2_ss2/frame_0065.jpg,ss2,nguoi2,lean_right,-7.798482,9.948855,0.039766,0.152375,0.603663,0.100312,0.677109,-0.217330,0.470723,0.052064,-0.073446,0.230169,0.276617,0.622597,0.684499,0.192221,0.118629,0.392881
D:/BTL/repo/smart-posture-monitor/data/raw/lean_right/nguoi2_ss2/frame_0066.jpg,ss2,nguoi2,lean_right,-8.524739,12.865101,0.052479,0.119325,0.586376,0.070074,0.662692,-0.226559,0.457049,0.049251,-0.076316,0.235695,0.255375,0.598394,0.666387,0.153771,0.084219,0.369271
D:/BTL/repo/smart-posture-monitor/data/raw/lean_right/nguoi2_ss2/frame_0067.jpg,ss2,nguoi2,lean_right,-7.656145,10.586796,0.041093,0.116525,0.661219,0.066803,0.708371,-0.227543,0.460444,0.049722,-0.047152,0.223668,0.292765,0.671408,0.711514,0.139683,0.076893,0.398363
D:/BTL/repo/smart-posture-monitor/data/raw/lean_right/nguoi2_ss2/frame_0068.jpg,ss2,nguoi2,lean_right,-7.532753,10.899220,0.044365,0.060274,0.572721,0.032247,0.642421,-0.228813,0.441948,0.028026,-0.069700,0.234631,0.230354,0.575884,0.643230,0.079138,0.039593,0.317289
D:/BTL/repo/smart-posture-monitor/data/raw/lean_right/nguoi2_ss2/frame_0069.jpg,ss2,nguoi2,lean_right,-10.367927,15.680243,0.063728,-0.053225,0.494404,-0.068493,0.592588,-0.281543,0.440050,0.015268,-0.098184,0.235794,0.156431,0.497261,0.596533,-0.075587,-0.088137,0.234698
D:/BTL/repo/smart-posture-monitor/data/raw/lean_right/nguoi3_ss1/frame_0001.jpg,ss1,nguoi3,lean_right,-16.942757,-3.351269,-0.013218,0.291607,0.453316,0.272620,0.592028,-0.145112,0.657917,0.018987,-0.138712,0.226114,0.310578,0.539009,0.651781,0.413294,0.339173,0.482271
D:/BTL/repo/smart-posture-monitor/data/raw/lean_right/nguoi3_ss1/frame_0002.jpg,ss1,nguoi3,lean_right,-15.198798,-2.545496,-0.010229,0.298525,0.444755,0.280113,0.588217,-0.138179,0.664332,0.018413,-0.143462,0.230311,0.311451,0.535653,0.651507,0.425768,0.349051,0.488799
D:/BTL/repo/smart-posture-monitor/data/raw/lean_right/nguoi3_ss1/frame_0003.jpg,ss1,nguoi3,lean_right,-15.257341,-2.231405,-0.008768,0.283896,0.444169,0.264617,0.584393,-0.149096,0.655352,0.019280,-0.140224,0.225205,0.308465,0.527147,0.641512,0.407037,0.332352,0.481747
D:/BTL/repo/smart-posture-monitor/data/raw/lean_right/nguoi3_ss1/frame_0004.jpg,ss1,nguoi3,lean_right,-15.022102,-4.385277,-0.016825,0.261540,0.448542,0.246353,0.586199,-0.151411,0.665192,0.015186,-0.137657,0.220046,0.296584,0.519224,0.635861,0.375828,0.310315,0.466332
D:/BTL/repo/smart-posture-monitor/data/raw/lean_right/nguoi3_ss1/frame_0005.jpg,ss1,nguoi3,lean_right,-14.984887,-4.037504,-0.015168,0.279592,0.457758,0.261457,0.597076,-0.144862,0.675859,0.018135,-0.139318,0.215424,0.307238,0.536390,0.651812,0.395992,0.324670,0.477210
D:/BTL/repo/smart-posture-monitor/data/raw/lean_right/nguoi3_ss1/frame_0006.jpg,ss1,nguoi3,lean_right,-12.187060,-8.321368,-0.031925,0.300529,0.443010,0.293677,0.583236,-0.115987,0.685578,0.006852,-0.140226,0.220588,0.312698,0.535328,0.653001,0.429088,0.366275,0.482001
D:/BTL/repo/smart-posture-monitor/data/raw/lean_right/nguoi3_ss1/frame_0007.jpg,ss1,nguoi3,lean_right,-14.728709,-5.415579,-0.020494,0.312579,0.465836,0.295661,0.604560,-0.120668,0.682302,0.016918,-0.138724,0.217141,0.315546,0.560989,0.672985,0.434511,0.361125,0.484314
D:/BTL/repo/smart-posture-monitor/data/raw/lean_right/nguoi3_ss1/frame_0008.jpg,ss1,nguoi3,lean_right,-16.767279,-3.717229,-0.013665,0.257845,0.463263,0.238192,0.596069,-0.155182,0.654904,0.019652,-0.132806,0.210771,0.292864,0.530185,0.641898,0.365489,0.297771,0.455321
D:/BTL/repo/smart-posture-monitor/data/raw/lean_right/nguoi3_ss1/frame_0009.jpg,ss1,nguoi3,lean_right,-16.895247,-2.654443,-0.010564,0.280255,0.558705,0.250509,0.694020,-0.145784,0.698757,0.029746,-0.135315,0.228103,0.282365,0.625056,0.737848,0.359295,0.284715,0.448468
D:/BTL/repo/smart-posture-monitor/data/raw/lean_right/nguoi3_ss1/frame_0010.jpg,ss1,nguoi3,lean_right,-16.020010,-1.543729,-0.006391,0.190438,0.600973,0.162630,0.723908,-0.204528,0.670768,0.027808,-0.122935,0.237219,0.254896,0.630424,0.741951,0.239338,0.182726,0.401086
D:/BTL/repo/smart-posture-monitor/data/raw/lean_right/nguoi3_ss1/frame_0011.jpg,ss1,nguoi3,lean_right,-7.953615,-9.446830,-0.038528,0.123909,0.507045,0.143360,0.621048,-0.145765,0.621549,-0.019450,-0.114003,0.234736,0.174361,0.521966,0.637380,0.172664,0.178045,0.292977
D:/BTL/repo/smart-posture-monitor/data/raw/lean_right/nguoi3_ss1/frame_0012.jpg,ss1,nguoi3,lean_right,-4.119320,-9.726762,-0.042572,0.032554,0.502457,0.077714,0.637877,-0.177022,0.650831,-0.045161,-0.135420,0.251979,0.130824,0.503511,0.642594,0.045901,0.095613,0.256782
D:/BTL/repo/smart-posture-monitor/data/raw/lean_right/nguoi3_ss1/frame_0013.jpg,ss1,nguoi3,lean_right,1.896246,-13.327380,-0.059576,0.287601,0.469454,0.297828,0.612505,-0.057385,0.643746,-0.010227,-0.143051,0.258446,0.229474,0.550546,0.681076,0.401631,0.360820,0.386514
D:/BTL/repo/smart-posture-monitor/data/raw/lean_right/nguoi3_ss1/frame_0014.jpg,ss1,nguoi3,lean_right,0.906744,-10.859902,-0.047883,0.246840,0.509719,0.252192,0.647568,-0.093142,0.661674,-0.005352,-0.137848,0.254147,0.220756,0.566342,0.694942,0.335078,0.299177,0.372395
D:/BTL/repo/smart-posture-monitor/data/raw/lean_right/nguoi3_ss1/frame_0015.jpg,ss1,nguoi3,lean_right,-17.418112,1.763038,0.007296,0.355688,0.464787,0.320161,0.617032,-0.154656,0.665213,0.035527,-0.152245,0.237160,0.360043,0.585269,0.695149,0.487095,0.383644,0.548289
D:/BTL/repo/smart-posture-monitor/data/raw/lean_right/nguoi3_ss1/frame_0016.jpg,ss1,nguoi3,lean_right,-16.737600,0.626487,0.002472,0.340622,0.437798,0.317713,0.578658,-0.127665,0.644139,0.022909,-0.140859,0.226106,0.338963,0.554699,0.660141,0.481887,0.395058,0.511732
D:/BTL/repo/smart-posture-monitor/data/raw/lean_right/nguoi3_ss1/frame_0017.jpg,ss1,nguoi3,lean_right,-17.978121,0.044251,0.000172,0.342428,0.431545,0.320103,0.570478,-0.119301,0.634608,0.022326,-0.138934,0.223182,0.334043,0.550897,0.654149,0.487116,0.400835,0.504409
D:/BTL/repo/smart-posture-monitor/data/raw/lean_right/nguoi3_ss1/frame_0018.jpg,ss1,nguoi3,lean_right,-17.336660,-2.775291,-0.010460,0.345939,0.422105,0.329847,0.558598,-0.107933,0.641721,0.016092,-0.136493,0.216031,0.338963,0.545753,0.648715,0.496061,0.416401,0.504214
D:/BTL/repo/smart-posture-monitor/data/raw/lean_right/nguoi3_ss1/frame_0019.jpg,ss1,nguoi3,lean_right,-18.453560,-1.834523,-0.007064,0.350036,0.433675,0.330430,0.570383,-0.115106,0.637472,0.019606,-0.136708,0.220668,0.341230,0.557314,0.659182,0.495401,0.412392,0.507829
D:/BTL/repo/smart-posture-monitor/data/raw/lean_right/nguoi3_ss1/frame_0020.jpg,ss1,nguoi3,lean_right,-18.056337,-0.873772,-0.003425,0.347605,0.436830,0.325336,0.579027,-0.116871,0.645453,0.022268,-0.142197,0.224609,0.336202,0.558256,0.664166,0.490898,0.403395,0.509177
D:/BTL/repo/smart-posture-monitor/data/raw/lean_right/nguoi3_ss1/frame_0021.jpg,ss1,nguoi3,lean_right,-18.017078,0.083818,0.000333,0.346773,0.457134,0.322038,0.600234,-0.125178,0.659245,0.024735,-0.143100,0.227822,0.338518,0.573779,0.681167,0.480156,0.391794,0.513407
D:/BTL/repo/smart-posture-monitor/data/raw/lean_right/nguoi3_ss1/frame_0022.jpg,ss1,nguoi3,lean_right,-17.799841,-0.270850,-0.001094,0.334808,0.461778,0.310653,0.603914,-0.127697,0.654529,0.024155,-0.142136,0.231389,0.326519,0.570382,0.679130,0.463578,0.377975,0.501063
D:/BTL/repo/smart-posture-monitor/data/raw/lean_right/nguoi3_ss1/frame_0023.jpg,ss1,nguoi3,lean_right,-17.466509,0.026650,0.000106,0.352879,0.474152,0.325778,0.615616,-0.123315,0.661714,0.027101,-0.141464,0.227225,0.338641,0.591053,0.696501,0.479367,0.390203,0.511801
D:/BTL/repo/smart-posture-monitor/data/raw/lean_right/nguoi3_ss1/frame_0024.jpg,ss1,nguoi3,lean_right,-17.279428,-0.534547,-0.002178,0.360987,0.468508,0.334999,0.612067,-0.118628,0.659963,0.025988,-0.143559,0.233477,0.340130,0.591449,0.697747,0.491507,0.401384,0.516416
D:/BTL/repo/smart-posture-monitor/data/raw/lean_right/nguoi3_ss1/frame_0025.jpg,ss1,nguoi3,lean_right,-19.677343,3.109542,0.012121,0.319301,0.492815,0.284317,0.630360,-0.154589,0.654148,0.034985,-0.137546,0.223449,0.328704,0.587214,0.691513,0.431198,0.339996,0.500600
D:/BTL/repo/smart-posture-monitor/data/raw/lean_right/nguoi3_ss1/frame_0026.jpg,ss1,nguoi3,lean_right,-19.170963,2.713076,0.010645,0.331454,0.485566,0.298658,0.623274,-0.143985,0.654499,0.032796,-0.137707,0.224888,0.332340,0.587908,0.691134,0.448869,0.358089,0.504560
D:/BTL/repo/smart-posture-monitor/data/raw/lean_right/nguoi3_ss1/frame_0027.jpg,ss1,nguoi3,lean_right,-17.237118,-1.270221,-0.004985,0.358824,0.470320,0.333200,0.610895,-0.114786,0.657958,0.025623,-0.140574,0.224882,0.338520,0.591571,0.695855,0.488121,0.399901,0.509426
D:/BTL/repo/smart-posture-monitor/data/raw/lean_right/nguoi3_ss1/frame_0028.jpg,ss1,nguoi3,lean_right,-19.089651,1.945060,0.007740,0.340772,0.486788,0.310160,0.626013,-0.134641,0.663053,0.030612,-0.139225,0.228037,0.333367,0.594212,0.698635,0.459357,0.369677,0.507037
D:/BTL/repo/smart-posture-monitor/data/raw/lean_right/nguoi3_ss1/frame_0029.jpg,ss1,nguoi3,lean_right,-19.378447,2.695299,0.010731,0.331713,0.485591,0.300695,0.624613,-0.142180,0.662051,0.031017,-0.139021,0.228202,0.331675,0.588075,0.693223,0.449166,0.359867,0.505680
D:/BTL/repo/smart-posture-monitor/data/raw/lean_right/nguoi3_ss1/frame_0030.jpg,ss1,nguoi3,lean_right,-19.458536,2.294462,0.008904,0.326412,0.493561,0.293347,0.629842,-0.139839,0.655644,0.033065,-0.136281,0.222416,0.323485,0.591733,0.694804,0.439382,0.350088,0.493620
D:/BTL/repo/smart-posture-monitor/data/raw/lean_right/nguoi3_ss1/frame_0031.jpg,ss1,nguoi3,lean_right,-19.499500,1.972111,0.007762,0.330722,0.498857,0.297828,0.636027,-0.141781,0.660061,0.032894,-0.137170,0.225568,0.328081,0.598528,0.702305,0.442203,0.352937,0.499245
D:/BTL/repo/smart-posture-monitor/data/raw/lean_right/nguoi3_ss1/frame_0032.jpg,ss1,nguoi3,lean_right,-19.515827,3.095005,0.012568,0.337946,0.496549,0.303417,0.637834,-0.146849,0.664643,0.034529,-0.141284,0.232781,0.335681,0.600640,0.706324,0.451696,0.358381,0.513110
D:/BTL/repo/smart-posture-monitor/data/raw/lean_right/nguoi3_ss1/frame_0033.jpg,ss1,nguoi3,lean_right,-19.328630,2.846948,0.011453,0.340295,0.494657,0.307216,0.635394,-0.136946,0.667126,0.033079,-0.140736,0.230596,0.331132,0.600405,0.705767,0.455281,0.363293,0.507449
D:/BTL/repo/smart-posture-monitor/data/raw/lean_right/nguoi3_ss1/frame_0034.jpg,ss1,nguoi3,lean_right,-19.193190,1.874573,0.007498,0.344883,0.497354,0.312391,0.637769,-0.135010,0.670701,0.032492,-0.140414,0.229211,0.334872,0.605232,0.710167,0.459420,0.368035,0.510242
D:/BTL/repo/smart-posture-monitor/data/raw/lean_right/nguoi3_ss1/frame_0035.jpg,ss1,nguoi3,lean_right,-17.947292,5.902033,0.016605,0.395387,0.857665,0.301246,0.946018,-0.129018,0.751160,0.094140,-0.088352,0.161480,0.396572,0.944416,0.992824,0.375860,0.273065,0.535110
D:/BTL/repo/smart-posture-monitor/data/raw/lean_right/nguoi3_ss1/frame_0036.jpg,ss1,nguoi3,lean_right,-16.074528,12.516171,0.050389,0.168578,0.691448,0.102826,0.801057,-0.256500,0.648731,0.065752,-0.109610,0.232511,0.276761,0.711701,0.807630,0.195047,0.108429,0.427219
D:/BTL/repo/smart-posture-monitor/data/raw/lean_right/nguoi3_ss1/frame_0037.jpg,ss1,nguoi3,lean_right,-10.081530,4.169942,0.016794,0.155783,0.633064,0.123143,0.739682,-0.203702,0.640001,0.032641,-0.106618,0.230953,0.230518,0.651950,0.749862,0.190901,0.137029,0.359552
D:/BTL/repo/smart-posture-monitor/data/raw/lean_right/nguoi3_ss1/frame_0038.jpg,ss1,nguoi3,lean_right,-6.433342,0.552982,0.002273,0.141494,0.565803,0.124798,0.680917,-0.188860,0.619724,0.016697,-0.115115,0.235526,0.204899,0.583226,0.692259,0.185544,0.146684,0.334726
D:/BTL/repo/smart-posture-monitor/data/raw/lean_right/nguoi3_ss1/frame_0039.jpg,ss1,nguoi3,lean_right,-10.350562,5.698168,0.022437,0.336258,0.533757,0.282201,0.670644,-0.159439,0.627813,0.054057,-0.136887,0.225982,0.330722,0.630846,0.727599,0.433773,0.325217,0.504542
D:/BTL/repo/smart-posture-monitor/data/raw/lean_right/nguoi3_ss1/frame_0040.jpg,ss1,nguoi3,lean_right,-15.496750,-13.188514,-0.056763,0.313624,0.510052,0.320340,0.669022,-0.059484,0.782016,-0.006716,-0.158970,0.248791,0.272194,0.598760,0.741760,0.417243,0.365834,0.461708
D:/BTL/repo/smart-posture-monitor/data/raw/lean_right/nguoi3_ss1/frame_0041.jpg,ss1,nguoi3,lean_right,-15.344354,-12.876957,-0.057759,0.274736,0.525115,0.279024,0.675259,-0.109613,0.743666,-0.004288,-0.150143,0.259172,0.265272,0.592643,0.730636,0.364535,0.320452,0.442141
D:/BTL/repo/smart-posture-monitor/data/raw/lean_right/nguoi3_ss1/frame_0042.jpg,ss1,nguoi3,lean_right,-9.226129,-9.733829,-0.044679,0.248463,0.579076,0.256484,0.708361,-0.094704,0.702276,-0.008022,-0.129285,0.264262,0.222781,0.630129,0.753365,0.314974,0.287311,0.364612
D:/BTL/repo/smart-posture-monitor/data/raw/lean_right/nguoi3_ss1/frame_0043.jpg,ss1,nguoi3,lean_right,6.972728,-15.511797,-0.075720,0.232275,0.442198,0.264091,0.591101,-0.078779,0.623397,-0.031816,-0.148903,0.283130,0.206537,0.499490,0.647414,0.338504,0.329604,0.359983
D:/BTL/repo/smart-posture-monitor/data/raw/lean_right/nguoi3_ss1/frame_0044.jpg,ss1,nguoi3,lean_right,8.573774,-13.004517,-0.058199,0.325690,0.457199,0.324525,0.598104,-0.060989,0.610922,0.001164,-0.140905,0.258629,0.260027,0.561341,0.680474,0.454519,0.395299,0.416114
D:/BTL/repo/smart-posture-monitor/data/raw/lean_right/nguoi3_ss1/frame_0046.jpg,ss1,nguoi3,lean_right,-8.562388,-23.309874,-0.053111,0.561894,0.300333,0.574225,0.421449,0.170499,0.641272,-0.012331,-0.121116,0.134220,0.392913,0.637123,0.712288,0.796904,0.726005,0.519066
D:/BTL/repo/smart-posture-monitor/data/raw/lean_right/nguoi3_ss1/frame_0047.jpg,ss1,nguoi3,lean_right,-8.831521,-16.471661,-0.043511,0.561882,0.275978,0.567762,0.404096,0.135266,0.606200,-0.005880,-0.128118,0.153457,0.401680,0.625999,0.696884,0.814328,0.731932,0.539489
D:/BTL/repo/smart-posture-monitor/data/raw/lean_right/nguoi3_ss1/frame_0048.jpg,ss1,nguoi3,lean_right,-6.742240,-25.107126,-0.070648,0.750499,0.303107,0.770427,0.451191,0.279622,0.717920,-0.019927,-0.148085,0.166501,0.475523,0.809397,0.892822,0.893488,0.822141,0.627531
D:/BTL/repo/smart-posture-monitor/data/raw/lean_right/nguoi3_ss1/frame_0049.jpg,ss1,nguoi3,lean_right,-5.980470,-22.631203,-0.064214,0.678374,0.246903,0.695664,0.385714,0.228318,0.633895,-0.017290,-0.138812,0.166878,0.446146,0.721909,0.795440,0.899368,0.823835,0.593560
D:/BTL/repo/smart-posture-monitor/data/raw/lean_right/nguoi3_ss1/frame_0050.jpg,ss1,nguoi3,lean_right,-5.314692,-22.999195,-0.060985,0.721969,0.230206,0.736960,0.372850,0.262090,0.615916,-0.014990,-0.142645,0.156085,0.455655,0.757782,0.825910,0.923675,0.850154,0.600218
D:/BTL/repo/smart-posture-monitor/data/raw/lean_right/nguoi3_ss1/frame_0051.jpg,ss1,nguoi3,lean_right,-1.341155,-29.323339,-0.078203,0.745600,0.234906,0.776103,0.373288,0.296218,0.667786,-0.030503,-0.138382,0.159683,0.483272,0.781729,0.861208,0.927704,0.865277,0.623962
D:/BTL/repo/smart-posture-monitor/data/raw/lean_right/nguoi3_ss1/frame_0052.jpg,ss1,nguoi3,lean_right,-0.737558,-29.758448,-0.077989,0.784168,0.238249,0.814348,0.380161,0.323860,0.676954,-0.030180,-0.141912,0.157126,0.494758,0.819562,0.898713,0.935253,0.874931,0.635881
D:/BTL/repo/smart-posture-monitor/data/raw/lean_right/nguoi3_ss1/frame_0053.jpg,ss1,nguoi3,lean_right,-2.759088,-28.793385,-0.074418,0.751069,0.239844,0.777690,0.381045,0.298860,0.668786,-0.026621,-0.141201,0.154505,0.481449,0.788435,0.866023,0.926634,0.861805,0.623286
D:/BTL/repo/smart-posture-monitor/data/raw/lean_right/nguoi3_ss1/frame_0054.jpg,ss1,nguoi3,lean_right,-3.052132,-26.188248,-0.072557,0.749407,0.252348,0.774570,0.393727,0.284891,0.675494,-0.025164,-0.141379,0.164407,0.482958,0.790753,0.868896,0.919835,0.853987,0.628352
D:/BTL/repo/smart-posture-monitor/data/raw/lean_right/nguoi3_ss1/frame_0055.jpg,ss1,nguoi3,lean_right,-3.720072,-26.163330,-0.072179,0.732947,0.258284,0.758523,0.398104,0.275848,0.676469,-0.025576,-0.139820,0.163698,0.475555,0.777124,0.856647,0.911895,0.845308,0.619531
D:/BTL/repo/smart-posture-monitor/data/raw/lean_right/nguoi3_ss1/frame_0056.jpg,ss1,nguoi3,lean_right,-3.788431,-25.603416,-0.069711,0.735200,0.267657,0.758033,0.407797,0.274255,0.678933,-0.022833,-0.140140,0.161316,0.474112,0.782406,0.860763,0.907553,0.839901,0.617753
D:/BTL/repo/smart-posture-monitor/data/raw/lean_right/nguoi3_ss1/frame_0057.jpg,ss1,nguoi3,lean_right,-3.239960,-25.113691,-0.071037,0.746459,0.259938,0.770103,0.404533,0.276183,0.682825,-0.023644,-0.144595,0.167375,0.483511,0.790423,0.869888,0.915071,0.846552,0.632450
D:/BTL/repo/smart-posture-monitor/data/raw/lean_right/nguoi3_ss1/frame_0058.jpg,ss1,nguoi3,lean_right,-3.464106,-26.774927,-0.075096,0.745696,0.257970,0.770582,0.401637,0.279858,0.682836,-0.024886,-0.143666,0.166699,0.482370,0.789057,0.868970,0.915875,0.848271,0.630489
D:/BTL/repo/smart-posture-monitor/data/raw/lean_right/nguoi3_ss1/frame_0059.jpg,ss1,nguoi3,lean_right,-3.276384,-26.460665,-0.075861,0.747771,0.259067,0.773994,0.404048,0.277786,0.691358,-0.026223,-0.144981,0.170252,0.488457,0.791377,0.873111,0.915904,0.848343,0.638562
D:/BTL/repo/smart-posture-monitor/data/raw/lean_right/nguoi3_ss1/frame_0060.jpg,ss1,nguoi3,lean_right,-3.568892,-28.452595,-0.076091,0.770131,0.265794,0.795681,0.409782,0.301097,0.695857,-0.025550,-0.143989,0.159711,0.491540,0.814707,0.895002,0.918675,0.853617,0.636355
D:/BTL/repo/smart-posture-monitor/data/raw/lean_right/nguoi3_ss1/frame_0061.jpg,ss1,nguoi3,lean_right,-2.736327,-27.651670,-0.076160,0.756319,0.251536,0.783587,0.395175,0.296443,0.684466,-0.027268,-0.143638,0.164105,0.484651,0.797050,0.877594,0.922129,0.856641,0.631596
D:/BTL/repo/smart-posture-monitor/data/raw/lean_right/nguoi3_ss1/frame_0062.jpg,ss1,nguoi3,lean_right,-2.566709,-25.406773,-0.069761,0.770460,0.260218,0.794712,0.406777,0.298020,0.693931,-0.024252,-0.146560,0.162597,0.492735,0.813217,0.892768,0.921520,0.854792,0.641332
D:/BTL/repo/smart-posture-monitor/data/raw/lean_right/nguoi3_ss1/frame_0063.jpg,ss1,nguoi3,lean_right,-2.362266,-26.172846,-0.072710,0.770035,0.257207,0.795507,0.403780,0.295542,0.695311,-0.025471,-0.146574,0.164844,0.496573,0.811855,0.892115,0.922891,0.856610,0.645817
D:/BTL/repo/smart-posture-monitor/data/raw/lean_right/nguoi3_ss1/frame_0064.jpg,ss1,nguoi3,lean_right,-0.228143,-27.724884,-0.077955,0.800106,0.255574,0.831452,0.403859,0.323669,0.713186,-0.031347,-0.148284,0.167563,0.510995,0.839933,0.924346,0.930803,0.868896,0.660606
D:/BTL/repo/smart-posture-monitor/data/raw/lean_right/nguoi3_ss1/frame_0065.jpg,ss1,nguoi3,lean_right,-2.170161,-26.403547,-0.073853,0.778007,0.267713,0.804928,0.415176,0.298716,0.713202,-0.026921,-0.147463,0.166077,0.504634,0.822779,0.905694,0.919795,0.854259,0.654354
D:/BTL/repo/smart-posture-monitor/data/raw/lean_right/nguoi3_ss1/frame_0066.jpg,ss1,nguoi3,lean_right,-2.478789,-26.338795,-0.074619,0.764669,0.273174,0.790274,0.420011,0.291116,0.710002,-0.025605,-0.146837,0.168183,0.493408,0.811999,0.894954,0.913476,0.846358,0.644261
D:/BTL/repo/smart-posture-monitor/data/raw/lean_right/nguoi3_ss1/frame_0067.jpg,ss1,nguoi3,lean_right,-3.910683,-28.031134,-0.078452,0.747027,0.286312,0.772523,0.432938,0.280448,0.723443,-0.025495,-0.146626,0.166937,0.488055,0.800015,0.885566,0.901324,0.832584,0.639359
D:/BTL/repo/smart-posture-monitor/data/raw/lean_right/nguoi3_ss1/frame_0068.jpg,ss1,nguoi3,lean_right,-4.352347,-27.355740,-0.077149,0.741971,0.300567,0.764795,0.445378,0.266888,0.722420,-0.022824,-0.144811,0.167893,0.485892,0.800538,0.885027,0.891960,0.822772,0.635345
D:/BTL/repo/smart-posture-monitor/data/raw/lean_right/nguoi3_ss1/frame_0069.jpg,ss1,nguoi3,lean_right,-3.013106,-26.644464,-0.074883,0.757948,0.276491,0.782457,0.422139,0.281967,0.710715,-0.024509,-0.145648,0.166981,0.494398,0.806804,0.889067,0.909842,0.842227,0.644289
D:/BTL/repo/smart-posture-monitor/data/raw/lean_right/nguoi3_ss1/frame_0070.jpg,ss1,nguoi3,lean_right,-3.016876,-26.343950,-0.074512,0.747611,0.278028,0.773476,0.421863,0.283936,0.709592,-0.025865,-0.143835,0.167912,0.484132,0.797635,0.881041,0.905910,0.838782,0.633437
D:/BTL/repo/smart-posture-monitor/data/raw/lean_right/nguoi3_ss1/frame_0071.jpg,ss1,nguoi3,lean_right,-0.574350,-29.371265,-0.091221,0.811861,0.322557,0.840897,0.477442,0.348718,0.770604,-0.029036,-0.154885,0.185989,0.479913,0.873591,0.966984,0.902269,0.836708,0.644397
D:/BTL/repo/smart-posture-monitor/data/raw/lean_right/nguoi3_ss1/frame_0072.jpg,ss1,nguoi3,lean_right,2.614251,-31.425152,-0.091178,0.806899,0.326591,0.831808,0.479863,0.336836,0.763984,-0.024909,-0.153271,0.174877,0.483321,0.870487,0.960298,0.898927,0.832212,0.642084
D:/BTL/repo/smart-posture-monitor/data/raw/lean_right/nguoi3_ss1/frame_0073.jpg,ss1,nguoi3,lean_right,-2.072310,-28.155512,-0.086762,0.744666,0.431052,0.754528,0.586006,0.249315,0.808089,-0.009862,-0.154955,0.183870,0.460264,0.860426,0.955362,0.821545,0.745750,0.622519
D:/BTL/repo/smart-posture-monitor/data/raw/lean_right/nguoi3_ss1/frame_0074.jpg,ss1,nguoi3,lean_right,-2.597691,-23.624599,-0.074210,0.678772,0.420540,0.686739,0.571871,0.190898,0.785391,-0.007967,-0.151330,0.185181,0.447272,0.798490,0.893670,0.794581,0.715753,0.609210
D:/BTL/repo/smart-posture-monitor/data/raw/lean_right/nguoi3_ss1/frame_0075.jpg,ss1,nguoi3,lean_right,-2.844757,-23.308208,-0.074341,0.662401,0.404291,0.672706,0.556504,0.173692,0.780359,-0.010305,-0.152212,0.187882,0.452996,0.776033,0.873058,0.795013,0.715364,0.616655
D:/BTL/repo/smart-posture-monitor/data/raw/lean_right/nguoi3_ss1/frame_0076.jpg,ss1,nguoi3,lean_right,-2.979771,-22.997488,-0.075154,0.659702,0.366158,0.673070,0.518045,0.181550,0.749534,-0.013367,-0.151887,0.192361,0.447211,0.754506,0.849349,0.816663,0.736176,0.612868
D:/BTL/repo/smart-posture-monitor/data/raw/lean_right/nguoi3_ss1/frame_0077.jpg,ss1,nguoi3,lean_right,-3.168486,-22.464649,-0.074612,0.687378,0.363854,0.697838,0.519831,0.192020,0.748223,-0.010460,-0.155977,0.195261,0.457421,0.777739,0.870174,0.832608,0.749566,0.626992
D:/BTL/repo/smart-posture-monitor/data/raw/lean_right/nguoi3_ss1/frame_0078.jpg,ss1,nguoi3,lean_right,-3.460818,-23.165737,-0.077006,0.709927,0.393566,0.717544,0.554140,0.203239,0.776570,-0.007617,-0.160574,0.195749,0.462470,0.811721,0.906609,0.826274,0.742404,0.635157
D:/BTL/repo/smart-posture-monitor/data/raw/lean_right/nguoi3_ss1/frame_0079.jpg,ss1,nguoi3,lean_right,-3.092340,-24.148134,-0.076208,0.675632,0.418225,0.683214,0.571245,0.191011,0.782329,-0.007583,-0.153020,0.186284,0.442429,0.794601,0.890563,0.794201,0.713987,0.606159
D:/BTL/repo/smart-posture-monitor/data/raw/lean_right/nguoi3_ss1/frame_0080.jpg,ss1,nguoi3,lean_right,-3.954002,-23.366632,-0.074031,0.674708,0.435811,0.677753,0.589813,0.180219,0.785461,-0.003045,-0.154002,0.186657,0.441354,0.803220,0.898459,0.783419,0.701171,0.605620
D:/BTL/repo/smart-posture-monitor/data/raw/lean_right/nguoi3_ss1/frame_0081.jpg,ss1,nguoi3,lean_right,-4.270230,-25.089945,-0.076192,0.669729,0.425422,0.677128,0.578442,0.190455,0.789308,-0.007399,-0.153020,0.179680,0.440597,0.793423,0.890560,0.786658,0.706620,0.601761
D:/BTL/repo/smart-posture-monitor/data/raw/lean_right/nguoi3_ss1/frame_0082.jpg,ss1,nguoi3,lean_right,-4.848045,-25.831127,-0.076773,0.674110,0.441625,0.679222,0.595593,0.188157,0.801691,-0.005112,-0.153968,0.176198,0.444612,0.805889,0.903367,0.779712,0.699122,0.604812
D:/BTL/repo/smart-posture-monitor/data/raw/lean_right/nguoi3_ss1/frame_0083.jpg,ss1,nguoi3,lean_right,-3.815644,-22.827200,-0.070687,0.669385,0.437490,0.675339,0.585931,0.174825,0.791869,-0.005953,-0.148441,0.182205,0.450126,0.799671,0.894090,0.779407,0.701688,0.608420
D:/BTL/repo/smart-posture-monitor/data/raw/lean_right/nguoi3_ss1/frame_0084.jpg,ss1,nguoi3,lean_right,-3.344312,-22.062605,-0.068779,0.675745,0.423255,0.681869,0.574310,0.180008,0.785478,-0.006124,-0.151055,0.183108,0.452933,0.797356,0.891503,0.791317,0.711601,0.613971
D:/BTL/repo/smart-posture-monitor/data/raw/lean_right/nguoi3_ss1/frame_0085.jpg,ss1,nguoi3,lean_right,-3.919064,-22.753504,-0.068935,0.668768,0.432073,0.673489,0.583054,0.178906,0.788577,-0.004721,-0.150981,0.178233,0.446470,0.796202,0.890809,0.782212,0.702036,0.605854
D:/BTL/repo/smart-posture-monitor/data/raw/lean_right/nguoi3_ss1/frame_0086.jpg,ss1,nguoi3,lean_right,-2.537802,-24.190666,-0.083002,0.659514,0.358750,0.675334,0.513822,0.172527,0.753078,-0.015820,-0.155072,0.202554,0.455582,0.750773,0.848581,0.821129,0.739827,0.626619
D:/BTL/repo/smart-posture-monitor/data/raw/lean_right/nguoi3_ss1/frame_0087.jpg,ss1,nguoi3,lean_right,-10.108447,-16.165916,-0.056800,0.701824,0.515813,0.694944,0.670319,0.138931,0.839746,0.006880,-0.154506,0.204009,0.479261,0.870988,0.965544,0.753948,0.672026,0.649447
D:/BTL/repo/smart-posture-monitor/data/raw/lean_right/nguoi4_ss1/frame_0001.jpg,ss1,nguoi4,lean_right,-2.001162,-1.003263,-0.005209,0.163695,0.522215,0.155542,0.659276,-0.181268,0.526080,0.008153,-0.137061,0.297509,0.231981,0.547271,0.677376,0.223376,0.185882,0.344985
D:/BTL/repo/smart-posture-monitor/data/raw/lean_right/nguoi4_ss1/frame_0002.jpg,ss1,nguoi4,lean_right,1.629463,-3.365263,-0.018133,0.342338,0.486158,0.317783,0.641512,-0.092843,0.558373,0.024555,-0.155355,0.308905,0.272513,0.594596,0.715908,0.461481,0.372490,0.441132
D:/BTL/repo/smart-posture-monitor/data/raw/lean_right/nguoi4_ss1/frame_0003.jpg,ss1,nguoi4,lean_right,1.545214,-6.086455,-0.033888,0.350172,0.486319,0.333420,0.641956,-0.096139,0.579332,0.016752,-0.155638,0.319609,0.282109,0.599271,0.723379,0.470562,0.388779,0.455900
D:/BTL/repo/smart-posture-monitor/data/raw/lean_right/nguoi4_ss1/frame_0004.jpg,ss1,nguoi4,lean_right,2.417766,-7.226008,-0.039866,0.396429,0.485041,0.374574,0.647061,-0.069697,0.593118,0.021854,-0.162020,0.316941,0.296413,0.626435,0.747659,0.523264,0.428814,0.478491
D:/BTL/repo/smart-posture-monitor/data/raw/lean_right/nguoi4_ss1/frame_0005.jpg,ss1,nguoi4,lean_right,0.429004,-18.265724,-0.091796,0.450355,0.485161,0.449115,0.639857,-0.012350,0.659347,0.001240,-0.154696,0.292880,0.323483,0.661967,0.781743,0.579337,0.502779,0.494405
D:/BTL/repo/smart-posture-monitor/data/raw/lean_right/nguoi4_ss1/frame_0006.jpg,ss1,nguoi4,lean_right,3.252473,-8.651523,-0.046592,0.398059,0.462224,0.378017,0.617314,-0.081070,0.561340,0.020042,-0.155089,0.309735,0.316083,0.610002,0.723860,0.536699,0.444058,0.489274
D:/BTL/repo/smart-posture-monitor/data/raw/lean_right/nguoi4_ss1/frame_0007.jpg,ss1,nguoi4,lean_right,4.552348,-12.575392,-0.063630,0.552940,0.387479,0.520603,0.563905,-0.020433,0.597945,0.032337,-0.176426,0.292251,0.398423,0.675191,0.767474,0.730894,0.601746,0.610781
D:/BTL/repo/smart-posture-monitor/data/raw/lean_right/nguoi4_ss1/frame_0008.jpg,ss1,nguoi4,lean_right,4.347879,-8.874146,-0.042185,0.591717,0.357128,0.543436,0.541743,-0.026112,0.574552,0.048281,-0.184615,0.273461,0.434611,0.691136,0.767338,0.779928,0.632207,0.654970
D:/BTL/repo/smart-posture-monitor/data/raw/lean_right/nguoi4_ss1/frame_0009.jpg,ss1,nguoi4,lean_right,4.073866,-7.738384,-0.036421,0.593075,0.344843,0.546258,0.526245,-0.022090,0.568791,0.046816,-0.181403,0.270486,0.435018,0.686042,0.758507,0.788997,0.642875,0.654660
D:/BTL/repo/smart-posture-monitor/data/raw/lean_right/nguoi4_ss1/frame_0010.jpg,ss1,nguoi4,lean_right,5.033587,-9.903749,-0.047572,0.605512,0.312681,0.567068,0.502057,-0.009456,0.577148,0.038444,-0.189376,0.276591,0.443268,0.681479,0.757382,0.818877,0.672760,0.669423
D:/BTL/repo/smart-posture-monitor/data/raw/lean_right/nguoi4_ss1/frame_0011.jpg,ss1,nguoi4,lean_right,5.272233,-9.778058,-0.046554,0.614177,0.318958,0.574373,0.505082,-0.008990,0.577564,0.039804,-0.186124,0.274121,0.450986,0.692060,0.764861,0.820155,0.676647,0.674695
D:/BTL/repo/smart-posture-monitor/data/raw/lean_right/nguoi4_ss1/frame_0012.jpg,ss1,nguoi4,lean_right,5.144518,-10.656678,-0.051144,0.627011,0.288086,0.592777,0.483366,0.007099,0.584248,0.034234,-0.195280,0.276569,0.456040,0.690027,0.764871,0.848407,0.702719,0.687024
D:/BTL/repo/smart-posture-monitor/data/raw/lean_right/nguoi4_ss1/frame_0013.jpg,ss1,nguoi4,lean_right,4.867490,-9.842726,-0.045222,0.616849,0.280453,0.583140,0.471127,0.012390,0.574615,0.033709,-0.190674,0.264540,0.447791,0.677611,0.749675,0.847702,0.702760,0.672237
D:/BTL/repo/smart-posture-monitor/data/raw/lean_right/nguoi4_ss1/frame_0014.jpg,ss1,nguoi4,lean_right,5.101579,-8.942023,-0.042430,0.611470,0.276753,0.578439,0.469792,-0.001613,0.578254,0.033032,-0.193039,0.272977,0.453690,0.671184,0.745182,0.847049,0.700027,0.683208
D:/BTL/repo/smart-posture-monitor/data/raw/lean_right/nguoi4_ss1/frame_0015.jpg,ss1,nguoi4,lean_right,5.365328,-10.047292,-0.046142,0.624293,0.280437,0.593092,0.468364,0.008639,0.587211,0.031202,-0.187927,0.264485,0.464226,0.684388,0.755727,0.851994,0.711682,0.687852
D:/BTL/repo/smart-posture-monitor/data/raw/lean_right/nguoi4_ss1/frame_0016.jpg,ss1,nguoi4,lean_right,4.672300,-9.510911,-0.043487,0.617414,0.284819,0.586209,0.470392,0.004754,0.586704,0.031205,-0.185573,0.263183,0.461466,0.679943,0.751604,0.845070,0.705462,0.682999
D:/BTL/repo/smart-posture-monitor/data/raw/lean_right/nguoi4_ss1/frame_0017.jpg,ss1,nguoi4,lean_right,4.138441,-8.609188,-0.040574,0.612151,0.288503,0.579984,0.477756,-0.003035,0.590218,0.032167,-0.189253,0.271049,0.458384,0.676730,0.751420,0.839427,0.696533,0.685190
D:/BTL/repo/smart-posture-monitor/data/raw/lean_right/nguoi4_ss1/frame_0018.jpg,ss1,nguoi4,lean_right,5.649406,-9.555720,-0.044114,0.624378,0.269110,0.595578,0.455372,0.014714,0.578722,0.028800,-0.186262,0.265738,0.461102,0.679903,0.749718,0.859671,0.721152,0.683776
D:/BTL/repo/smart-posture-monitor/data/raw/lean_right/nguoi4_ss1/frame_0019.jpg,ss1,nguoi4,lean_right,4.007488,-8.143975,-0.038699,0.618112,0.287107,0.586445,0.474863,0.002765,0.587895,0.031666,-0.187756,0.273179,0.458148,0.681537,0.754595,0.843932,0.703022,0.684927
D:/BTL/repo/smart-posture-monitor/data/raw/lean_right/nguoi4_ss1/frame_0020.jpg,ss1,nguoi4,lean_right,4.378044,-7.554914,-0.034660,0.616013,0.270854,0.585256,0.454361,0.010390,0.571330,0.030757,-0.183506,0.263620,0.455239,0.672930,0.740924,0.853756,0.714241,0.676066
D:/BTL/repo/smart-posture-monitor/data/raw/lean_right/nguoi4_ss1/frame_0021.jpg,ss1,nguoi4,lean_right,4.064733,-7.277165,-0.033284,0.608293,0.282131,0.577446,0.461873,0.000292,0.577395,0.030847,-0.179742,0.262762,0.457641,0.670536,0.739440,0.841439,0.703949,0.675904
D:/BTL/repo/smart-posture-monitor/data/raw/lean_right/nguoi4_ss1/frame_0022.jpg,ss1,nguoi4,lean_right,4.033019,-6.777005,-0.031158,0.600624,0.276627,0.569646,0.456536,0.001168,0.566805,0.030978,-0.179909,0.264034,0.447516,0.661265,0.730015,0.840495,0.701181,0.665996
D:/BTL/repo/smart-posture-monitor/data/raw/lean_right/nguoi4_ss1/frame_0023.jpg,ss1,nguoi4,lean_right,4.347461,-7.765155,-0.035714,0.611692,0.270261,0.582646,0.452464,0.008482,0.573221,0.029045,-0.182203,0.264327,0.455001,0.668736,0.737699,0.851640,0.713441,0.675016
D:/BTL/repo/smart-posture-monitor/data/raw/lean_right/nguoi4_ss1/frame_0024.jpg,ss1,nguoi4,lean_right,4.560285,-7.699274,-0.035778,0.607880,0.269167,0.579335,0.452527,0.006497,0.573270,0.028545,-0.183360,0.267053,0.452364,0.664808,0.735126,0.850128,0.710933,0.673900
D:/BTL/repo/smart-posture-monitor/data/raw/lean_right/nguoi4_ss1/frame_0025.jpg,ss1,nguoi4,lean_right,3.987021,-7.307681,-0.034541,0.610545,0.273882,0.580459,0.455536,0.002731,0.568313,0.030086,-0.181654,0.271554,0.453231,0.669161,0.737866,0.848469,0.709976,0.675372
D:/BTL/repo/smart-posture-monitor/data/raw/lean_right/nguoi4_ss1/frame_0026.jpg,ss1,nguoi4,lean_right,3.565788,-6.608586,-0.031268,0.608929,0.279025,0.576852,0.462534,-0.004028,0.574066,0.032076,-0.183508,0.271693,0.456131,0.669813,0.739389,0.843960,0.703110,0.680268
D:/BTL/repo/smart-posture-monitor/data/raw/lean_right/nguoi4_ss1/frame_0027.jpg,ss1,nguoi4,lean_right,3.736420,-5.657112,-0.027176,0.593479,0.269814,0.562913,0.453733,-0.010969,0.566893,0.030566,-0.183919,0.275688,0.447917,0.651933,0.723010,0.840727,0.697633,0.673508
D:/BTL/repo/smart-posture-monitor/data/raw/lean_right/nguoi4_ss1/frame_0028.jpg,ss1,nguoi4,lean_right,4.902744,-6.180601,-0.030047,0.597951,0.252461,0.570805,0.438146,-0.004268,0.563168,0.027145,-0.185685,0.279083,0.449994,0.649062,0.719577,0.855805,0.713147,0.677647
D:/BTL/repo/smart-posture-monitor/data/raw/lean_right/nguoi4_ss1/frame_0029.jpg,ss1,nguoi4,lean_right,4.007118,-5.962444,-0.028834,0.591564,0.271036,0.562033,0.454467,-0.010128,0.567190,0.029531,-0.183431,0.277579,0.445114,0.650699,0.722787,0.838625,0.696505,0.670627
D:/BTL/repo/smart-posture-monitor/data/raw/lean_right/nguoi4_ss1/frame_0030.jpg,ss1,nguoi4,lean_right,3.893878,-5.823354,-0.028083,0.590893,0.273378,0.560702,0.455805,-0.013152,0.566943,0.030191,-0.182427,0.276784,0.446853,0.651069,0.722596,0.836533,0.694661,0.671603
D:/BTL/repo/smart-posture-monitor/data/raw/lean_right/nguoi4_ss1/frame_0031.jpg,ss1,nguoi4,lean_right,4.240650,-5.727999,-0.027767,0.596061,0.273548,0.563994,0.457660,-0.014884,0.565250,0.032067,-0.184112,0.278212,0.450324,0.655833,0.726321,0.839756,0.696134,0.677012
D:/BTL/repo/smart-posture-monitor/data/raw/lean_right/nguoi4_ss1/frame_0032.jpg,ss1,nguoi4,lean_right,3.838064,-5.609429,-0.027321,0.596914,0.274333,0.564926,0.460049,-0.014206,0.569716,0.031988,-0.185716,0.279509,0.450398,0.656936,0.728551,0.839750,0.695441,0.678763
D:/BTL/repo/smart-posture-monitor/data/raw/lean_right/nguoi4_ss1/frame_0033.jpg,ss1,nguoi4,lean_right,3.625298,-4.301708,-0.020435,0.586453,0.282951,0.551075,0.462664,-0.021953,0.557488,0.035378,-0.179713,0.272430,0.445308,0.651144,0.719542,0.826830,0.682923,0.667479
D:/BTL/repo/smart-posture-monitor/data/raw/lean_right/nguoi4_ss1/frame_0034.jpg,ss1,nguoi4,lean_right,3.945269,-4.234666,-0.020374,0.589748,0.282246,0.554260,0.464144,-0.026265,0.561494,0.035487,-0.181897,0.275912,0.451440,0.653808,0.722934,0.829534,0.684604,0.676351
D:/BTL/repo/smart-posture-monitor/data/raw/lean_right/nguoi4_ss1/frame_0035.jpg,ss1,nguoi4,lean_right,3.899626,-5.559486,-0.025905,0.601913,0.280324,0.565515,0.461696,-0.015152,0.558181,0.036398,-0.181372,0.267398,0.455325,0.663988,0.730048,0.838736,0.694922,0.676737
D:/BTL/repo/smart-posture-monitor/data/raw/lean_right/nguoi4_ss1/frame_0036.jpg,ss1,nguoi4,lean_right,3.780313,-4.541717,-0.021260,0.607669,0.281898,0.569686,0.462966,-0.012204,0.556418,0.037983,-0.181069,0.268481,0.455660,0.669872,0.734084,0.841217,0.697393,0.677941
D:/BTL/repo/smart-posture-monitor/data/raw/lean_right/nguoi4_ss1/frame_0037.jpg,ss1,nguoi4,lean_right,3.596642,-4.326653,-0.020440,0.596514,0.286351,0.558520,0.468289,-0.016398,0.556952,0.037994,-0.181938,0.270941,0.446774,0.661684,0.728862,0.831109,0.685548,0.669989
D:/BTL/repo/smart-posture-monitor/data/raw/lean_right/nguoi4_ss1/frame_0038.jpg,ss1,nguoi4,lean_right,4.052894,-4.032351,-0.019107,0.593126,0.285446,0.556165,0.466420,-0.021662,0.557948,0.036961,-0.180974,0.271718,0.449836,0.658239,0.725856,0.829528,0.684781,0.672474
D:/BTL/repo/smart-posture-monitor/data/raw/lean_right/nguoi4_ss1/frame_0039.jpg,ss1,nguoi4,lean_right,3.278381,-3.761051,-0.017650,0.585971,0.296608,0.547637,0.474862,-0.028183,0.560957,0.038334,-0.178254,0.269073,0.448283,0.656763,0.724845,0.816932,0.672988,0.668630
D:/BTL/repo/smart-posture-monitor/data/raw/lean_right/nguoi4_ss1/frame_0040.jpg,ss1,nguoi4,lean_right,4.220037,-4.107697,-0.020900,0.560722,0.258254,0.532892,0.444717,-0.036142,0.560868,0.027830,-0.186464,0.291768,0.436515,0.617336,0.694080,0.826411,0.678629,0.669195
D:/BTL/repo/smart-posture-monitor/data/raw/lean_right/nguoi4_ss1/frame_0041.jpg,ss1,nguoi4,lean_right,4.215044,-4.406452,-0.022968,0.562286,0.229859,0.539072,0.422489,-0.033075,0.560929,0.023214,-0.192629,0.298942,0.441754,0.607455,0.684906,0.848722,0.697389,0.681221
D:/BTL/repo/smart-posture-monitor/data/raw/lean_right/nguoi4_ss1/frame_0042.jpg,ss1,nguoi4,lean_right,3.937552,-4.408234,-0.021854,0.563672,0.238283,0.538821,0.427580,-0.030206,0.566340,0.024850,-0.189297,0.284321,0.446000,0.611968,0.687861,0.843392,0.694038,0.678464
D:/BTL/repo/smart-posture-monitor/data/raw/lean_right/nguoi4_ss1/frame_0043.jpg,ss1,nguoi4,lean_right,3.492072,-3.585541,-0.017934,0.564349,0.241801,0.538143,0.431984,-0.030939,0.566412,0.026206,-0.190183,0.286764,0.444072,0.613968,0.690078,0.841253,0.690769,0.678041
D:/BTL/repo/smart-posture-monitor/data/raw/lean_right/nguoi4_ss1/frame_0044.jpg,ss1,nguoi4,lean_right,3.451051,-3.585814,-0.018323,0.558090,0.245783,0.530715,0.435526,-0.039573,0.560883,0.027375,-0.189743,0.292960,0.439725,0.609814,0.686543,0.833707,0.682346,0.675640
D:/BTL/repo/smart-posture-monitor/data/raw/lean_right/nguoi4_ss1/frame_0045.jpg,ss1,nguoi4,lean_right,3.598058,-3.313811,-0.016943,0.555671,0.234935,0.529284,0.424358,-0.041322,0.553552,0.026387,-0.189423,0.293104,0.441139,0.603295,0.678396,0.840056,0.687963,0.676696
D:/BTL/repo/smart-posture-monitor/data/raw/lean_right/nguoi4_ss1/frame_0046.jpg,ss1,nguoi4,lean_right,2.423191,-2.592199,-0.013096,0.544327,0.253069,0.515712,0.442860,-0.044275,0.562557,0.028615,-0.189791,0.289564,0.430490,0.600280,0.679768,0.817631,0.664921,0.665008
D:/BTL/repo/smart-posture-monitor/data/raw/lean_right/nguoi4_ss1/frame_0047.jpg,ss1,nguoi4,lean_right,3.294599,-3.003419,-0.015316,0.566398,0.241106,0.537920,0.433830,-0.035604,0.560411,0.028478,-0.192725,0.292308,0.443802,0.615580,0.691062,0.843233,0.689454,0.681441
D:/BTL/repo/smart-posture-monitor/data/raw/lean_right/nguoi4_ss1/frame_0048.jpg,ss1,nguoi4,lean_right,3.677869,-3.564107,-0.018221,0.552479,0.240914,0.526888,0.430994,-0.039067,0.560140,0.025592,-0.190080,0.293112,0.436511,0.602721,0.680710,0.833136,0.681835,0.672185
D:/BTL/repo/smart-posture-monitor/data/raw/lean_right/nguoi4_ss1/frame_0049.jpg,ss1,nguoi4,lean_right,2.867722,-3.329908,-0.016510,0.541965,0.258753,0.515835,0.442827,-0.046448,0.568695,0.026131,-0.184074,0.284236,0.436546,0.600566,0.679839,0.811479,0.665049,0.665052
D:/BTL/repo/smart-posture-monitor/data/raw/lean_right/nguoi4_ss1/frame_0050.jpg,ss1,nguoi4,lean_right,2.714249,-3.007791,-0.015064,0.567403,0.248686,0.535463,0.440091,-0.033322,0.554731,0.031940,-0.191405,0.287097,0.438710,0.619509,0.693110,0.838332,0.683589,0.674192
D:/BTL/repo/smart-posture-monitor/data/raw/lean_right/nguoi4_ss1/frame_0051.jpg,ss1,nguoi4,lean_right,3.499987,-3.246945,-0.016998,0.553664,0.243946,0.525774,0.434676,-0.045751,0.552651,0.027890,-0.190730,0.300104,0.435692,0.605024,0.682189,0.831756,0.678632,0.674238
D:/BTL/repo/smart-posture-monitor/data/raw/lean_right/nguoi4_ss1/frame_0052.jpg,ss1,nguoi4,lean_right,4.052904,-5.083389,-0.027059,0.553705,0.235970,0.528994,0.433924,-0.041693,0.560937,0.024711,-0.197954,0.305384,0.433706,0.601890,0.684196,0.837800,0.681854,0.678309
D:/BTL/repo/smart-posture-monitor/data/raw/lean_right/nguoi4_ss1/frame_0053.jpg,ss1,nguoi4,lean_right,3.367167,-3.058876,-0.015974,0.538573,0.248565,0.512928,0.437730,-0.044234,0.556687,0.025645,-0.189165,0.299347,0.422534,0.593166,0.674317,0.816364,0.665542,0.659245
D:/BTL/repo/smart-posture-monitor/data/raw/lean_right/nguoi4_ss1/frame_0054.jpg,ss1,nguoi4,lean_right,3.409302,-3.359052,-0.017174,0.544661,0.238007,0.519945,0.425801,-0.041268,0.554801,0.024716,-0.187795,0.293107,0.432031,0.594393,0.672049,0.829270,0.678990,0.666087
D:/BTL/repo/smart-posture-monitor/data/raw/lean_right/nguoi4_ss1/frame_0055.jpg,ss1,nguoi4,lean_right,3.762191,-4.633216,-0.024627,0.548935,0.238246,0.525594,0.430893,-0.046857,0.562106,0.023341,-0.192648,0.304875,0.436998,0.598407,0.679646,0.832432,0.680783,0.678125
D:/BTL/repo/smart-posture-monitor/data/raw/lean_right/nguoi4_ss1/frame_0056.jpg,ss1,nguoi4,lean_right,2.483953,-3.617083,-0.018054,0.544223,0.256178,0.517113,0.441448,-0.045892,0.563892,0.027110,-0.185270,0.286174,0.435241,0.601503,0.679914,0.815221,0.667002,0.665525
D:/BTL/repo/smart-posture-monitor/data/raw/lean_right/nguoi4_ss1/frame_0057.jpg,ss1,nguoi4,lean_right,2.955336,-4.983169,-0.025079,0.559240,0.233653,0.536918,0.423192,-0.023255,0.560736,0.022321,-0.189538,0.288722,0.434718,0.606088,0.683646,0.843658,0.695152,0.668044
D:/BTL/repo/smart-posture-monitor/data/raw/lean_right/nguoi4_ss1/frame_0058.jpg,ss1,nguoi4,lean_right,3.052934,-3.862040,-0.019077,0.544134,0.243059,0.519044,0.425858,-0.038310,0.552395,0.025090,-0.182799,0.283230,0.432197,0.595953,0.671388,0.825018,0.678164,0.659492
D:/BTL/repo/smart-posture-monitor/data/raw/lean_right/nguoi4_ss1/frame_0059.jpg,ss1,nguoi4,lean_right,2.148515,-3.364389,-0.016631,0.554172,0.243872,0.522706,0.430455,-0.042330,0.540625,0.031466,-0.186583,0.283387,0.435661,0.605458,0.677136,0.832197,0.678550,0.666241
D:/BTL/repo/smart-posture-monitor/data/raw/lean_right/nguoi4_ss1/frame_0060.jpg,ss1,nguoi4,lean_right,2.410423,-4.160859,-0.020817,0.560814,0.253085,0.533823,0.443262,-0.032782,0.570881,0.026991,-0.190177,0.286910,0.439448,0.615276,0.693865,0.830297,0.680293,0.673313
D:/BTL/repo/smart-posture-monitor/data/raw/lean_right/nguoi4_ss1/frame_0061.jpg,ss1,nguoi4,lean_right,3.498070,-4.015653,-0.020814,0.561834,0.228662,0.533315,0.421602,-0.046868,0.547741,0.028519,-0.192941,0.297217,0.447175,0.606583,0.679834,0.849301,0.693098,0.687263
D:/BTL/repo/smart-posture-monitor/data/raw/lean_right/nguoi4_ss1/frame_0062.jpg,ss1,nguoi4,lean_right,4.255520,-5.357450,-0.027677,0.567723,0.215681,0.544355,0.410285,-0.029978,0.550686,0.023368,-0.194605,0.296423,0.445141,0.607312,0.681657,0.863226,0.709381,0.685183
D:/BTL/repo/smart-posture-monitor/data/raw/lean_right/nguoi4_ss1/frame_0063.jpg,ss1,nguoi4,lean_right,3.367456,-6.378423,-0.032235,0.574437,0.236100,0.552164,0.428303,-0.019170,0.568470,0.022273,-0.192203,0.290160,0.444801,0.621064,0.698805,0.852516,0.704531,0.680323
D:/BTL/repo/smart-posture-monitor/data/raw/lean_right/nguoi4_ss1/frame_0064.jpg,ss1,nguoi4,lean_right,2.850308,-4.996387,-0.025324,0.556785,0.247922,0.530207,0.438403,-0.038568,0.561477,0.026578,-0.190481,0.290767,0.438086,0.609487,0.687980,0.831135,0.680166,0.672876
D:/BTL/repo/smart-posture-monitor/data/raw/lean_right/nguoi4_ss1/frame_0065.jpg,ss1,nguoi4,lean_right,2.570316,-5.241479,-0.026380,0.557856,0.243731,0.531728,0.435602,-0.036227,0.562893,0.026128,-0.191871,0.288770,0.439253,0.608776,0.687375,0.835067,0.683160,0.674388
D:/BTL/repo/smart-posture-monitor/data/raw/lean_right/nguoi4_ss1/frame_0066.jpg,ss1,nguoi4,lean_right,1.940834,-3.856516,-0.019542,0.577898,0.256210,0.544948,0.448944,-0.036578,0.559141,0.032950,-0.192734,0.290548,0.447983,0.632147,0.706059,0.840139,0.686119,0.685090
D:/BTL/repo/smart-posture-monitor/data/raw/lean_right/nguoi5_ss2/frame_0001.jpg,ss2,nguoi5,lean_right,-7.444024,11.918591,0.042407,-0.042885,0.659167,-0.082808,0.727701,-0.323239,0.526356,0.039923,-0.068535,0.205338,0.228132,0.660560,0.732398,-0.051790,-0.093509,0.310221
D:/BTL/repo/smart-posture-monitor/data/raw/lean_right/nguoi5_ss2/frame_0002.jpg,ss2,nguoi5,lean_right,-9.642337,-5.482591,-0.017967,0.093387,0.677418,0.057060,0.742872,-0.255561,0.591449,0.036327,-0.065454,0.188049,0.271483,0.683825,0.745060,0.110476,0.063632,0.359382
D:/BTL/repo/smart-posture-monitor/data/raw/lean_right/nguoi5_ss2/frame_0003.jpg,ss2,nguoi5,lean_right,-10.680762,-11.746475,-0.034576,0.155963,0.676984,0.118228,0.746535,-0.211922,0.620226,0.037735,-0.069551,0.169840,0.285716,0.694717,0.755838,0.183266,0.130799,0.372238
D:/BTL/repo/smart-posture-monitor/data/raw/lean_right/nguoi5_ss2/frame_0010.jpg,ss2,nguoi5,lean_right,-9.792057,3.420522,0.012195,-0.029669,0.605662,-0.037219,0.690354,-0.265473,0.572358,0.007550,-0.084692,0.204398,0.168692,0.606388,0.691357,-0.037760,-0.043636,0.238144
D:/BTL/repo/smart-posture-monitor/data/raw/lean_right/nguoi5_ss2/frame_0011.jpg,ss2,nguoi5,lean_right,-9.785661,6.462729,0.023021,-0.121018,0.590922,-0.108245,0.685864,-0.292463,0.584294,-0.012773,-0.094942,0.204532,0.122203,0.603187,0.694353,-0.155227,-0.126856,0.171573
D:/BTL/repo/smart-posture-monitor/data/raw/lean_right/nguoi5_ss2/frame_0023.jpg,ss2,nguoi5,lean_right,-11.197147,8.414523,0.028184,-0.174214,0.666022,-0.138124,0.734966,-0.273906,0.563065,-0.036090,-0.068943,0.192604,0.162926,0.688430,0.747832,-0.206275,-0.154108,0.143313
D:/BTL/repo/smart-posture-monitor/data/raw/lean_right/nguoi5_ss2/frame_0024.jpg,ss2,nguoi5,lean_right,-11.187263,5.563591,0.019068,-0.127757,0.668289,-0.099953,0.735287,-0.259241,0.571611,-0.027804,-0.066999,0.196680,0.165926,0.680391,0.742050,-0.151924,-0.111926,0.163201
D:/BTL/repo/smart-posture-monitor/data/raw/lean_right/nguoi5_ss2/frame_0028.jpg,ss2,nguoi5,lean_right,-10.260481,9.778433,0.033754,-0.117870,0.673571,-0.109226,0.744098,-0.277918,0.571380,-0.008644,-0.070527,0.198740,0.171156,0.683807,0.752072,-0.139619,-0.121217,0.189891
D:/BTL/repo/smart-posture-monitor/data/raw/lean_right/nguoi5_ss2/frame_0029.jpg,ss2,nguoi5,lean_right,-10.185027,9.481755,0.032913,-0.105009,0.666232,-0.098229,0.735866,-0.271622,0.561845,-0.006780,-0.069634,0.199793,0.174444,0.674457,0.742393,-0.125424,-0.109953,0.196612
D:/BTL/repo/smart-posture-monitor/data/raw/lean_right/nguoi5_ss2/frame_0038.jpg,ss2,nguoi5,lean_right,-8.533769,-2.021461,-0.005836,0.135908,0.625147,0.090783,0.712200,-0.237789,0.603787,0.045125,-0.087053,0.165453,0.269926,0.639749,0.717962,0.168289,0.103946,0.374306
D:/BTL/repo/smart-posture-monitor/data/raw/lean_right/nguoi5_ss2/frame_0042.jpg,ss2,nguoi5,lean_right,-54.448551,30.239481,0.250239,-0.265522,1.501747,-0.501526,1.632024,-1.177541,0.857611,0.236004,-0.130277,0.496885,0.796526,1.525040,1.707346,-0.165664,-0.282801,1.116553
D:/BTL/repo/smart-posture-monitor/data/raw/lean_right/nguoi5_ss2/frame_0045.jpg,ss2,nguoi5,lean_right,-8.265179,9.309480,0.033150,-0.097133,0.607982,-0.101968,0.696338,-0.299180,0.570249,0.004835,-0.088356,0.204922,0.145700,0.615692,0.703764,-0.122834,-0.118393,0.205540
D:/BTL/repo/smart-posture-monitor/data/raw/lean_right/nguoi5_ss2/frame_0046.jpg,ss2,nguoi5,lean_right,-7.697867,7.759272,0.027632,-0.080265,0.584233,-0.086109,0.679400,-0.294744,0.578017,0.005844,-0.095167,0.204666,0.138449,0.589721,0.684835,-0.104051,-0.101735,0.214569
D:/BTL/repo/smart-posture-monitor/data/raw/lean_right/nguoi5_ss2/frame_0052.jpg,ss2,nguoi5,lean_right,-6.232058,0.033944,0.000120,0.002178,0.627898,-0.010301,0.712242,-0.266020,0.602192,0.012480,-0.084344,0.202163,0.189764,0.627902,0.712317,0.002714,-0.011837,0.269427
D:/BTL/repo/smart-posture-monitor/data/raw/lean_right/nguoi5_ss2/frame_0057.jpg,ss2,nguoi5,lean_right,-5.346825,-6.716399,-0.022460,0.071214,0.656242,0.047541,0.738072,-0.246744,0.625069,0.023674,-0.081831,0.192041,0.234530,0.660094,0.739602,0.086115,0.053275,0.319482
D:/BTL/repo/smart-posture-monitor/data/raw/lean_right/nguoi5_ss2/frame_0058.jpg,ss2,nguoi5,lean_right,-5.694990,2.224749,0.007950,-0.071588,0.673769,-0.074967,0.737498,-0.296782,0.570705,0.003378,-0.063728,0.204800,0.201960,0.677562,0.741298,-0.085123,-0.083933,0.247658
D:/BTL/repo/smart-posture-monitor/data/raw/lean_right/nguoi5_ss2/frame_0059.jpg,ss2,nguoi5,lean_right,-5.956821,10.381421,0.036536,-0.177254,0.589271,-0.171944,0.683087,-0.349483,0.568021,-0.005310,-0.093817,0.202754,0.124202,0.615353,0.704396,-0.225860,-0.200405,0.173534
D:/BTL/repo/smart-posture-monitor/data/raw/lean_right/nguoi5_ss2/frame_0060.jpg,ss2,nguoi5,lean_right,-6.230210,11.118479,0.038716,-0.192872,0.606578,-0.184601,0.699697,-0.352722,0.573106,-0.008270,-0.093119,0.200769,0.127851,0.636503,0.723639,-0.240973,-0.211408,0.163317
D:/BTL/repo/smart-posture-monitor/data/raw/lean_right/nguoi5_ss2/frame_0061.jpg,ss2,nguoi5,lean_right,-6.256147,10.237425,0.035781,-0.184883,0.604366,-0.176477,0.695541,-0.348516,0.574530,-0.008406,-0.091176,0.201322,0.126333,0.632012,0.717581,-0.231828,-0.203155,0.166331
D:/BTL/repo/smart-posture-monitor/data/raw/lean_right/nguoi5_ss2/frame_0062.jpg,ss2,nguoi5,lean_right,-6.827644,10.805622,0.039202,-0.178682,0.625986,-0.171751,0.717680,-0.351337,0.583851,-0.006930,-0.091694,0.209101,0.137695,0.650988,0.737945,-0.219656,-0.193829,0.177722
D:/BTL/repo/smart-posture-monitor/data/raw/lean_right/nguoi5_ss2/frame_0063.jpg,ss2,nguoi5,lean_right,-6.508949,4.490186,0.016446,-0.091416,0.640836,-0.097665,0.727030,-0.326701,0.599254,0.006249,-0.086194,0.210072,0.172478,0.647324,0.733560,-0.112026,-0.110226,0.238931
D:/BTL/repo/smart-posture-monitor/data/raw/lean_right/nguoi5_ss2/frame_0064.jpg,ss2,nguoi5,lean_right,-6.029770,3.836329,0.014025,-0.074048,0.643687,-0.081741,0.729072,-0.315622,0.600649,0.007693,-0.085385,0.209618,0.177371,0.647932,0.733640,-0.090615,-0.092193,0.245377
D:/BTL/repo/smart-posture-monitor/data/raw/lean_right/nguoi5_ss2/frame_0065.jpg,ss2,nguoi5,lean_right,-5.174617,3.660796,0.013426,-0.082983,0.651785,-0.089652,0.732770,-0.322322,0.592554,0.006669,-0.080985,0.210282,0.184775,0.657047,0.738234,-0.100693,-0.100710,0.246560
D:/BTL/repo/smart-posture-monitor/data/raw/lean_right/nguoi6_ss2/frame_0001.jpg,ss2,nguoi6,lean_right,-16.453224,6.308336,0.025810,-0.092011,0.653119,-0.086089,0.733279,-0.315472,0.600674,-0.005922,-0.080159,0.234891,0.164371,0.659569,0.738315,-0.111422,-0.096688,0.229533
D:/BTL/repo/smart-posture-monitor/data/raw/lean_right/nguoi6_ss2/frame_0002.jpg,ss2,nguoi6,lean_right,-10.186126,8.608356,0.034489,0.043822,0.678874,0.005361,0.743332,-0.288880,0.539014,0.038461,-0.064458,0.230416,0.259838,0.680287,0.743352,0.051930,0.005984,0.360904
D:/BTL/repo/smart-posture-monitor/data/raw/lean_right/nguoi6_ss2/frame_0003.jpg,ss2,nguoi6,lean_right,-9.678932,9.335401,0.036176,-0.019081,0.631997,-0.045327,0.697430,-0.306090,0.515338,0.026246,-0.065433,0.223017,0.222749,0.632285,0.698902,-0.023674,-0.052772,0.309812
D:/BTL/repo/smart-posture-monitor/data/raw/lean_right/nguoi6_ss2/frame_0004.jpg,ss2,nguoi6,lean_right,-7.428986,4.546023,0.017763,-0.010718,0.642588,-0.025906,0.705701,-0.286979,0.536453,0.015188,-0.063113,0.224107,0.219156,0.642678,0.706176,-0.013163,-0.029944,0.295947
D:/BTL/repo/smart-posture-monitor/data/raw/lean_right/nguoi6_ss2/frame_0005.jpg,ss2,nguoi6,lean_right,-8.026337,2.134913,0.008288,0.017474,0.638644,0.003032,0.704065,-0.271640,0.550243,0.014442,-0.065421,0.222477,0.221673,0.638883,0.704071,0.021541,0.003511,0.302326
D:/BTL/repo/smart-posture-monitor/data/raw/lean_right/nguoi6_ss2/frame_0006.jpg,ss2,nguoi6,lean_right,-8.190727,0.182180,0.000702,0.027924,0.632886,0.018323,0.695872,-0.259600,0.555279,0.009600,-0.062986,0.220820,0.218470,0.633502,0.696114,0.034608,0.021381,0.297814
D:/BTL/repo/smart-posture-monitor/data/raw/lean_right/nguoi6_ss2/frame_0007.jpg,ss2,nguoi6,lean_right,-9.726438,1.677290,0.006474,0.021978,0.654015,0.007077,0.718183,-0.273545,0.567173,0.014901,-0.064167,0.221190,0.225304,0.654384,0.718217,0.026691,0.008087,0.308019
D:/BTL/repo/smart-posture-monitor/data/raw/lean_right/nguoi6_ss2/frame_0008.jpg,ss2,nguoi6,lean_right,-7.973203,-1.131811,-0.004389,0.043930,0.632973,0.032957,0.698597,-0.257321,0.563292,0.010973,-0.065624,0.222223,0.225864,0.634496,0.699374,0.054411,0.038344,0.309205
D:/BTL/repo/smart-posture-monitor/data/raw/lean_right/nguoi6_ss2/frame_0009.jpg,ss2,nguoi6,lean_right,-8.372822,-0.869010,-0.003330,0.056429,0.628905,0.042779,0.694053,-0.248420,0.554927,0.013650,-0.065148,0.219560,0.229650,0.631432,0.695370,0.070127,0.049969,0.313696
D:/BTL/repo/smart-posture-monitor/data/raw/lean_right/nguoi6_ss2/frame_0010.jpg,ss2,nguoi6,lean_right,-8.353614,0.820619,0.003137,0.052493,0.623856,0.036859,0.690817,-0.251308,0.551339,0.015634,-0.066962,0.219035,0.225696,0.626060,0.691800,0.065572,0.043196,0.312336
D:/BTL/repo/smart-posture-monitor/data/raw/lean_right/nguoi6_ss2/frame_0011.jpg,ss2,nguoi6,lean_right,-8.528036,4.127112,0.015931,-0.029741,0.548885,-0.026014,0.638549,-0.262852,0.550935,-0.003727,-0.089665,0.221353,0.149443,0.549690,0.639079,-0.040039,-0.032066,0.233120
D:/BTL/repo/smart-posture-monitor/data/raw/lean_right/nguoi6_ss2/frame_0012.jpg,ss2,nguoi6,lean_right,-10.049315,-0.925475,-0.003726,0.084800,0.633227,0.074230,0.712568,-0.239218,0.593192,0.010570,-0.079340,0.230682,0.232274,0.638880,0.716424,0.104745,0.085067,0.326481
D:/BTL/repo/smart-posture-monitor/data/raw/lean_right/nguoi6_ss2/frame_0013.jpg,ss2,nguoi6,lean_right,-9.284510,-1.985716,-0.007772,0.108732,0.642316,0.093995,0.715204,-0.226040,0.593372,0.014738,-0.072888,0.224302,0.243000,0.651454,0.721354,0.132839,0.107293,0.338331
D:/BTL/repo/smart-posture-monitor/data/raw/lean_right/nguoi6_ss2/frame_0014.jpg,ss2,nguoi6,lean_right,-6.847929,-3.388074,-0.013242,0.135418,0.654055,0.117507,0.725709,-0.210241,0.601150,0.017911,-0.071654,0.224072,0.252635,0.667927,0.735161,0.163086,0.132536,0.349684
D:/BTL/repo/smart-posture-monitor/data/raw/lean_right/nguoi6_ss2/frame_0015.jpg,ss2,nguoi6,lean_right,-8.501692,-0.474529,-0.001851,0.070683,0.669802,0.058478,0.733212,-0.231051,0.588497,0.012205,-0.063411,0.223523,0.229813,0.673521,0.735541,0.084371,0.065796,0.312496
D:/BTL/repo/smart-posture-monitor/data/raw/lean_right/nguoi6_ss2/frame_0016.jpg,ss2,nguoi6,lean_right,-10.090417,-0.764611,-0.003001,0.061313,0.664393,0.053233,0.734583,-0.244470,0.611547,0.008080,-0.070189,0.224875,0.223241,0.667217,0.736509,0.073609,0.059834,0.310316
D:/BTL/repo/smart-posture-monitor/data/raw/lean_right/nguoi6_ss2/frame_0017.jpg,ss2,nguoi6,lean_right,-9.845206,-0.913048,-0.003592,0.062282,0.646481,0.057178,0.722398,-0.235453,0.615865,0.005104,-0.075917,0.225402,0.210036,0.649474,0.724657,0.076069,0.064989,0.299305
D:/BTL/repo/smart-posture-monitor/data/raw/lean_right/nguoi6_ss2/frame_0018.jpg,ss2,nguoi6,lean_right,-9.845901,-1.733765,-0.006656,0.060957,0.637260,0.057749,0.716206,-0.231358,0.626908,0.003207,-0.078945,0.219985,0.201692,0.640169,0.718530,0.075123,0.066018,0.292498
D:/BTL/repo/smart-posture-monitor/data/raw/lean_right/nguoi6_ss2/frame_0019.jpg,ss2,nguoi6,lean_right,-10.360815,-0.124301,-0.000484,0.053444,0.637709,0.047615,0.717329,-0.240703,0.618024,0.005829,-0.079621,0.223244,0.202808,0.639944,0.718908,0.065863,0.054401,0.294805
D:/BTL/repo/smart-posture-monitor/data/raw/lean_right/nguoi6_ss2/frame_0020.jpg,ss2,nguoi6,lean_right,-10.572371,-0.271536,-0.001083,0.050315,0.725941,0.039030,0.775031,-0.248124,0.594023,0.011285,-0.049091,0.228503,0.250711,0.727682,0.776013,0.057018,0.042291,0.326295
D:/BTL/repo/smart-posture-monitor/data/raw/lean_right/nguoi6_ss2/frame_0021.jpg,ss2,nguoi6,lean_right,-9.734344,2.998950,0.012329,0.062237,0.729705,0.043114,0.787788,-0.250712,0.601534,0.019123,-0.058083,0.235666,0.251917,0.732354,0.788967,0.070240,0.046172,0.338179
D:/BTL/repo/smart-posture-monitor/data/raw/lean_right/nguoi6_ss2/frame_0022.jpg,ss2,nguoi6,lean_right,-7.343382,1.734305,0.006943,0.039028,0.591427,0.034613,0.689328,-0.244729,0.614953,0.004415,-0.097901,0.229408,0.179305,0.592713,0.690197,0.050357,0.040624,0.284731
D:/BTL/repo/smart-posture-monitor/data/raw/lean_right/nguoi6_ss2/frame_0023.jpg,ss2,nguoi6,lean_right,-7.522458,0.159483,0.000651,0.035244,0.568602,0.036087,0.671807,-0.247884,0.623708,-0.000843,-0.103205,0.233713,0.173809,0.569693,0.672776,0.046519,0.043066,0.288441
D:/BTL/repo/smart-posture-monitor/data/raw/lean_right/nguoi6_ss2/frame_0024.jpg,ss2,nguoi6,lean_right,-8.730947,4.369447,0.017090,-0.001043,0.691303,-0.003654,0.751912,-0.242941,0.576881,0.002610,-0.060610,0.224310,0.209675,0.691303,0.751921,-0.001223,-0.004046,0.267595
D:/BTL/repo/smart-posture-monitor/data/raw/lean_right/nguoi6_ss2/frame_0025.jpg,ss2,nguoi6,lean_right,-8.963252,-4.887443,-0.019210,0.131760,0.716901,0.106995,0.773297,-0.231569,0.605934,0.024765,-0.056397,0.225473,0.287230,0.728908,0.780664,0.149600,0.115638,0.379896
D:/BTL/repo/smart-posture-monitor/data/raw/lean_right/nguoi6_ss2/frame_0026.jpg,ss2,nguoi6,lean_right,-8.414945,-4.776436,-0.018495,0.148942,0.682736,0.131559,0.751068,-0.211375,0.630054,0.017383,-0.068332,0.222116,0.266296,0.698793,0.762503,0.174237,0.144739,0.364148
D:/BTL/repo/smart-posture-monitor/data/raw/lean_right/nguoi6_ss2/frame_0027.jpg,ss2,nguoi6,lean_right,-7.665791,-3.860565,-0.015329,0.127524,0.603265,0.121185,0.696083,-0.209509,0.638174,0.006339,-0.092818,0.227668,0.226804,0.616597,0.706553,0.161478,0.140469,0.338836
D:/BTL/repo/smart-posture-monitor/data/raw/lean_right/nguoi6_ss2/frame_0028.jpg,ss2,nguoi6,lean_right,-7.651185,-4.753093,-0.018935,0.103616,0.578008,0.101940,0.677490,-0.217271,0.634599,0.001676,-0.099483,0.228518,0.211915,0.587221,0.685117,0.134864,0.120493,0.325839
D:/BTL/repo/smart-posture-monitor/data/raw/lean_right/nguoi6_ss2/frame_0029.jpg,ss2,nguoi6,lean_right,-8.575430,-7.104588,-0.027568,0.136512,0.576526,0.136652,0.676609,-0.198801,0.658835,-0.000140,-0.100083,0.222894,0.227065,0.592468,0.690271,0.177249,0.161047,0.345267
D:/BTL/repo/smart-posture-monitor/data/raw/lean_right/nguoi6_ss2/frame_0030.jpg,ss2,nguoi6,lean_right,-8.075079,-5.470205,-0.021807,0.110600,0.581403,0.111391,0.679940,-0.213388,0.648286,-0.000791,-0.098538,0.228755,0.215173,0.591829,0.689004,0.143368,0.131237,0.330819
D:/BTL/repo/smart-posture-monitor/data/raw/lean_right/nguoi6_ss2/frame_0031.jpg,ss2,nguoi6,lean_right,-7.097202,-4.914648,-0.019423,0.110041,0.582722,0.108929,0.678861,-0.207716,0.634861,0.001112,-0.096138,0.226715,0.210666,0.593021,0.687545,0.142466,0.128500,0.322005
D:/BTL/repo/smart-posture-monitor/data/raw/lean_right/nguoi6_ss2/frame_0032.jpg,ss2,nguoi6,lean_right,-7.297344,3.350692,0.013683,0.032569,0.571010,0.024830,0.676584,-0.261244,0.613532,0.007738,-0.105575,0.234112,0.178310,0.571938,0.677040,0.042889,0.029506,0.296874
D:/BTL/repo/smart-posture-monitor/data/raw/lean_right/nguoi6_ss2/frame_0033.jpg,ss2,nguoi6,lean_right,-6.256007,3.361230,0.012955,0.092447,0.553990,0.067807,0.661980,-0.267575,0.595950,0.024641,-0.107990,0.220959,0.232837,0.561651,0.665444,0.123357,0.081561,0.362459
D:/BTL/repo/smart-posture-monitor/data/raw/lean_right/nguoi6_ss2/frame_0034.jpg,ss2,nguoi6,lean_right,-8.002457,-0.318624,-0.001270,0.047213,0.636543,0.043959,0.722798,-0.236474,0.620509,0.003254,-0.086256,0.228376,0.195528,0.638291,0.724134,0.058267,0.049974,0.284140
D:/BTL/repo/smart-posture-monitor/data/raw/lean_right/nguoi6_ss2/frame_0036.jpg,ss2,nguoi6,lean_right,-8.491863,8.025448,0.031776,-0.070184,0.611771,-0.067850,0.702091,-0.291476,0.578480,-0.002334,-0.090320,0.227599,0.154636,0.615783,0.705362,-0.088619,-0.078556,0.223783
D:/BTL/repo/smart-posture-monitor/data/raw/lean_right/nguoi6_ss2/frame_0037.jpg,ss2,nguoi6,lean_right,-9.501472,4.820232,0.019169,0.044696,0.747054,0.021471,0.788644,-0.256750,0.566596,0.023225,-0.041590,0.228120,0.268741,0.748390,0.788936,0.049678,0.022989,0.351332
D:/BTL/repo/smart-posture-monitor/data/raw/lean_right/nguoi6_ss2/frame_0038.jpg,ss2,nguoi6,lean_right,-9.329941,4.322902,0.016707,0.057696,0.756806,0.025576,0.794614,-0.266336,0.564425,0.032120,-0.037808,0.221640,0.286565,0.759002,0.795025,0.063518,0.027235,0.376838
D:/BTL/repo/smart-posture-monitor/data/raw/lean_right/nguoi6_ss2/frame_0040.jpg,ss2,nguoi6,lean_right,-6.884176,13.292065,0.046959,-0.186681,0.627944,-0.169807,0.716412,-0.325717,0.574244,-0.016874,-0.088467,0.204246,0.131461,0.655106,0.736261,-0.228737,-0.191915,0.149046
D:/BTL/repo/smart-posture-monitor/data/raw/lean_right/nguoi6_ss2/frame_0041.jpg,ss2,nguoi6,lean_right,-7.061904,5.665939,0.021887,0.038167,0.640556,0.014449,0.725680,-0.276593,0.588400,0.023719,-0.085123,0.221689,0.220516,0.641693,0.725824,0.046937,0.016394,0.319052
D:/BTL/repo/smart-posture-monitor/data/raw/lean_right/nguoi6_ss2/frame_0042.jpg,ss2,nguoi6,lean_right,-7.774358,-0.464666,-0.001759,0.119015,0.667847,0.090123,0.736547,-0.241783,0.590890,0.028892,-0.068700,0.216893,0.267224,0.678369,0.742041,0.141729,0.100882,0.368914
D:/BTL/repo/smart-posture-monitor/data/raw/lean_right/nguoi6_ss2/frame_0043.jpg,ss2,nguoi6,lean_right,-7.705413,-0.205434,-0.000818,0.058121,0.573195,0.052432,0.675804,-0.247019,0.624071,0.005689,-0.102609,0.228003,0.192642,0.576134,0.677835,0.076286,0.062292,0.309353
D:/BTL/repo/smart-posture-monitor/data/raw/lean_right/nguoi6_ss2/frame_0044.jpg,ss2,nguoi6,lean_right,-7.831649,-1.122428,-0.004503,0.051046,0.567378,0.048751,0.671160,-0.247963,0.624692,0.002295,-0.103781,0.229896,0.188204,0.569670,0.672928,0.067412,0.058186,0.304452
D:/BTL/repo/smart-posture-monitor/data/raw/lean_right/nguoi6_ss2/frame_0045.jpg,ss2,nguoi6,lean_right,-7.058383,-0.477927,-0.001861,0.115540,0.672877,0.089041,0.749326,-0.237191,0.610112,0.026499,-0.076449,0.223123,0.256370,0.682725,0.754598,0.136984,0.098510,0.358272
D:/BTL/repo/smart-posture-monitor/data/raw/lean_right/nguoi6_ss2/frame_0046.jpg,ss2,nguoi6,lean_right,-8.022561,-7.607872,-0.026006,0.240455,0.705050,0.200998,0.768014,-0.180933,0.625049,0.039457,-0.062965,0.196431,0.324517,0.744925,0.793880,0.271128,0.215663,0.428914
D:/BTL/repo/smart-posture-monitor/data/raw/lean_right/nguoi6_ss2/frame_0047.jpg,ss2,nguoi6,lean_right,-8.169822,-8.577646,-0.029168,0.289233,0.677870,0.251342,0.753542,-0.148286,0.642344,0.037890,-0.075672,0.195559,0.328016,0.736996,0.794354,0.330502,0.270607,0.438958
D:/BTL/repo/smart-posture-monitor/data/raw/lean_right/nguoi6_ss2/frame_0048.jpg,ss2,nguoi6,lean_right,-7.259690,-6.595057,-0.023693,0.218697,0.618427,0.196496,0.705730,-0.175706,0.637300,0.022200,-0.087303,0.206297,0.281429,0.655958,0.732575,0.268744,0.223320,0.394854
D:/BTL/repo/smart-posture-monitor/data/raw/lean_right/nguoi6_ss2/frame_0049.jpg,ss2,nguoi6,lean_right,-7.397860,-7.336595,-0.026652,0.204290,0.617446,0.185193,0.704221,-0.181197,0.636353,0.019097,-0.086775,0.208714,0.275140,0.650364,0.728165,0.252018,0.211173,0.385950
D:/BTL/repo/smart-posture-monitor/data/raw/lean_right/nguoi6_ss2/frame_0050.jpg,ss2,nguoi6,lean_right,-7.794330,-6.650698,-0.024551,0.207482,0.637019,0.186990,0.720105,-0.178101,0.638600,0.020493,-0.083086,0.211982,0.276221,0.669957,0.743987,0.251040,0.210049,0.385587
D:/BTL/repo/smart-posture-monitor/data/raw/lean_right/nguoi6_ss2/frame_0051.jpg,ss2,nguoi6,lean_right,-6.476796,-11.030079,-0.030856,0.351880,0.638426,0.305892,0.721999,-0.117861,0.642198,0.045988,-0.083573,0.161274,0.357521,0.728977,0.784125,0.409177,0.334373,0.469756
D:/BTL/repo/smart-posture-monitor/data/raw/lean_right/nguoi6_ss2/frame_0052.jpg,ss2,nguoi6,lean_right,-6.160125,-15.928584,-0.038442,0.357716,0.623916,0.312552,0.709263,-0.101735,0.648488,0.045164,-0.085347,0.140076,0.356041,0.719189,0.775076,0.420701,0.344947,0.460107
D:/BTL/repo/smart-posture-monitor/data/raw/lean_right/nguoi6_ss2/frame_0053.jpg,ss2,nguoi6,lean_right,-6.319180,-12.349606,-0.030587,0.335642,0.624877,0.291801,0.712247,-0.115579,0.653445,0.043841,-0.087370,0.143013,0.345565,0.709315,0.769703,0.397310,0.322956,0.452125
D:/BTL/repo/smart-posture-monitor/data/raw/lean_right/nguoi6_ss2/frame_0054.jpg,ss2,nguoi6,lean_right,-6.020657,-7.205606,-0.020354,0.290788,0.639728,0.247490,0.726711,-0.154214,0.647128,0.043297,-0.086983,0.162270,0.333515,0.702716,0.767698,0.344082,0.273190,0.445063
D:/BTL/repo/smart-posture-monitor/data/raw/lean_right/nguoi6_ss2/frame_0055.jpg,ss2,nguoi6,lean_right,-4.325310,-4.252380,-0.016006,0.166958,0.636659,0.145149,0.717701,-0.196969,0.611065,0.021809,-0.081041,0.215863,0.261007,0.658187,0.732231,0.203539,0.164412,0.364825
D:/BTL/repo/smart-posture-monitor/data/raw/lean_right/nguoi6_ss2/frame_0056.jpg,ss2,nguoi6,lean_right,-7.352799,-9.699015,-0.036223,0.245829,0.662741,0.217515,0.731949,-0.176202,0.615156,0.028315,-0.069208,0.215006,0.317804,0.706864,0.763584,0.287932,0.240408,0.424706
D:/BTL/repo/smart-posture-monitor/data/raw/lean_right/nguoi6_ss2/frame_0057.jpg,ss2,nguoi6,lean_right,-7.842942,-9.020301,-0.034984,0.255210,0.646607,0.234472,0.726038,-0.152643,0.634264,0.020739,-0.079431,0.223133,0.297705,0.695149,0.762960,0.302813,0.259684,0.408040
D:/BTL/repo/smart-posture-monitor/data/raw/lean_right/nguoi6_ss2/frame_0058.jpg,ss2,nguoi6,lean_right,-6.983080,-9.306703,-0.037479,0.203069,0.629791,0.195063,0.708085,-0.164151,0.629748,0.008006,-0.078294,0.231754,0.263404,0.661720,0.734462,0.247618,0.221264,0.367220
D:/BTL/repo/smart-posture-monitor/data/raw/lean_right/nguoi6_ss2/frame_0059.jpg,ss2,nguoi6,lean_right,-6.878814,-11.083025,-0.043618,0.210726,0.630777,0.205576,0.709096,-0.156141,0.644070,0.005151,-0.078319,0.226905,0.265010,0.665045,0.738294,0.256325,0.232536,0.367108
D:/BTL/repo/smart-posture-monitor/data/raw/lean_right/nguoi6_ss2/frame_0060.jpg,ss2,nguoi6,lean_right,-7.455020,0.573831,0.002410,0.047514,0.641829,0.052674,0.722704,-0.215575,0.601603,-0.005160,-0.080875,0.240659,0.190413,0.643585,0.724621,0.058338,0.059865,0.266146
D:/BTL/repo/smart-posture-monitor/data/raw/lean_right/nguoi6_ss2/frame_0061.jpg,ss2,nguoi6,lean_right,-6.742997,1.040783,0.004323,0.042364,0.623157,0.046888,0.711692,-0.218554,0.608675,-0.004523,-0.088535,0.237978,0.177837,0.624595,0.713235,0.052980,0.053855,0.261320
D:/BTL/repo/smart-posture-monitor/data/raw/lean_right/nguoi6_ss2/frame_0062.jpg,ss2,nguoi6,lean_right,-6.381032,1.230869,0.005059,0.043916,0.621061,0.047047,0.709040,-0.216829,0.604565,-0.003131,-0.087979,0.235525,0.178185,0.622612,0.710599,0.055030,0.054174,0.261267
D:/BTL/repo/smart-posture-monitor/data/raw/lean_right/nguoi7_ss1/frame_0001.jpg,ss1,nguoi7,lean_right,5.429803,-13.149732,-0.048449,0.450375,0.318291,0.452102,0.466664,0.015052,0.618171,-0.001727,-0.148372,0.212967,0.356832,0.551495,0.649747,0.680121,0.591202,0.528615
D:/BTL/repo/smart-posture-monitor/data/raw/lean_right/nguoi7_ss1/frame_0002.jpg,ss1,nguoi7,lean_right,6.086765,-9.882996,-0.034033,0.510400,0.370848,0.492251,0.514642,0.031455,0.617910,0.018148,-0.143794,0.198287,0.373227,0.630901,0.712157,0.705313,0.603074,0.538913
D:/BTL/repo/smart-posture-monitor/data/raw/lean_right/nguoi7_ss1/frame_0003.jpg,ss1,nguoi7,lean_right,6.132109,-11.998116,-0.045414,0.448679,0.333885,0.446728,0.479843,-0.001746,0.621341,0.001950,-0.145958,0.218462,0.361694,0.559278,0.655604,0.667913,0.578596,0.534335
D:/BTL/repo/smart-posture-monitor/data/raw/lean_right/nguoi7_ss1/frame_0004.jpg,ss1,nguoi7,lean_right,5.705683,-11.164357,-0.041948,0.440738,0.316986,0.440244,0.464093,-0.007699,0.618224,0.000494,-0.147107,0.216649,0.366698,0.542890,0.639685,0.670229,0.580618,0.540222
D:/BTL/repo/smart-posture-monitor/data/raw/lean_right/nguoi7_ss1/frame_0005.jpg,ss1,nguoi7,lean_right,5.504457,-11.851222,-0.047065,0.427001,0.326357,0.427753,0.475727,-0.020362,0.618668,-0.000752,-0.149370,0.229170,0.356561,0.537438,0.639757,0.648350,0.561431,0.534395
D:/BTL/repo/smart-posture-monitor/data/raw/lean_right/nguoi7_ss1/frame_0006.jpg,ss1,nguoi7,lean_right,5.918433,-12.907530,-0.046956,0.487202,0.330782,0.481789,0.481762,0.021583,0.624067,0.005414,-0.150981,0.210211,0.376974,0.588882,0.681333,0.710117,0.611513,0.550289
D:/BTL/repo/smart-posture-monitor/data/raw/lean_right/nguoi7_ss1/frame_0007.jpg,ss1,nguoi7,lean_right,6.866872,-11.762527,-0.044818,0.473597,0.318747,0.471376,0.471897,0.014361,0.621925,0.002221,-0.153150,0.219853,0.371975,0.570871,0.666995,0.704608,0.607170,0.550287
D:/BTL/repo/smart-posture-monitor/data/raw/lean_right/nguoi7_ss1/frame_0008.jpg,ss1,nguoi7,lean_right,6.325265,-11.625015,-0.042301,0.486165,0.330558,0.482900,0.475437,0.017032,0.633879,0.003265,-0.144879,0.209926,0.388149,0.587898,0.677667,0.709243,0.616104,0.558649
D:/BTL/repo/smart-posture-monitor/data/raw/lean_right/nguoi7_ss1/frame_0009.jpg,ss1,nguoi7,lean_right,6.415612,-11.269298,-0.041191,0.479911,0.325324,0.475525,0.471525,0.011608,0.624134,0.004386,-0.146201,0.210782,0.383966,0.579785,0.669672,0.706559,0.611346,0.555514
D:/BTL/repo/smart-posture-monitor/data/raw/lean_right/nguoi7_ss1/frame_0010.jpg,ss1,nguoi7,lean_right,6.046165,-11.635372,-0.044108,0.449438,0.320849,0.448533,0.468384,-0.001857,0.617492,0.000904,-0.147535,0.218701,0.366044,0.552212,0.648511,0.677377,0.586672,0.540059
D:/BTL/repo/smart-posture-monitor/data/raw/lean_right/nguoi7_ss1/frame_0011.jpg,ss1,nguoi7,lean_right,6.916123,-11.119927,-0.041777,0.442657,0.321769,0.441098,0.467046,-0.006191,0.612994,0.001559,-0.145278,0.216616,0.363222,0.547248,0.642417,0.669223,0.579872,0.535049
D:/BTL/repo/smart-posture-monitor/data/raw/lean_right/nguoi7_ss1/frame_0012.jpg,ss1,nguoi7,lean_right,8.728307,-10.850234,-0.038978,0.509624,0.329025,0.501148,0.474890,0.031659,0.616518,0.008476,-0.145865,0.207064,0.387557,0.606609,0.690413,0.732718,0.633178,0.557766
D:/BTL/repo/smart-posture-monitor/data/raw/lean_right/nguoi7_ss1/frame_0013.jpg,ss1,nguoi7,lean_right,8.340305,-8.050419,-0.025061,0.519446,0.316160,0.504349,0.455565,0.040217,0.591895,0.015096,-0.139405,0.178950,0.395419,0.608096,0.679638,0.750588,0.647254,0.552892
D:/BTL/repo/smart-posture-monitor/data/raw/lean_right/nguoi7_ss1/frame_0014.jpg,ss1,nguoi7,lean_right,5.095527,-17.797705,-0.076916,0.649019,0.330603,0.654324,0.511315,0.126818,0.705984,-0.005305,-0.180711,0.251642,0.436609,0.728371,0.830411,0.832999,0.728404,0.643122
D:/BTL/repo/smart-posture-monitor/data/raw/lean_right/nguoi7_ss1/frame_0015.jpg,ss1,nguoi7,lean_right,1.074496,-20.806509,-0.071928,0.653029,0.378644,0.650150,0.537744,0.161074,0.689560,0.002878,-0.159099,0.202491,0.411096,0.754863,0.843720,0.805210,0.711338,0.581969
D:/BTL/repo/smart-posture-monitor/data/raw/lean_right/nguoi7_ss1/frame_0016.jpg,ss1,nguoi7,lean_right,0.286849,-17.645510,-0.058239,0.673915,0.390252,0.660521,0.547836,0.157997,0.687972,0.013394,-0.157583,0.192128,0.425710,0.778754,0.858144,0.809832,0.712460,0.595657
D:/BTL/repo/smart-posture-monitor/data/raw/lean_right/nguoi7_ss1/frame_0017.jpg,ss1,nguoi7,lean_right,6.670072,-15.294935,-0.043491,0.673117,0.290534,0.665097,0.440215,0.168696,0.626354,0.008020,-0.149681,0.164871,0.448127,0.733141,0.797586,0.870358,0.775332,0.605982
D:/BTL/repo/smart-posture-monitor/data/raw/lean_right/nguoi7_ss1/frame_0018.jpg,ss1,nguoi7,lean_right,7.937550,-17.136393,-0.048329,0.653573,0.262033,0.650672,0.411960,0.174307,0.607726,0.002901,-0.149927,0.164023,0.433413,0.704145,0.770120,0.879239,0.783545,0.590932
D:/BTL/repo/smart-posture-monitor/data/raw/lean_right/nguoi7_ss1/frame_0019.jpg,ss1,nguoi7,lean_right,7.430234,-15.694818,-0.043645,0.638359,0.251139,0.636365,0.397254,0.172621,0.590333,0.001995,-0.146115,0.161342,0.422359,0.685983,0.750180,0.879003,0.783793,0.576164
D:/BTL/repo/smart-posture-monitor/data/raw/lean_right/nguoi7_ss1/frame_0020.jpg,ss1,nguoi7,lean_right,5.980749,-14.271093,-0.040180,0.641164,0.266612,0.634393,0.411641,0.159992,0.591243,0.006771,-0.145028,0.162996,0.426380,0.694387,0.756243,0.870217,0.773747,0.580441
D:/BTL/repo/smart-posture-monitor/data/raw/lean_right/nguoi7_ss1/frame_0021.jpg,ss1,nguoi7,lean_right,5.674652,-16.298906,-0.043724,0.631430,0.225706,0.632737,0.363906,0.177770,0.563497,-0.001307,-0.138200,0.155797,0.419689,0.670557,0.729920,0.892539,0.802398,0.565606
D:/BTL/repo/smart-posture-monitor/data/raw/lean_right/nguoi7_ss1/frame_0022.jpg,ss1,nguoi7,lean_right,5.837963,-16.842457,-0.045545,0.604006,0.234808,0.603535,0.373746,0.150976,0.565692,0.000472,-0.138938,0.157191,0.413523,0.648042,0.709888,0.871889,0.777286,0.560999
D:/BTL/repo/smart-posture-monitor/data/raw/lean_right/nguoi7_ss1/frame_0023.jpg,ss1,nguoi7,lean_right,5.544815,-15.256244,-0.041339,0.621111,0.249161,0.618227,0.390588,0.160276,0.578842,0.002883,-0.141427,0.157101,0.417298,0.669223,0.731276,0.871429,0.776390,0.566620
D:/BTL/repo/smart-posture-monitor/data/raw/lean_right/nguoi7_ss1/frame_0024.jpg,ss1,nguoi7,lean_right,6.736100,-16.498018,-0.044500,0.622239,0.239747,0.622041,0.381836,0.165024,0.580076,0.000197,-0.142089,0.156701,0.420493,0.666828,0.729886,0.878451,0.784367,0.569973
D:/BTL/repo/smart-posture-monitor/data/raw/lean_right/nguoi7_ss1/frame_0025.jpg,ss1,nguoi7,lean_right,5.986534,-16.622511,-0.044832,0.606444,0.241671,0.606628,0.382247,0.152412,0.579435,-0.000184,-0.140576,0.156719,0.417476,0.652824,0.717015,0.868455,0.773945,0.565888
D:/BTL/repo/smart-posture-monitor/data/raw/lean_right/nguoi7_ss1/frame_0026.jpg,ss1,nguoi7,lean_right,6.726316,-17.986063,-0.047212,0.620653,0.231479,0.622987,0.371757,0.169599,0.578190,-0.002333,-0.140278,0.152896,0.422303,0.662414,0.725476,0.883275,0.791349,0.568910
D:/BTL/repo/smart-posture-monitor/data/raw/lean_right/nguoi7_ss1/frame_0027.jpg,ss1,nguoi7,lean_right,6.444471,-17.216755,-0.046780,0.622419,0.232305,0.623762,0.374648,0.166608,0.578158,-0.001343,-0.142344,0.158048,0.422037,0.664358,0.727627,0.883620,0.790007,0.572170
D:/BTL/repo/smart-posture-monitor/data/raw/lean_right/nguoi7_ss1/frame_0028.jpg,ss1,nguoi7,lean_right,5.925896,-18.025040,-0.047478,0.631486,0.245560,0.630953,0.389163,0.166879,0.589341,0.000533,-0.143603,0.153434,0.429077,0.677550,0.741316,0.879279,0.785431,0.577965
D:/BTL/repo/smart-posture-monitor/data/raw/lean_right/nguoi7_ss1/frame_0029.jpg,ss1,nguoi7,lean_right,6.516914,-16.678270,-0.044940,0.632581,0.246261,0.632367,0.389813,0.170543,0.589827,0.000214,-0.143552,0.156587,0.425622,0.678825,0.742861,0.879362,0.785911,0.575775
D:/BTL/repo/smart-posture-monitor/data/raw/lean_right/nguoi7_ss1/frame_0030.jpg,ss1,nguoi7,lean_right,6.070449,-15.738643,-0.049233,0.615936,0.318643,0.606559,0.461673,0.134740,0.606263,0.009377,-0.143030,0.181504,0.402753,0.693477,0.762270,0.821458,0.725195,0.560602
D:/BTL/repo/smart-posture-monitor/data/raw/lean_right/nguoi7_ss1/frame_0031.jpg,ss1,nguoi7,lean_right,6.231420,-10.700047,-0.036902,0.583700,0.390871,0.557312,0.541282,0.078274,0.622332,0.026388,-0.150411,0.198754,0.386492,0.702486,0.776906,0.752303,0.643503,0.555904
D:/BTL/repo/smart-posture-monitor/data/raw/lean_right/nguoi7_ss1/frame_0032.jpg,ss1,nguoi7,lean_right,5.983011,-10.921124,-0.035175,0.604860,0.392437,0.575647,0.536439,0.082249,0.619610,0.029213,-0.144003,0.185664,0.407559,0.721015,0.786852,0.766281,0.660245,0.569851
D:/BTL/repo/smart-posture-monitor/data/raw/lean_right/nguoi7_ss1/frame_0033.jpg,ss1,nguoi7,lean_right,6.796762,-10.978251,-0.036980,0.620369,0.384334,0.592902,0.534475,0.087636,0.630227,0.027467,-0.150141,0.194184,0.417168,0.729774,0.798246,0.781715,0.674104,0.586744
D:/BTL/repo/smart-posture-monitor/data/raw/lean_right/nguoi7_ss1/frame_0034.jpg,ss1,nguoi7,lean_right,6.802813,-10.910725,-0.033724,0.621926,0.391031,0.591829,0.534157,0.094119,0.621966,0.030097,-0.143126,0.178169,0.416326,0.734641,0.797236,0.778518,0.673496,0.576118
D:/BTL/repo/smart-posture-monitor/data/raw/lean_right/nguoi7_ss1/frame_0035.jpg,ss1,nguoi7,lean_right,6.837193,-10.593442,-0.035175,0.616896,0.372284,0.590069,0.522736,0.090352,0.621923,0.026827,-0.150453,0.191336,0.413805,0.720525,0.788311,0.787102,0.678487,0.582725
D:/BTL/repo/smart-posture-monitor/data/raw/lean_right/nguoi7_ss1/frame_0036.jpg,ss1,nguoi7,lean_right,5.728232,-14.796809,-0.053905,0.567230,0.415673,0.546623,0.570727,0.069511,0.656998,0.020607,-0.155054,0.211068,0.379739,0.703231,0.790269,0.724248,0.619491,0.553138
D:/BTL/repo/smart-posture-monitor/data/raw/lean_right/nguoi7_ss1/frame_0037.jpg,ss1,nguoi7,lean_right,6.525883,-13.152534,-0.048901,0.596135,0.382519,0.575674,0.540286,0.080768,0.641883,0.020460,-0.157767,0.214907,0.397824,0.708306,0.789500,0.766548,0.658178,0.576951
D:/BTL/repo/smart-posture-monitor/data/raw/lean_right/nguoi7_ss1/frame_0038.jpg,ss1,nguoi7,lean_right,6.767582,-12.881580,-0.048380,0.602494,0.377854,0.583855,0.536513,0.093690,0.641499,0.018640,-0.158659,0.217011,0.392789,0.711177,0.792926,0.773939,0.666348,0.573054
D:/BTL/repo/smart-posture-monitor/data/raw/lean_right/nguoi7_ss1/frame_0039.jpg,ss1,nguoi7,lean_right,6.294010,-12.154757,-0.045842,0.605815,0.383617,0.585882,0.540395,0.082077,0.648176,0.019933,-0.156778,0.217721,0.406345,0.717059,0.797048,0.772522,0.665740,0.586765
D:/BTL/repo/smart-posture-monitor/data/raw/lean_right/nguoi7_ss1/frame_0040.jpg,ss1,nguoi7,lean_right,6.690774,-11.757232,-0.043014,0.604282,0.374878,0.582801,0.531403,0.075221,0.638641,0.021481,-0.156525,0.211098,0.413237,0.711119,0.788699,0.777067,0.668355,0.591166
D:/BTL/repo/smart-posture-monitor/data/raw/lean_right/nguoi7_ss1/frame_0041.jpg,ss1,nguoi7,lean_right,6.786608,-12.606090,-0.044621,0.624166,0.384692,0.599783,0.536248,0.093054,0.633294,0.024383,-0.151556,0.204452,0.413773,0.733192,0.804551,0.783931,0.678102,0.586415
D:/BTL/repo/smart-posture-monitor/data/raw/lean_right/nguoi7_ss1/frame_0042.jpg,ss1,nguoi7,lean_right,7.003551,-12.747507,-0.044412,0.620241,0.383912,0.596856,0.534342,0.094696,0.635527,0.023384,-0.150430,0.201274,0.411651,0.729443,0.801099,0.781898,0.677039,0.582672
D:/BTL/repo/smart-posture-monitor/data/raw/lean_right/nguoi7_ss1/frame_0043.jpg,ss1,nguoi7,lean_right,6.658828,-13.028522,-0.045135,0.603655,0.381762,0.582807,0.524920,0.091531,0.620397,0.020848,-0.143158,0.200212,0.400440,0.714242,0.784350,0.772233,0.671922,0.564993
D:/BTL/repo/smart-posture-monitor/data/raw/lean_right/nguoi7_ss1/frame_0044.jpg,ss1,nguoi7,lean_right,6.175648,-10.676394,-0.038910,0.610542,0.388598,0.584769,0.542358,0.092768,0.626684,0.025774,-0.153760,0.210029,0.394178,0.723720,0.797563,0.772553,0.663854,0.569890
D:/BTL/repo/smart-posture-monitor/data/raw/lean_right/nguoi7_ss1/frame_0045.jpg,ss1,nguoi7,lean_right,6.569580,-11.482024,-0.038150,0.609359,0.400235,0.584690,0.550096,0.092534,0.648443,0.024669,-0.149861,0.191649,0.406063,0.729045,0.802788,0.764443,0.659630,0.573337
D:/BTL/repo/smart-posture-monitor/data/raw/lean_right/nguoi7_ss1/frame_0046.jpg,ss1,nguoi7,lean_right,6.894217,-11.147367,-0.032348,0.641867,0.394994,0.610590,0.534169,0.129861,0.610876,0.031277,-0.139175,0.167315,0.403219,0.753666,0.811268,0.788557,0.686877,0.555657
D:/BTL/repo/smart-posture-monitor/data/raw/lean_right/nguoi7_ss1/frame_0047.jpg,ss1,nguoi7,lean_right,6.425186,-9.876459,-0.032318,0.633640,0.404927,0.601008,0.547943,0.102351,0.615548,0.032633,-0.143015,0.188416,0.409092,0.751975,0.813296,0.777378,0.672646,0.571515
D:/BTL/repo/smart-posture-monitor/data/raw/lean_right/nguoi7_ss1/frame_0048.jpg,ss1,nguoi7,lean_right,6.131562,-10.454583,-0.032516,0.632326,0.403509,0.601082,0.547719,0.108174,0.627169,0.031244,-0.144210,0.179194,0.409701,0.750104,0.813201,0.777422,0.672820,0.569877
D:/BTL/repo/smart-posture-monitor/data/raw/lean_right/nguoi7_ss1/frame_0049.jpg,ss1,nguoi7,lean_right,5.890181,-8.476497,-0.027413,0.604555,0.400609,0.570409,0.549325,0.080402,0.620578,0.034146,-0.148716,0.185970,0.402177,0.725241,0.791912,0.760931,0.649316,0.568439
D:/BTL/repo/smart-posture-monitor/data/raw/lean_right/nguoi7_ss1/frame_0050.jpg,ss1,nguoi7,lean_right,5.428849,-6.642910,-0.019960,0.615443,0.434433,0.576487,0.571066,0.098015,0.617016,0.038956,-0.136632,0.172540,0.394425,0.753328,0.811451,0.747547,0.642416,0.548697
D:/BTL/repo/smart-posture-monitor/data/raw/lean_right/nguoi7_ss1/frame_0051.jpg,ss1,nguoi7,lean_right,5.783412,-6.606958,-0.019712,0.616857,0.408872,0.576733,0.552199,0.081317,0.613368,0.040124,-0.143327,0.171327,0.413518,0.740060,0.798464,0.764104,0.652569,0.573256
D:/BTL/repo/smart-posture-monitor/data/raw/lean_right/nguoi7_ss1/frame_0052.jpg,ss1,nguoi7,lean_right,4.623057,-3.102114,-0.009487,0.607786,0.420756,0.560841,0.563137,0.051862,0.608743,0.046944,-0.142381,0.175307,0.423430,0.739215,0.794774,0.750657,0.634631,0.586847
D:/BTL/repo/smart-posture-monitor/data/raw/lean_right/nguoi7_ss1/frame_0053.jpg,ss1,nguoi7,lean_right,6.844069,-23.921093,-0.104926,0.434410,0.510395,0.451101,0.644567,0.025920,0.729855,-0.016691,-0.134172,0.258772,0.308660,0.670235,0.786739,0.550127,0.502520,0.463710
D:/BTL/repo/smart-posture-monitor/data/raw/lean_right/nguoi7_ss1/frame_0054.jpg,ss1,nguoi7,lean_right,5.134702,-27.696173,-0.109433,0.498980,0.475570,0.508890,0.619216,0.067999,0.731659,-0.009910,-0.143646,0.235451,0.341567,0.689310,0.801497,0.630832,0.564480,0.501324
D:/BTL/repo/smart-posture-monitor/data/raw/lean_right/nguoi7_ss1/frame_0055.jpg,ss1,nguoi7,lean_right,5.609875,-24.578770,-0.085183,0.582161,0.430393,0.576043,0.582287,0.094121,0.705662,0.006118,-0.151894,0.204794,0.397106,0.723982,0.819075,0.726442,0.636258,0.560317
D:/BTL/repo/smart-posture-monitor/data/raw/lean_right/nguoi7_ss1/frame_0056.jpg,ss1,nguoi7,lean_right,6.311887,-20.039049,-0.075153,0.559762,0.408980,0.551518,0.569096,0.057386,0.691753,0.008244,-0.160116,0.219321,0.400257,0.693251,0.792491,0.722617,0.624219,0.576491
D:/BTL/repo/smart-posture-monitor/data/raw/lean_right/nguoi7_ss1/frame_0057.jpg,ss1,nguoi7,lean_right,7.647712,-16.269451,-0.065204,0.564111,0.400277,0.549173,0.570713,0.043241,0.678826,0.014938,-0.170436,0.232743,0.401387,0.691696,0.792026,0.731527,0.621525,0.590673
D:/BTL/repo/smart-posture-monitor/data/raw/lean_right/nguoi7_ss1/frame_0058.jpg,ss1,nguoi7,lean_right,5.629184,-13.719342,-0.052988,0.534516,0.451336,0.513497,0.607767,0.031602,0.684115,0.021019,-0.156431,0.223419,0.376686,0.699580,0.795651,0.676030,0.573843,0.554174
D:/BTL/repo/smart-posture-monitor/data/raw/lean_right/nguoi7_ss1/frame_0059.jpg,ss1,nguoi7,lean_right,7.787285,-15.157803,-0.060477,0.551318,0.417466,0.534472,0.581362,0.036031,0.678063,0.016846,-0.163896,0.231287,0.392489,0.691542,0.789711,0.710562,0.604257,0.577435
D:/BTL/repo/smart-posture-monitor/data/raw/lean_right/nguoi7_ss1/frame_0060.jpg,ss1,nguoi7,lean_right,6.548399,-15.715491,-0.055551,0.577903,0.414039,0.560695,0.565563,0.084996,0.663826,0.017209,-0.151524,0.205092,0.383519,0.710915,0.796392,0.733384,0.633244,0.552586
D:/BTL/repo/smart-posture-monitor/data/raw/lean_right/nguoi7_ss1/frame_0061.jpg,ss1,nguoi7,lean_right,6.531724,-21.593664,-0.056937,0.591061,0.328687,0.588295,0.465879,0.146282,0.628409,0.002766,-0.137192,0.154711,0.393621,0.676305,0.750423,0.798427,0.709648,0.536341
D:/BTL/repo/smart-posture-monitor/data/raw/lean_right/nguoi7_ss1/frame_0062.jpg,ss1,nguoi7,lean_right,6.999012,-19.883471,-0.055185,0.621155,0.314042,0.616109,0.456483,0.157060,0.619058,0.005046,-0.142441,0.162256,0.405861,0.696029,0.766790,0.827705,0.734832,0.555355
D:/BTL/repo/smart-posture-monitor/data/raw/lean_right/nguoi7_ss1/frame_0063.jpg,ss1,nguoi7,lean_right,7.853069,-18.762115,-0.053119,0.615295,0.326218,0.609111,0.470995,0.152534,0.626011,0.006184,-0.144776,0.165151,0.399600,0.696424,0.769969,0.816031,0.721507,0.551383
D:/BTL/repo/smart-posture-monitor/data/raw/lean_right/nguoi7_ss1/frame_0064.jpg,ss1,nguoi7,lean_right,6.055887,-18.618057,-0.062614,0.594647,0.393942,0.583159,0.537269,0.111999,0.652428,0.011488,-0.143327,0.196125,0.387413,0.713299,0.792926,0.758224,0.665421,0.547508
D:/BTL/repo/smart-posture-monitor/data/raw/lean_right/nguoi7_ss1/frame_0065.jpg,ss1,nguoi7,lean_right,8.318842,-15.869316,-0.046193,0.648020,0.395761,0.623794,0.543204,0.134064,0.649701,0.024226,-0.147443,0.168931,0.416911,0.759313,0.827158,0.791786,0.691061,0.573268
D:/BTL/repo/smart-posture-monitor/data/raw/lean_right/nguoi8_ss1/frame_0001.jpg,ss1,nguoi8,lean_right,-18.633339,7.536409,0.031229,0.009286,0.569168,-0.011614,0.673045,-0.321881,0.585918,0.020900,-0.103878,0.238105,0.205113,0.569243,0.673145,0.012256,-0.013851,0.331590
D:/BTL/repo/smart-posture-monitor/data/raw/lean_right/nguoi8_ss1/frame_0002.jpg,ss1,nguoi8,lean_right,-17.545122,6.320474,0.026169,0.070307,0.578718,0.045497,0.687252,-0.290910,0.613551,0.024810,-0.108534,0.237704,0.226539,0.582973,0.688757,0.091707,0.053483,0.362893
D:/BTL/repo/smart-posture-monitor/data/raw/lean_right/nguoi8_ss1/frame_0003.jpg,ss1,nguoi8,lean_right,-21.497272,4.436154,0.018503,0.074367,0.555811,0.053526,0.667628,-0.284917,0.602961,0.020841,-0.111818,0.239221,0.226087,0.560764,0.669770,0.099200,0.064087,0.362365
D:/BTL/repo/smart-posture-monitor/data/raw/lean_right/nguoi8_ss1/frame_0004.jpg,ss1,nguoi8,lean_right,-19.060280,5.751980,0.023670,0.088331,0.507745,0.064191,0.626663,-0.279390,0.589331,0.024140,-0.118918,0.236174,0.227521,0.515371,0.629942,0.123471,0.079913,0.376663
D:/BTL/repo/smart-posture-monitor/data/raw/lean_right/nguoi8_ss1/frame_0005.jpg,ss1,nguoi8,lean_right,-18.406540,4.982495,0.020598,0.104734,0.562920,0.078117,0.677847,-0.277479,0.618504,0.026617,-0.114927,0.237168,0.242471,0.572580,0.682333,0.138352,0.092484,0.386233
D:/BTL/repo/smart-posture-monitor/data/raw/lean_right/nguoi8_ss1/frame_0006.jpg,ss1,nguoi8,lean_right,-19.049414,1.042205,0.004432,0.028819,0.502801,0.020431,0.629481,-0.297656,0.617863,0.008388,-0.126680,0.243672,0.196496,0.503627,0.629813,0.040626,0.025410,0.346158
D:/BTL/repo/smart-posture-monitor/data/raw/lean_right/nguoi8_ss1/frame_0007.jpg,ss1,nguoi8,lean_right,-17.267387,7.618842,0.032896,-0.025368,0.508093,-0.038890,0.627039,-0.321665,0.570070,0.013522,-0.118945,0.248121,0.164867,0.508726,0.628244,-0.035575,-0.048458,0.302710
D:/BTL/repo/smart-posture-monitor/data/raw/lean_right/nguoi8_ss1/frame_0008.jpg,ss1,nguoi8,lean_right,-17.886988,9.258065,0.039271,0.065293,0.519762,0.035237,0.638987,-0.296289,0.575498,0.030056,-0.119224,0.244100,0.215573,0.523847,0.639958,0.090339,0.043404,0.365853
D:/BTL/repo/smart-posture-monitor/data/raw/lean_right/nguoi8_ss1/frame_0009.jpg,ss1,nguoi8,lean_right,-16.670931,4.093626,0.015952,0.152776,0.499985,0.122927,0.624904,-0.256131,0.602777,0.029849,-0.124918,0.223457,0.267988,0.522806,0.636880,0.213527,0.152496,0.421629
D:/BTL/repo/smart-posture-monitor/data/raw/lean_right/nguoi8_ss1/frame_0010.jpg,ss1,nguoi8,lean_right,-16.974726,-2.417629,-0.010353,0.032104,0.491192,0.032711,0.614321,-0.295795,0.622080,-0.000607,-0.123129,0.245435,0.205914,0.492240,0.615191,0.045780,0.041276,0.353057
D:/BTL/repo/smart-posture-monitor/data/raw/lean_right/nguoi8_ss1/frame_0011.jpg,ss1,nguoi8,lean_right,-15.282892,10.647182,0.043858,-0.094515,0.521126,-0.102148,0.636097,-0.333562,0.558341,0.007633,-0.114971,0.237376,0.127627,0.529628,0.644247,-0.130287,-0.125630,0.241926
D:/BTL/repo/smart-posture-monitor/data/raw/lean_right/nguoi8_ss1/frame_0012.jpg,ss1,nguoi8,lean_right,-19.811638,-0.495124,-0.002003,0.152353,0.512342,0.134686,0.634289,-0.241079,0.623043,0.017667,-0.121947,0.231752,0.260182,0.534515,0.648431,0.210339,0.165333,0.408710
D:/BTL/repo/smart-posture-monitor/data/raw/lean_right/nguoi8_ss1/frame_0013.jpg,ss1,nguoi8,lean_right,-23.568180,5.712668,0.023918,0.145184,0.526584,0.110199,0.656203,-0.278058,0.612045,0.034985,-0.129618,0.240289,0.270631,0.546232,0.665391,0.197830,0.132824,0.431784
D:/BTL/repo/smart-posture-monitor/data/raw/lean_right/nguoi8_ss1/frame_0014.jpg,ss1,nguoi8,lean_right,-21.502859,6.146752,0.026341,0.146806,0.511438,0.115288,0.645980,-0.268643,0.620507,0.031518,-0.134542,0.246001,0.261927,0.532091,0.656187,0.203035,0.140256,0.429528
D:/BTL/repo/smart-posture-monitor/data/raw/lean_right/nguoi8_ss1/frame_0015.jpg,ss1,nguoi8,lean_right,-20.136478,5.224539,0.022087,0.099557,0.526666,0.075680,0.646903,-0.283253,0.606332,0.023877,-0.120237,0.242556,0.239982,0.535993,0.651314,0.136413,0.092314,0.391011
D:/BTL/repo/smart-posture-monitor/data/raw/lean_right/nguoi8_ss1/frame_0016.jpg,ss1,nguoi8,lean_right,-22.770683,3.920183,0.016571,0.128891,0.537212,0.103996,0.663250,-0.276225,0.630986,0.024896,-0.126038,0.242383,0.260419,0.552458,0.671353,0.174174,0.124581,0.415827
D:/BTL/repo/smart-posture-monitor/data/raw/lean_right/nguoi8_ss1/frame_0017.jpg,ss1,nguoi8,lean_right,-23.726213,4.289861,0.017930,0.123090,0.521073,0.098674,0.648691,-0.276946,0.622149,0.024416,-0.127619,0.239702,0.256707,0.535414,0.656153,0.169154,0.119929,0.412608
D:/BTL/repo/smart-posture-monitor/data/raw/lean_right/nguoi8_ss1/frame_0018.jpg,ss1,nguoi8,lean_right,-21.851789,4.681299,0.019690,0.120591,0.497847,0.099123,0.628415,-0.267999,0.622222,0.021468,-0.130568,0.241258,0.246922,0.512244,0.636184,0.169661,0.122856,0.408008
D:/BTL/repo/smart-posture-monitor/data/raw/lean_right/nguoi8_ss1/frame_0019.jpg,ss1,nguoi8,lean_right,-22.051085,4.806092,0.020322,0.125252,0.513785,0.102065,0.641851,-0.270727,0.623550,0.023188,-0.128066,0.242555,0.252071,0.528832,0.649915,0.173335,0.124832,0.410911
D:/BTL/repo/smart-posture-monitor/data/raw/lean_right/nguoi8_ss1/frame_0020.jpg,ss1,nguoi8,lean_right,-20.402546,2.276329,0.009461,0.140614,0.503821,0.121911,0.633697,-0.256219,0.636872,0.018703,-0.129876,0.238200,0.259244,0.523075,0.645317,0.196133,0.149970,0.418544
D:/BTL/repo/smart-posture-monitor/data/raw/lean_right/nguoi8_ss1/frame_0021.jpg,ss1,nguoi8,lean_right,-23.998974,5.253848,0.022206,0.111148,0.501874,0.087385,0.629983,-0.276495,0.603554,0.023763,-0.128109,0.242507,0.243618,0.514034,0.636015,0.155921,0.108256,0.400757
D:/BTL/repo/smart-posture-monitor/data/raw/lean_right/nguoi8_ss1/frame_0022.jpg,ss1,nguoi8,lean_right,-25.082268,4.903586,0.020179,0.129212,0.515338,0.101507,0.645539,-0.264468,0.618810,0.027705,-0.130200,0.236073,0.248927,0.531290,0.653471,0.178448,0.123716,0.407051
D:/BTL/repo/smart-posture-monitor/data/raw/lean_right/nguoi8_ss1/frame_0023.jpg,ss1,nguoi8,lean_right,-25.107903,5.141093,0.021467,0.125664,0.513316,0.097767,0.644381,-0.272559,0.616822,0.027897,-0.131065,0.239568,0.251588,0.528473,0.651755,0.173977,0.119332,0.411455
D:/BTL/repo/smart-posture-monitor/data/raw/lean_right/nguoi8_ss1/frame_0024.jpg,ss1,nguoi8,lean_right,-24.573629,3.809470,0.016578,0.137161,0.500976,0.111228,0.637338,-0.272229,0.623317,0.025933,-0.136363,0.249522,0.259034,0.519413,0.646971,0.191955,0.136508,0.427279
D:/BTL/repo/smart-posture-monitor/data/raw/lean_right/nguoi8_ss1/frame_0025.jpg,ss1,nguoi8,lean_right,-24.737957,4.891991,0.021422,0.134961,0.505071,0.106997,0.640971,-0.279465,0.620744,0.027964,-0.135900,0.251207,0.261489,0.522792,0.649840,0.188163,0.130912,0.430266
D:/BTL/repo/smart-posture-monitor/data/raw/lean_right/nguoi8_ss1/frame_0026.jpg,ss1,nguoi8,lean_right,-25.107292,8.840682,0.036910,0.094967,0.548883,0.057552,0.676106,-0.308557,0.615224,0.037414,-0.127224,0.240162,0.251066,0.557038,0.678551,0.127333,0.068337,0.408941
D:/BTL/repo/smart-posture-monitor/data/raw/lean_right/nguoi8_ss1/frame_0027.jpg,ss1,nguoi8,lean_right,-23.275377,6.489857,0.026927,0.085476,0.544946,0.058235,0.662974,-0.290604,0.599223,0.027241,-0.118028,0.238231,0.235910,0.551609,0.665527,0.115155,0.070021,0.379977
D:/BTL/repo/smart-posture-monitor/data/raw/lean_right/nguoi8_ss1/frame_0028.jpg,ss1,nguoi8,lean_right,-23.727339,6.870694,0.028281,0.092416,0.543431,0.061031,0.664616,-0.292956,0.602067,0.031385,-0.121185,0.236405,0.241534,0.551233,0.667412,0.124616,0.073255,0.389808
D:/BTL/repo/smart-posture-monitor/data/raw/lean_right/nguoi8_ss1/frame_0029.jpg,ss1,nguoi8,lean_right,-22.534683,4.935675,0.020955,0.110610,0.526493,0.083191,0.653309,-0.283976,0.611538,0.027419,-0.126816,0.243560,0.247822,0.537986,0.658584,0.151407,0.100795,0.403646
D:/BTL/repo/smart-posture-monitor/data/raw/lean_right/nguoi8_ss1/frame_0030.jpg,ss1,nguoi8,lean_right,-22.089661,4.426413,0.018979,0.112229,0.528315,0.085721,0.655230,-0.284847,0.613056,0.026508,-0.126915,0.245912,0.250124,0.540104,0.660814,0.153317,0.103649,0.406018
D:/BTL/repo/smart-posture-monitor/data/raw/lean_right/nguoi8_ss1/frame_0031.jpg,ss1,nguoi8,lean_right,-22.757227,6.602467,0.027700,0.094330,0.542405,0.064394,0.667199,-0.291978,0.614778,0.029936,-0.124793,0.240915,0.239834,0.550547,0.670299,0.127304,0.077085,0.393028
D:/BTL/repo/smart-posture-monitor/data/raw/lean_right/nguoi8_ss1/frame_0032.jpg,ss1,nguoi8,lean_right,-22.526661,4.927339,0.020747,0.104198,0.553914,0.078068,0.673907,-0.287111,0.623277,0.026130,-0.119993,0.241551,0.248137,0.563629,0.678414,0.138887,0.092774,0.397409
D:/BTL/repo/smart-posture-monitor/data/raw/lean_right/nguoi8_ss1/frame_0033.jpg,ss1,nguoi8,lean_right,-23.064650,6.065554,0.025518,0.095611,0.546776,0.066627,0.667468,-0.292125,0.609465,0.028984,-0.120692,0.241492,0.242932,0.555072,0.670785,0.128458,0.079728,0.392771
D:/BTL/repo/smart-posture-monitor/data/raw/lean_right/nguoi8_ss1/frame_0034.jpg,ss1,nguoi8,lean_right,-22.700518,6.040143,0.025511,0.094089,0.543266,0.067234,0.663887,-0.287138,0.610069,0.026855,-0.120621,0.242442,0.237402,0.551353,0.667282,0.126873,0.080727,0.387035
D:/BTL/repo/smart-posture-monitor/data/raw/lean_right/nguoi8_ss1/frame_0035.jpg,ss1,nguoi8,lean_right,-22.887526,5.953183,0.024989,0.084563,0.549029,0.056309,0.668218,-0.293507,0.604767,0.028255,-0.119188,0.240934,0.235575,0.555504,0.670586,0.113473,0.067371,0.382157
D:/BTL/repo/smart-posture-monitor/data/raw/lean_right/nguoi8_ss1/frame_0036.jpg,ss1,nguoi8,lean_right,-22.797205,5.062356,0.021849,0.100006,0.522138,0.072799,0.651980,-0.289443,0.609715,0.027207,-0.129842,0.247604,0.240969,0.531629,0.656031,0.137642,0.088384,0.399174
D:/BTL/repo/smart-posture-monitor/data/raw/lean_right/nguoi8_ss1/frame_0037.jpg,ss1,nguoi8,lean_right,-23.677475,6.390258,0.026961,0.103092,0.551325,0.071609,0.674597,-0.294445,0.618549,0.031484,-0.123272,0.242240,0.249347,0.560881,0.678387,0.137783,0.085080,0.403181
D:/BTL/repo/smart-posture-monitor/data/raw/lean_right/nguoi8_ss1/frame_0038.jpg,ss1,nguoi8,lean_right,-20.841583,5.112140,0.020767,0.082224,0.554375,0.058713,0.668073,-0.283915,0.616630,0.023511,-0.113698,0.233065,0.230250,0.560440,0.670648,0.109770,0.070249,0.371394
D:/BTL/repo/smart-posture-monitor/data/raw/lean_right/nguoi8_ss1/frame_0039.jpg,ss1,nguoi8,lean_right,-21.116236,4.946487,0.020487,0.089147,0.562327,0.066016,0.676043,-0.284888,0.620646,0.023131,-0.113716,0.237593,0.236893,0.569349,0.679258,0.118008,0.078355,0.378554
D:/BTL/repo/smart-posture-monitor/data/raw/lean_right/nguoi8_ss1/frame_0040.jpg,ss1,nguoi8,lean_right,-21.004377,4.844119,0.020480,0.073302,0.536364,0.048984,0.657482,-0.291020,0.599251,0.024318,-0.121118,0.242528,0.224366,0.541350,0.659305,0.099699,0.059237,0.369710
D:/BTL/repo/smart-posture-monitor/data/raw/lean_right/nguoi8_ss1/frame_0041.jpg,ss1,nguoi8,lean_right,-20.401083,5.724401,0.024793,0.069571,0.529985,0.047379,0.653748,-0.307225,0.618095,0.022192,-0.123763,0.248572,0.232106,0.534532,0.655463,0.095253,0.057506,0.386961
D:/BTL/repo/smart-posture-monitor/data/raw/lean_right/nguoi8_ss1/frame_0042.jpg,ss1,nguoi8,lean_right,-19.657684,5.568302,0.023682,0.072508,0.526379,0.049936,0.650412,-0.292993,0.610860,0.022572,-0.124033,0.244058,0.223202,0.531349,0.652326,0.099611,0.060797,0.375137
D:/BTL/repo/smart-posture-monitor/data/raw/lean_right/nguoi8_ss1/frame_0043.jpg,ss1,nguoi8,lean_right,-20.306671,5.806907,0.024920,0.078941,0.534182,0.055271,0.657571,-0.295246,0.614373,0.023670,-0.123389,0.246307,0.230058,0.539983,0.659890,0.107555,0.066813,0.382683
D:/BTL/repo/smart-posture-monitor/data/raw/lean_right/nguoi8_ss1/frame_0044.jpg,ss1,nguoi8,lean_right,-18.722431,5.692067,0.024339,0.089480,0.550600,0.060046,0.675812,-0.321658,0.625716,0.029434,-0.125212,0.245397,0.262366,0.557823,0.678474,0.119832,0.071309,0.417943
D:/BTL/repo/smart-posture-monitor/data/raw/lean_right/nguoi8_ss1/frame_0045.jpg,ss1,nguoi8,lean_right,-22.346102,7.771987,0.032554,0.091876,0.481954,0.059636,0.610223,-0.337339,0.587419,0.032240,-0.128269,0.240725,0.277794,0.490633,0.613130,0.131738,0.075464,0.441982
D:/BTL/repo/smart-posture-monitor/data/raw/lean_right/nguoi8_ss1/frame_0046.jpg,ss1,nguoi8,lean_right,-25.085770,10.058708,0.042644,0.069735,0.399083,0.036122,0.533533,-0.353257,0.522211,0.033614,-0.134449,0.244159,0.269361,0.405130,0.534754,0.108752,0.049368,0.440549
D:/BTL/repo/smart-posture-monitor/data/raw/lean_right/nguoi8_ss1/frame_0047.jpg,ss1,nguoi8,lean_right,-24.333584,10.025041,0.041368,0.087477,0.452497,0.052620,0.577898,-0.334438,0.537429,0.034857,-0.125401,0.237640,0.270775,0.460875,0.580289,0.129226,0.068765,0.430378
D:/BTL/repo/smart-posture-monitor/data/raw/lean_right/nguoi8_ss1/frame_0048.jpg,ss1,nguoi8,lean_right,-23.356558,10.673342,0.043022,0.056772,0.493366,0.022354,0.609433,-0.329140,0.540926,0.034418,-0.116067,0.232288,0.241968,0.496621,0.609843,0.080691,0.028351,0.388832
D:/BTL/repo/smart-posture-monitor/data/raw/lean_right/nguoi8_ss1/frame_0049.jpg,ss1,nguoi8,lean_right,-23.271393,8.128604,0.032319,0.044299,0.517592,0.014977,0.626062,-0.330912,0.545138,0.029321,-0.108470,0.228571,0.241594,0.519484,0.626241,0.061495,0.018691,0.376220
D:/BTL/repo/smart-posture-monitor/data/raw/lean_right/nguoi8_ss1/frame_0050.jpg,ss1,nguoi8,lean_right,-22.678322,8.022764,0.032194,0.060572,0.511070,0.029840,0.624707,-0.322537,0.553193,0.030732,-0.113638,0.230669,0.244533,0.514647,0.625420,0.084564,0.037276,0.385418
D:/BTL/repo/smart-posture-monitor/data/raw/lean_right/nguoi8_ss1/frame_0051.jpg,ss1,nguoi8,lean_right,-24.363308,9.706044,0.039980,0.045107,0.515680,0.009676,0.633180,-0.344785,0.550179,0.035431,-0.117500,0.237139,0.245802,0.517649,0.633254,0.062735,0.011992,0.391415
D:/BTL/repo/smart-posture-monitor/data/raw/lean_right/nguoi8_ss1/frame_0052.jpg,ss1,nguoi8,lean_right,-25.147594,10.295491,0.042266,0.039960,0.511634,0.003516,0.628613,-0.352532,0.544129,0.036443,-0.116979,0.236484,0.247940,0.513192,0.628623,0.055813,0.004378,0.393835
D:/BTL/repo/smart-posture-monitor/data/raw/lean_right/nguoi8_ss1/frame_0053.jpg,ss1,nguoi8,lean_right,-25.399153,10.469578,0.042566,0.066827,0.520753,0.028543,0.636581,-0.334823,0.551313,0.038284,-0.115828,0.234248,0.256308,0.525024,0.637221,0.092360,0.035248,0.402811
D:/BTL/repo/smart-posture-monitor/data/raw/lean_right/nguoi8_ss1/frame_0054.jpg,ss1,nguoi8,lean_right,-25.170601,10.552485,0.044357,0.067624,0.508633,0.030446,0.627701,-0.337595,0.546214,0.037178,-0.119068,0.242207,0.255951,0.513109,0.628439,0.094595,0.037922,0.406957
D:/BTL/repo/smart-posture-monitor/data/raw/lean_right/nguoi8_ss1/frame_0055.jpg,ss1,nguoi8,lean_right,-25.022966,10.585434,0.043876,0.072426,0.492024,0.034198,0.615199,-0.332777,0.545247,0.038228,-0.123175,0.238843,0.254162,0.497326,0.616149,0.102975,0.043113,0.408684
D:/BTL/repo/smart-posture-monitor/data/raw/lean_right/nguoi8_ss1/frame_0056.jpg,ss1,nguoi8,lean_right,-26.135918,10.708011,0.044550,0.053051,0.491722,0.018716,0.614183,-0.339635,0.550296,0.034334,-0.122461,0.239771,0.244126,0.494575,0.614468,0.075542,0.023629,0.397030
D:/BTL/repo/smart-posture-monitor/data/raw/lean_right/nguoi8_ss1/frame_0057.jpg,ss1,nguoi8,lean_right,-26.145582,10.319430,0.042527,0.064717,0.495642,0.028508,0.618300,-0.339054,0.553451,0.036209,-0.122658,0.237399,0.254542,0.499849,0.618957,0.091731,0.035838,0.407888
D:/BTL/repo/smart-posture-monitor/data/raw/lean_right/nguoi8_ss1/frame_0058.jpg,ss1,nguoi8,lean_right,-25.352066,9.790046,0.040111,0.084851,0.493463,0.048958,0.615945,-0.319167,0.553486,0.035893,-0.122482,0.235892,0.255441,0.500705,0.617887,0.120349,0.061641,0.408452
D:/BTL/repo/smart-posture-monitor/data/raw/lean_right/nguoi8_ss1/frame_0059.jpg,ss1,nguoi8,lean_right,-25.939140,10.173439,0.041884,0.069128,0.499063,0.033346,0.619196,-0.327364,0.547114,0.035782,-0.120134,0.237133,0.249309,0.503828,0.620094,0.097620,0.041877,0.399393
D:/BTL/repo/smart-posture-monitor/data/raw/lean_right/nguoi8_ss1/frame_0060.jpg,ss1,nguoi8,lean_right,-25.566740,10.316916,0.042501,0.076156,0.489725,0.039670,0.613497,-0.325254,0.551564,0.036487,-0.123772,0.237312,0.251499,0.495611,0.614778,0.108498,0.050086,0.406146
D:/BTL/repo/smart-posture-monitor/data/raw/lean_right/nguoi8_ss1/frame_0061.jpg,ss1,nguoi8,lean_right,-26.482325,9.321960,0.037579,0.070402,0.507003,0.032822,0.628072,-0.337594,0.558266,0.037580,-0.121069,0.231995,0.260985,0.511868,0.628929,0.098623,0.040863,0.411204
D:/BTL/repo/smart-posture-monitor/data/raw/lean_right/nguoi8_ss1/frame_0062.jpg,ss1,nguoi8,lean_right,-24.936102,8.951936,0.036678,0.082193,0.517905,0.046324,0.636713,-0.325978,0.563600,0.035870,-0.118808,0.235712,0.261678,0.524387,0.638396,0.113791,0.057162,0.410721
D:/BTL/repo/smart-posture-monitor/data/raw/lean_right/nguoi8_ss1/frame_0063.jpg,ss1,nguoi8,lean_right,-25.620886,8.546599,0.034839,0.062549,0.516183,0.030422,0.630734,-0.328977,0.552953,0.032127,-0.114551,0.234427,0.250858,0.519959,0.631468,0.086868,0.037781,0.393249
D:/BTL/repo/smart-posture-monitor/data/raw/lean_right/nguoi8_ss1/frame_0064.jpg,ss1,nguoi8,lean_right,-26.802328,8.666450,0.035129,0.064306,0.546919,0.027580,0.658498,-0.340430,0.561413,0.036726,-0.111579,0.233131,0.264989,0.550687,0.659076,0.086602,0.033345,0.404995
D:/BTL/repo/smart-posture-monitor/data/raw/lean_right/nguoi8_ss1/frame_0065.jpg,ss1,nguoi8,lean_right,-22.859692,7.517798,0.029775,0.071303,0.536299,0.041851,0.644295,-0.307166,0.569817,0.029452,-0.107996,0.227581,0.243605,0.541018,0.645652,0.096999,0.051274,0.379950
D:/BTL/repo/smart-posture-monitor/data/raw/lean_right/nguoi8_ss1/frame_0066.jpg,ss1,nguoi8,lean_right,-20.132395,6.560614,0.025948,0.057511,0.539664,0.034413,0.645391,-0.289760,0.573055,0.023097,-0.105726,0.227108,0.219541,0.542720,0.646307,0.078044,0.042128,0.348873
D:/BTL/repo/smart-posture-monitor/data/raw/lean_right/nguoi8_ss1/frame_0067.jpg,ss1,nguoi8,lean_right,-17.952734,3.587122,0.014834,0.029229,0.579006,0.004823,0.683767,-0.320858,0.590763,0.024406,-0.104761,0.237087,0.224338,0.579743,0.683784,0.038191,0.005694,0.350284
D:/BTL/repo/smart-posture-monitor/data/raw/lean_right/nguoi8_ss1/frame_0068.jpg,ss1,nguoi8,lean_right,-17.953541,6.412101,0.027525,0.041884,0.555610,0.014538,0.669722,-0.325121,0.593280,0.027345,-0.114111,0.246468,0.226059,0.557187,0.669879,0.055986,0.017393,0.368933
D:/BTL/repo/smart-posture-monitor/data/raw/lean_right/nguoi9_ss1/frame_0001.jpg,ss1,nguoi9,lean_right,-9.638155,-4.479525,-0.021027,0.217547,0.440084,0.208314,0.587709,-0.174897,0.574594,0.009233,-0.147624,0.269217,0.250132,0.490918,0.623535,0.318825,0.264274,0.414855
D:/BTL/repo/smart-posture-monitor/data/raw/lean_right/nguoi9_ss1/frame_0002.jpg,ss1,nguoi9,lean_right,-13.441190,0.834348,0.003767,0.167591,0.601542,0.132527,0.709115,-0.245960,0.563421,0.035064,-0.107573,0.258667,0.287691,0.624452,0.721393,0.211351,0.151554,0.415305
D:/BTL/repo/smart-posture-monitor/data/raw/lean_right/nguoi9_ss1/frame_0003.jpg,ss1,nguoi9,lean_right,-6.376652,-7.042686,-0.034706,0.256477,0.540279,0.238530,0.682508,-0.168185,0.636241,0.017947,-0.142229,0.283067,0.273745,0.598065,0.722990,0.336976,0.274728,0.435370
D:/BTL/repo/smart-posture-monitor/data/raw/lean_right/nguoi9_ss1/frame_0004.jpg,ss1,nguoi9,lean_right,-6.907415,-4.604667,-0.022423,0.161451,0.485836,0.150866,0.629026,-0.223754,0.587024,0.010585,-0.143190,0.279307,0.241356,0.511960,0.646865,0.228545,0.185730,0.398274
D:/BTL/repo/smart-posture-monitor/data/raw/lean_right/nguoi9_ss1/frame_0005.jpg,ss1,nguoi9,lean_right,-10.721137,2.502387,0.010049,-0.095302,0.428888,-0.080365,0.550701,-0.304489,0.502751,-0.014937,-0.121814,0.230149,0.117296,0.439348,0.556534,-0.144027,-0.107697,0.221844
D:/BTL/repo/smart-posture-monitor/data/raw/lean_right/nguoi9_ss1/frame_0006.jpg,ss1,nguoi9,lean_right,-12.119314,2.338824,0.009658,-0.022931,0.449608,-0.019866,0.572800,-0.281507,0.522859,-0.003064,-0.123192,0.236676,0.150330,0.450192,0.573144,-0.034093,-0.026124,0.268752
D:/BTL/repo/smart-posture-monitor/data/raw/lean_right/nguoi9_ss1/frame_0008.jpg,ss1,nguoi9,lean_right,-6.305297,-3.045465,-0.012611,0.211493,0.491545,0.175058,0.622753,-0.226092,0.563646,0.036435,-0.131208,0.237360,0.290108,0.535113,0.646890,0.294819,0.216005,0.443485
D:/BTL/repo/smart-posture-monitor/data/raw/lean_right/nguoi9_ss1/frame_0009.jpg,ss1,nguoi9,lean_right,-8.089969,2.028788,0.008338,0.194658,0.479936,0.157344,0.604878,-0.216085,0.524520,0.037314,-0.124942,0.235522,0.266849,0.517909,0.625008,0.275492,0.198105,0.413155
D:/BTL/repo/smart-posture-monitor/data/raw/lean_right/nguoi9_ss1/frame_0010.jpg,ss1,nguoi9,lean_right,-11.375839,-2.234790,-0.009377,0.202437,0.464437,0.176975,0.590325,-0.192909,0.533322,0.025462,-0.125887,0.240474,0.257245,0.506639,0.616282,0.290508,0.225283,0.401302
D:/BTL/repo/smart-posture-monitor/data/raw/lean_right/nguoi9_ss1/frame_0011.jpg,ss1,nguoi9,lean_right,-8.279166,-4.944631,-0.021390,0.239860,0.424473,0.218615,0.564115,-0.185345,0.562814,0.021245,-0.139641,0.248161,0.280597,0.487556,0.604994,0.355131,0.283183,0.447143
D:/BTL/repo/smart-posture-monitor/data/raw/lean_right/nguoi9_ss1/frame_0012.jpg,ss1,nguoi9,lean_right,-6.251793,-5.348382,-0.023536,0.237536,0.403249,0.219628,0.549628,-0.179740,0.562732,0.017908,-0.146379,0.252507,0.273668,0.468010,0.591885,0.359436,0.288506,0.446715
D:/BTL/repo/smart-posture-monitor/data/raw/lean_right/nguoi9_ss1/frame_0013.jpg,ss1,nguoi9,lean_right,-7.261393,-4.428952,-0.019969,0.211895,0.393660,0.192318,0.542136,-0.213990,0.551259,0.019578,-0.148477,0.258590,0.277400,0.447065,0.575237,0.325664,0.255965,0.454110
D:/BTL/repo/smart-posture-monitor/data/raw/lean_right/nguoi9_ss1/frame_0014.jpg,ss1,nguoi9,lean_right,-5.494314,-5.645601,-0.024656,0.243024,0.406053,0.222875,0.554056,-0.182495,0.565341,0.020150,-0.148003,0.250636,0.280662,0.473223,0.597203,0.366201,0.291286,0.454356
D:/BTL/repo/smart-posture-monitor/data/raw/lean_right/nguoi9_ss1/frame_0015.jpg,ss1,nguoi9,lean_right,-6.039403,-6.174781,-0.027874,0.196137,0.440049,0.184537,0.575318,-0.198781,0.568596,0.011600,-0.135268,0.259146,0.255333,0.481781,0.604189,0.288792,0.238062,0.415313
D:/BTL/repo/smart-posture-monitor/data/raw/lean_right/nguoi9_ss1/frame_0016.jpg,ss1,nguoi9,lean_right,-5.724834,-6.489838,-0.029592,0.181709,0.415885,0.167631,0.567557,-0.209423,0.563915,0.014078,-0.151672,0.261813,0.247674,0.453849,0.591795,0.274846,0.218555,0.418207
D:/BTL/repo/smart-posture-monitor/data/raw/lean_right/nguoi9_ss1/frame_0017.jpg,ss1,nguoi9,lean_right,-5.458971,-3.516219,-0.015504,0.259916,0.380381,0.235738,0.540462,-0.182752,0.568956,0.024178,-0.160081,0.252789,0.293068,0.460702,0.589637,0.399990,0.311303,0.481161
D:/BTL/repo/smart-posture-monitor/data/raw/lean_right/nguoi9_ss1/frame_0018.jpg,ss1,nguoi9,lean_right,-7.109708,-3.093565,-0.013988,0.257253,0.395022,0.230610,0.555268,-0.171445,0.559026,0.026643,-0.160246,0.259195,0.272666,0.471404,0.601252,0.390445,0.300501,0.458998
D:/BTL/repo/smart-posture-monitor/data/raw/lean_right/nguoi9_ss1/frame_0019.jpg,ss1,nguoi9,lean_right,-6.514708,-5.720204,-0.024618,0.269897,0.429848,0.244591,0.575590,-0.162664,0.571313,0.025306,-0.145742,0.246997,0.284855,0.507556,0.625402,0.394203,0.311415,0.455105
D:/BTL/repo/smart-posture-monitor/data/raw/lean_right/nguoi9_ss1/frame_0020.jpg,ss1,nguoi9,lean_right,-6.983821,-6.138990,-0.026035,0.276214,0.439041,0.248450,0.579850,-0.162442,0.565407,0.027764,-0.140809,0.243456,0.291161,0.518701,0.630835,0.398991,0.314723,0.456495
D:/BTL/repo/smart-posture-monitor/data/raw/lean_right/nguoi9_ss1/frame_0021.jpg,ss1,nguoi9,lean_right,-7.439174,-5.297763,-0.022557,0.260984,0.434140,0.235173,0.575103,-0.164431,0.561836,0.025811,-0.140963,0.244304,0.279056,0.506547,0.621329,0.380526,0.300245,0.444167
D:/BTL/repo/smart-posture-monitor/data/raw/lean_right/nguoi9_ss1/frame_0022.jpg,ss1,nguoi9,lean_right,-7.112456,-3.127492,-0.013577,0.230858,0.424472,0.207333,0.558792,-0.157798,0.519179,0.023525,-0.134321,0.248852,0.245318,0.483189,0.596017,0.342573,0.270630,0.400028
D:/BTL/repo/smart-posture-monitor/data/raw/lean_right/nguoi9_ss1/frame_0023.jpg,ss1,nguoi9,lean_right,-5.840191,-2.907823,-0.013117,0.230570,0.408386,0.208472,0.548755,-0.172536,0.519425,0.022098,-0.140370,0.258567,0.254435,0.468979,0.587021,0.347709,0.274753,0.418119
D:/BTL/repo/smart-posture-monitor/data/raw/lean_right/nguoi9_ss1/frame_0024.jpg,ss1,nguoi9,lean_right,-5.578901,-6.053054,-0.029924,0.246204,0.443359,0.226023,0.599340,-0.182974,0.573629,0.020181,-0.155981,0.283775,0.270971,0.507133,0.640543,0.357118,0.282451,0.448514
D:/BTL/repo/smart-posture-monitor/data/raw/lean_right/nguoi9_ss1/frame_0025.jpg,ss1,nguoi9,lean_right,-8.011377,-4.600422,-0.021448,0.240703,0.512261,0.212437,0.651184,-0.207539,0.605862,0.028266,-0.138924,0.267413,0.292128,0.565994,0.684960,0.326436,0.253346,0.457911
D:/BTL/repo/smart-posture-monitor/data/raw/lean_right/nguoi9_ss1/frame_0026.jpg,ss1,nguoi9,lean_right,-6.283372,-6.091006,-0.026022,0.318923,0.495991,0.279881,0.638074,-0.167873,0.605215,0.039042,-0.142083,0.245239,0.329040,0.589677,0.696758,0.429403,0.332672,0.498899
D:/BTL/repo/smart-posture-monitor/data/raw/lean_right/nguoi9_ss1/frame_0027.jpg,ss1,nguoi9,lean_right,-5.086917,-4.027221,-0.014755,0.377672,0.549493,0.310932,0.678952,-0.158718,0.591985,0.066740,-0.129459,0.210100,0.376860,0.666767,0.746762,0.472551,0.352847,0.538071
D:/BTL/repo/smart-posture-monitor/data/raw/lean_right/nguoi9_ss1/frame_0028.jpg,ss1,nguoi9,lean_right,-5.312590,-1.254231,-0.005115,0.312017,0.579098,0.250687,0.706026,-0.200022,0.603865,0.061330,-0.126928,0.233689,0.349928,0.657806,0.749211,0.388515,0.281783,0.512637
D:/BTL/repo/smart-posture-monitor/data/raw/lean_right/nguoi9_ss1/frame_0029.jpg,ss1,nguoi9,lean_right,-6.045600,-2.927137,-0.011717,0.295154,0.482674,0.256757,0.625365,-0.176218,0.610534,0.038397,-0.142691,0.229457,0.319068,0.565765,0.676022,0.405841,0.310708,0.488406
D:/BTL/repo/smart-posture-monitor/data/raw/lean_right/nguoi9_ss1/frame_0030.jpg,ss1,nguoi9,lean_right,-5.850279,-1.493646,-0.006005,0.295671,0.447879,0.260417,0.594942,-0.166108,0.598146,0.035254,-0.147063,0.230374,0.311378,0.536672,0.649440,0.420779,0.324130,0.485613
D:/BTL/repo/smart-posture-monitor/data/raw/lean_right/nguoi9_ss1/frame_0031.jpg,ss1,nguoi9,lean_right,-5.403542,-3.232669,-0.014502,0.236826,0.497998,0.204630,0.644702,-0.201076,0.608689,0.032196,-0.146704,0.257172,0.280679,0.551442,0.676398,0.326073,0.245919,0.451676
D:/BTL/repo/smart-posture-monitor/data/raw/lean_right/nguoi9_ss1/frame_0032.jpg,ss1,nguoi9,lean_right,-4.956713,-1.722791,-0.007300,0.283148,0.486749,0.241033,0.634601,-0.179112,0.598462,0.042115,-0.147852,0.242823,0.301426,0.563114,0.678834,0.389219,0.290221,0.475567
D:/BTL/repo/smart-posture-monitor/data/raw/lean_right/nguoi9_ss1/frame_0033.jpg,ss1,nguoi9,lean_right,-5.333094,-2.502539,-0.011014,0.253739,0.493758,0.216678,0.640829,-0.196629,0.602501,0.037061,-0.147070,0.252255,0.290624,0.555140,0.676469,0.349303,0.260733,0.463310
D:/BTL/repo/smart-posture-monitor/data/raw/lean_right/nguoi9_ss1/frame_0034.jpg,ss1,nguoi9,lean_right,-5.305214,-3.072870,-0.013569,0.252841,0.487376,0.219275,0.634459,-0.193871,0.605303,0.033566,-0.147083,0.253125,0.289009,0.549057,0.671282,0.350366,0.265321,0.462016
D:/BTL/repo/smart-posture-monitor/data/raw/lean_right/nguoi9_ss1/frame_0035.jpg,ss1,nguoi9,lean_right,-5.158029,-3.235197,-0.014233,0.256417,0.487303,0.221361,0.635010,-0.191275,0.602374,0.035056,-0.147707,0.252203,0.289478,0.550649,0.672487,0.355005,0.267587,0.462245
D:/BTL/repo/smart-posture-monitor/data/raw/lean_right/nguoi9_ss1/frame_0036.jpg,ss1,nguoi9,lean_right,-6.064878,-2.152689,-0.009264,0.251406,0.477231,0.215999,0.624382,-0.191586,0.594774,0.035407,-0.147152,0.246634,0.286409,0.539402,0.660688,0.352050,0.264067,0.458322
D:/BTL/repo/smart-posture-monitor/data/raw/lean_right/nguoi9_ss1/frame_0037.jpg,ss1,nguoi9,lean_right,-6.518865,-1.331645,-0.005829,0.237974,0.470351,0.203292,0.616909,-0.200192,0.584536,0.034681,-0.146558,0.250805,0.280345,0.527125,0.649542,0.336708,0.250967,0.452800
D:/BTL/repo/smart-posture-monitor/data/raw/lean_right/nguoi9_ss1/frame_0038.jpg,ss1,nguoi9,lean_right,-5.083808,-3.498330,-0.015705,0.238152,0.454741,0.209432,0.607108,-0.189378,0.585583,0.028720,-0.152367,0.257371,0.271956,0.513329,0.642217,0.342241,0.260682,0.447104
D:/BTL/repo/smart-posture-monitor/data/raw/lean_right/nguoi9_ss1/frame_0039.jpg,ss1,nguoi9,lean_right,-4.428334,-4.257553,-0.019151,0.235752,0.452957,0.205469,0.608200,-0.201547,0.586745,0.030283,-0.155243,0.257959,0.280116,0.510636,0.641969,0.339602,0.255684,0.457307
D:/BTL/repo/smart-posture-monitor/data/raw/lean_right/nguoi9_ss1/frame_0040.jpg,ss1,nguoi9,lean_right,-4.594394,-3.412674,-0.014928,0.235546,0.443913,0.207837,0.597354,-0.189939,0.588325,0.027709,-0.153441,0.250778,0.273108,0.502534,0.632478,0.342404,0.261236,0.449324
D:/BTL/repo/smart-posture-monitor/data/raw/lean_right/nguoi9_ss1/frame_0041.jpg,ss1,nguoi9,lean_right,-5.338129,-3.089266,-0.013487,0.233567,0.441704,0.205190,0.592621,-0.191008,0.578465,0.028377,-0.150918,0.250259,0.272054,0.499655,0.627139,0.340446,0.259236,0.446057
D:/BTL/repo/smart-posture-monitor/data/raw/lean_right/nguoi9_ss1/frame_0042.jpg,ss1,nguoi9,lean_right,-4.766624,-3.439108,-0.015109,0.235286,0.446472,0.206946,0.598758,-0.194436,0.586294,0.028340,-0.152286,0.251867,0.276401,0.504675,0.633512,0.341175,0.259808,0.451897
D:/BTL/repo/smart-posture-monitor/data/raw/lean_right/nguoi9_ss1/frame_0043.jpg,ss1,nguoi9,lean_right,-5.244404,-2.722214,-0.011803,0.235027,0.437307,0.206327,0.588625,-0.189319,0.577337,0.028700,-0.151319,0.248507,0.272076,0.496462,0.623739,0.343959,0.261627,0.446853
D:/BTL/repo/smart-posture-monitor/data/raw/lean_right/nguoi9_ss1/frame_0044.jpg,ss1,nguoi9,lean_right,-4.266373,-3.392233,-0.015224,0.235708,0.434754,0.209696,0.592506,-0.193115,0.591268,0.026012,-0.157752,0.257290,0.274534,0.494539,0.628518,0.345778,0.264714,0.456493
D:/BTL/repo/smart-posture-monitor/data/raw/lean_right/nguoi9_ss1/frame_0045.jpg,ss1,nguoi9,lean_right,-4.441536,-3.720583,-0.016521,0.237177,0.435596,0.211459,0.591009,-0.189708,0.588623,0.025718,-0.155413,0.254603,0.274341,0.495981,0.627699,0.347512,0.267230,0.453485
D:/BTL/repo/smart-posture-monitor/data/raw/lean_right/nguoi9_ss1/frame_0046.jpg,ss1,nguoi9,lean_right,-4.935780,-3.306607,-0.014604,0.237253,0.437897,0.209314,0.594447,-0.187593,0.585972,0.027939,-0.156550,0.253196,0.270980,0.498039,0.630222,0.346819,0.263755,0.449912
D:/BTL/repo/smart-posture-monitor/data/raw/lean_right/nguoi9_ss1/frame_0047.jpg,ss1,nguoi9,lean_right,-4.528219,-3.692154,-0.016525,0.240939,0.441128,0.214720,0.596954,-0.190059,0.593521,0.026219,-0.155826,0.256617,0.276984,0.502639,0.634397,0.350741,0.269607,0.457147
D:/BTL/repo/smart-posture-monitor/data/raw/lean_right/nguoi9_ss1/frame_0048.jpg,ss1,nguoi9,lean_right,-4.777002,-3.715725,-0.016798,0.242616,0.444531,0.214780,0.601622,-0.191898,0.592165,0.027836,-0.157092,0.259206,0.277922,0.506429,0.638811,0.351830,0.268462,0.458910
D:/BTL/repo/smart-posture-monitor/data/raw/lean_right/nguoi9_ss1/frame_0049.jpg,ss1,nguoi9,lean_right,-3.280173,-4.215534,-0.019456,0.238891,0.439764,0.213947,0.599329,-0.194587,0.595350,0.024945,-0.159565,0.264671,0.276896,0.500461,0.636371,0.348417,0.268061,0.460554
D:/BTL/repo/smart-posture-monitor/data/raw/lean_right/nguoi9_ss1/frame_0050.jpg,ss1,nguoi9,lean_right,-3.842316,-3.246006,-0.014798,0.236505,0.437687,0.209525,0.595779,-0.195610,0.588706,0.026979,-0.158092,0.261335,0.275058,0.497498,0.631548,0.345862,0.263669,0.457744
D:/BTL/repo/smart-posture-monitor/data/raw/lean_right/nguoi9_ss1/frame_0051.jpg,ss1,nguoi9,lean_right,-4.408387,-2.740736,-0.012659,0.242931,0.427784,0.219671,0.583329,-0.198514,0.594306,0.023260,-0.155545,0.264733,0.286008,0.491950,0.623320,0.358207,0.279199,0.471809
D:/BTL/repo/smart-posture-monitor/data/raw/lean_right/nguoi9_ss1/frame_0052.jpg,ss1,nguoi9,lean_right,-6.303612,-1.877231,-0.008647,0.211539,0.423491,0.186514,0.579333,-0.211979,0.573778,0.025025,-0.155843,0.263952,0.266770,0.473384,0.608617,0.315628,0.239581,0.449392
D:/BTL/repo/smart-posture-monitor/data/raw/lean_right/nguoi9_ss1/frame_0053.jpg,ss1,nguoi9,lean_right,-8.225796,-2.691030,-0.011903,0.221777,0.408497,0.194468,0.555547,-0.192558,0.533074,0.027309,-0.147051,0.253515,0.261955,0.464817,0.588601,0.335112,0.255315,0.432658
D:/BTL/repo/smart-posture-monitor/data/raw/lean_right/nguoi9_ss1/frame_0054.jpg,ss1,nguoi9,lean_right,-7.933221,-1.599913,-0.007014,0.212494,0.410074,0.185785,0.556386,-0.192151,0.535667,0.026709,-0.146313,0.251229,0.253531,0.461859,0.586585,0.321256,0.244120,0.423688
D:/BTL/repo/smart-posture-monitor/data/raw/lean_right/nguoi9_ss1/frame_0055.jpg,ss1,nguoi9,lean_right,-8.053362,-1.898283,-0.008387,0.210827,0.428361,0.182973,0.574610,-0.201158,0.548842,0.027854,-0.146249,0.253184,0.259345,0.477431,0.603039,0.313089,0.236276,0.429240
D:/BTL/repo/smart-posture-monitor/data/raw/lean_right/nguoi9_ss1/frame_0056.jpg,ss1,nguoi9,lean_right,-6.762558,-3.276003,-0.014936,0.206326,0.459659,0.179963,0.609628,-0.206128,0.578281,0.026363,-0.149969,0.261358,0.258555,0.503842,0.635636,0.297260,0.224706,0.429173
D:/BTL/repo/smart-posture-monitor/data/raw/lean_right/nguoi9_ss1/frame_0057.jpg,ss1,nguoi9,lean_right,-6.618836,-4.174208,-0.019128,0.229410,0.442440,0.202358,0.595363,-0.205406,0.577506,0.027052,-0.152923,0.262785,0.278075,0.498379,0.628813,0.334482,0.255123,0.455311
D:/BTL/repo/smart-posture-monitor/data/raw/lean_right/nguoi9_ss1/frame_0058.jpg,ss1,nguoi9,lean_right,-6.663721,-3.889813,-0.017885,0.219779,0.441129,0.197761,0.591186,-0.192785,0.575405,0.022018,-0.150057,0.263645,0.260205,0.492846,0.623386,0.321594,0.250568,0.433865
D:/BTL/repo/smart-posture-monitor/data/raw/lean_right/nguoi9_ss1/frame_0059.jpg,ss1,nguoi9,lean_right,-7.782286,-1.602985,-0.007223,0.224402,0.412779,0.197430,0.562058,-0.189305,0.542054,0.026973,-0.149278,0.258216,0.258757,0.469833,0.595724,0.337426,0.257398,0.433435
D:/BTL/repo/smart-posture-monitor/data/raw/lean_right/nguoi9_ss1/frame_0060.jpg,ss1,nguoi9,lean_right,-6.568189,-3.266768,-0.015004,0.226711,0.430057,0.202470,0.585357,-0.194944,0.577605,0.024241,-0.155300,0.263296,0.266416,0.486155,0.619384,0.334883,0.257755,0.446725
D:/BTL/repo/smart-posture-monitor/data/raw/lean_right/nguoi9_ss1/frame_0061.jpg,ss1,nguoi9,lean_right,-6.250485,-4.475968,-0.020131,0.236223,0.431664,0.211849,0.583576,-0.184611,0.572797,0.024373,-0.151911,0.257956,0.268686,0.492072,0.620839,0.347561,0.269645,0.443868
D:/BTL/repo/smart-posture-monitor/data/raw/lean_right/nguoi9_ss1/frame_0062.jpg,ss1,nguoi9,lean_right,-6.429831,-5.018689,-0.023072,0.242954,0.423574,0.220822,0.578146,-0.186273,0.577840,0.022132,-0.154572,0.263736,0.275987,0.488304,0.618882,0.359750,0.282010,0.456108
D:/BTL/repo/smart-posture-monitor/data/raw/lean_right/nguoi9_ss1/frame_0063.jpg,ss1,nguoi9,lean_right,-6.133624,-5.189840,-0.023512,0.244317,0.430530,0.221457,0.584635,-0.185028,0.584385,0.022860,-0.154106,0.259931,0.277312,0.495022,0.625173,0.359134,0.281002,0.456079
D:/BTL/repo/smart-posture-monitor/data/raw/lean_right/nguoi9_ss1/frame_0064.jpg,ss1,nguoi9,lean_right,-6.096409,-3.089058,-0.014326,0.227136,0.442881,0.202561,0.597852,-0.208153,0.594256,0.024575,-0.154971,0.265856,0.278188,0.497730,0.631235,0.331203,0.254752,0.460859
D:/BTL/repo/smart-posture-monitor/data/raw/lean_right/nguoi9_ss1/frame_0065.jpg,ss1,nguoi9,lean_right,-5.758359,-3.818347,-0.017651,0.226304,0.433229,0.203861,0.590308,-0.204988,0.595409,0.022443,-0.157079,0.265050,0.276644,0.488775,0.624518,0.333256,0.258206,0.460777
D:/BTL/repo/smart-posture-monitor/data/raw/lean_right/nguoi9_ss1/frame_0066.jpg,ss1,nguoi9,lean_right,-5.037173,-5.813741,-0.026391,0.242143,0.406656,0.222699,0.562356,-0.182469,0.573785,0.019443,-0.155700,0.260537,0.275576,0.473289,0.604847,0.364735,0.288709,0.456319
D:/BTL/repo/smart-posture-monitor/data/raw/lean_right/nguoi9_ss1/frame_0067.jpg,ss1,nguoi9,lean_right,-4.470055,-6.542254,-0.029972,0.248041,0.423629,0.225786,0.584246,-0.187924,0.591118,0.022255,-0.160617,0.263064,0.283151,0.490903,0.626357,0.366773,0.286328,0.467031
D:/BTL/repo/smart-posture-monitor/data/raw/lean_left/nguoi10_ss1/frame_0001.jpg,ss1,nguoi10,lean_left,11.668940,-12.752708,-0.040474,0.236804,0.419932,0.239188,0.539868,-0.138434,0.653710,-0.002384,-0.119936,0.183351,0.303027,0.482099,0.590482,0.352474,0.315778,0.442103
D:/BTL/repo/smart-posture-monitor/data/raw/lean_left/nguoi10_ss1/frame_0002.jpg,ss1,nguoi10,lean_left,13.026296,-13.497781,-0.042628,0.237584,0.402352,0.241779,0.525113,-0.133900,0.646011,-0.004195,-0.122761,0.182635,0.303676,0.467261,0.578101,0.359825,0.323666,0.444264
D:/BTL/repo/smart-posture-monitor/data/raw/lean_left/nguoi10_ss1/frame_0003.jpg,ss1,nguoi10,lean_left,13.270157,-14.691166,-0.047656,0.230201,0.391341,0.239062,0.515164,-0.130910,0.648578,-0.008861,-0.123823,0.187913,0.299832,0.454027,0.567930,0.353127,0.323413,0.443365
D:/BTL/repo/smart-posture-monitor/data/raw/lean_left/nguoi10_ss1/frame_0004.jpg,ss1,nguoi10,lean_left,12.946730,-14.590641,-0.048189,0.229287,0.385230,0.238736,0.508165,-0.134377,0.643956,-0.009449,-0.122935,0.191293,0.301969,0.448302,0.561450,0.353943,0.325246,0.446309
D:/BTL/repo/smart-posture-monitor/data/raw/lean_left/nguoi10_ss1/frame_0005.jpg,ss1,nguoi10,lean_left,12.363357,-13.032522,-0.044236,0.227902,0.377385,0.237535,0.502071,-0.135875,0.644472,-0.009633,-0.124686,0.196164,0.302772,0.440862,0.555427,0.354666,0.325671,0.451297
D:/BTL/repo/smart-posture-monitor/data/raw/lean_left/nguoi10_ss1/frame_0006.jpg,ss1,nguoi10,lean_left,11.160870,-14.272138,-0.048343,0.220728,0.381084,0.231822,0.504789,-0.140900,0.649626,-0.011094,-0.123705,0.196095,0.302784,0.440393,0.555476,0.342816,0.317427,0.450432
D:/BTL/repo/smart-posture-monitor/data/raw/lean_left/nguoi10_ss1/frame_0007.jpg,ss1,nguoi10,lean_left,11.006118,-12.610608,-0.042574,0.216848,0.375171,0.224384,0.500783,-0.155971,0.640888,-0.007535,-0.125613,0.195006,0.308964,0.433331,0.548755,0.339059,0.309014,0.457821
D:/BTL/repo/smart-posture-monitor/data/raw/lean_left/nguoi10_ss1/frame_0008.jpg,ss1,nguoi10,lean_left,12.709460,-14.179892,-0.047273,0.233323,0.361784,0.245040,0.485410,-0.132030,0.641362,-0.011717,-0.123626,0.192975,0.312878,0.430496,0.543753,0.368261,0.340923,0.460051
D:/BTL/repo/smart-posture-monitor/data/raw/lean_left/nguoi10_ss1/frame_0009.jpg,ss1,nguoi10,lean_left,12.315895,-16.822697,-0.057730,0.225748,0.347969,0.245018,0.470451,-0.132311,0.654127,-0.019270,-0.122482,0.199473,0.321577,0.414783,0.530432,0.361803,0.346015,0.471104
D:/BTL/repo/smart-posture-monitor/data/raw/lean_left/nguoi10_ss1/frame_0010.jpg,ss1,nguoi10,lean_left,11.604408,-16.230324,-0.055379,0.232261,0.353283,0.248412,0.476914,-0.137685,0.653553,-0.016151,-0.123631,0.198138,0.326884,0.422793,0.537732,0.369753,0.348244,0.476469
D:/BTL/repo/smart-posture-monitor/data/raw/lean_left/nguoi10_ss1/frame_0011.jpg,ss1,nguoi10,lean_left,11.656841,-16.559023,-0.057996,0.234511,0.354381,0.252627,0.477827,-0.130266,0.657553,-0.018116,-0.123446,0.203493,0.322727,0.424948,0.540498,0.372733,0.353433,0.474316
D:/BTL/repo/smart-posture-monitor/data/raw/lean_left/nguoi10_ss1/frame_0012.jpg,ss1,nguoi10,lean_left,11.885800,-16.535995,-0.058617,0.236611,0.360990,0.255271,0.486805,-0.128483,0.668255,-0.018660,-0.125816,0.205949,0.323100,0.431623,0.549675,0.373446,0.353703,0.477185
D:/BTL/repo/smart-posture-monitor/data/raw/lean_left/nguoi10_ss1/frame_0013.jpg,ss1,nguoi10,lean_left,11.664209,-17.083614,-0.058827,0.246854,0.362679,0.263431,0.486442,-0.126659,0.662947,-0.016577,-0.123764,0.200250,0.329085,0.438717,0.553192,0.387969,0.364319,0.479243
D:/BTL/repo/smart-posture-monitor/data/raw/lean_left/nguoi10_ss1/frame_0014.jpg,ss1,nguoi10,lean_left,11.969751,-17.444866,-0.060047,0.244783,0.353628,0.263216,0.478945,-0.123261,0.663545,-0.018433,-0.125317,0.200298,0.329449,0.430083,0.546507,0.388366,0.366767,0.481150
D:/BTL/repo/smart-posture-monitor/data/raw/lean_left/nguoi10_ss1/frame_0015.jpg,ss1,nguoi10,lean_left,12.158495,-17.354614,-0.059803,0.252159,0.354840,0.270749,0.479557,-0.116427,0.663558,-0.018590,-0.124717,0.200490,0.329720,0.435311,0.550709,0.398833,0.376223,0.480793
D:/BTL/repo/smart-posture-monitor/data/raw/lean_left/nguoi10_ss1/frame_0016.jpg,ss1,nguoi10,lean_left,12.245697,-17.185221,-0.060155,0.255317,0.352563,0.274161,0.479946,-0.117884,0.668166,-0.018843,-0.127384,0.203598,0.334530,0.435302,0.552732,0.404399,0.380438,0.488758
D:/BTL/repo/smart-posture-monitor/data/raw/lean_left/nguoi10_ss1/frame_0017.jpg,ss1,nguoi10,lean_left,12.506077,-17.486094,-0.060727,0.256440,0.350546,0.276351,0.476704,-0.114404,0.668884,-0.019911,-0.126158,0.202104,0.335916,0.434332,0.551014,0.406863,0.384465,0.488737
D:/BTL/repo/smart-posture-monitor/data/raw/lean_left/nguoi10_ss1/frame_0018.jpg,ss1,nguoi10,lean_left,12.151249,-16.857801,-0.060648,0.252548,0.344947,0.273160,0.474166,-0.120585,0.668261,-0.020612,-0.129219,0.209132,0.336250,0.427515,0.547220,0.403315,0.381345,0.493721
D:/BTL/repo/smart-posture-monitor/data/raw/lean_left/nguoi10_ss1/frame_0019.jpg,ss1,nguoi10,lean_left,11.796789,-16.091751,-0.056508,0.251915,0.345927,0.271095,0.474567,-0.121224,0.666023,-0.019179,-0.128640,0.203871,0.336589,0.427934,0.546541,0.401983,0.378540,0.491624
D:/BTL/repo/smart-posture-monitor/data/raw/lean_left/nguoi10_ss1/frame_0020.jpg,ss1,nguoi10,lean_left,12.309278,-16.108925,-0.056522,0.262609,0.342458,0.279974,0.472155,-0.119851,0.662549,-0.017365,-0.129697,0.203708,0.342744,0.431556,0.548922,0.419281,0.390846,0.498732
D:/BTL/repo/smart-posture-monitor/data/raw/lean_left/nguoi10_ss1/frame_0021.jpg,ss1,nguoi10,lean_left,11.805731,-15.486403,-0.055409,0.250856,0.347504,0.268978,0.476355,-0.124395,0.664850,-0.018121,-0.128852,0.207518,0.334553,0.428588,0.547050,0.399784,0.375147,0.491449
D:/BTL/repo/smart-posture-monitor/data/raw/lean_left/nguoi10_ss1/frame_0022.jpg,ss1,nguoi10,lean_left,11.355369,-15.510995,-0.054309,0.251375,0.345856,0.269009,0.471885,-0.124373,0.662916,-0.017634,-0.126029,0.203082,0.337933,0.427558,0.543177,0.401204,0.376859,0.491643
D:/BTL/repo/smart-posture-monitor/data/raw/lean_left/nguoi10_ss1/frame_0023.jpg,ss1,nguoi10,lean_left,11.790261,-16.462322,-0.058926,0.250302,0.342927,0.271055,0.470689,-0.118459,0.666921,-0.020753,-0.127762,0.207936,0.334366,0.424558,0.543156,0.400753,0.379952,0.490873
D:/BTL/repo/smart-posture-monitor/data/raw/lean_left/nguoi10_ss1/frame_0024.jpg,ss1,nguoi10,lean_left,11.043016,-14.708476,-0.051434,0.246368,0.351604,0.263325,0.478684,-0.126797,0.663870,-0.016957,-0.127079,0.202576,0.332843,0.429329,0.546332,0.391503,0.367004,0.486582
D:/BTL/repo/smart-posture-monitor/data/raw/lean_left/nguoi10_ss1/frame_0025.jpg,ss1,nguoi10,lean_left,11.374418,-15.054849,-0.053393,0.250559,0.347718,0.268212,0.476552,-0.126681,0.668109,-0.017653,-0.128834,0.205562,0.338499,0.428588,0.546845,0.399257,0.374088,0.494934
D:/BTL/repo/smart-posture-monitor/data/raw/lean_left/nguoi10_ss1/frame_0026.jpg,ss1,nguoi10,lean_left,11.110132,-15.281992,-0.054056,0.244476,0.346317,0.262792,0.475044,-0.131446,0.663978,-0.018316,-0.128727,0.205093,0.336787,0.423915,0.542887,0.390704,0.367645,0.492164
D:/BTL/repo/smart-posture-monitor/data/raw/lean_left/nguoi10_ss1/frame_0027.jpg,ss1,nguoi10,lean_left,11.152240,-14.891328,-0.053326,0.248615,0.350176,0.266008,0.479541,-0.133967,0.672715,-0.017393,-0.129365,0.207506,0.342855,0.429456,0.548379,0.395401,0.370146,0.500400
D:/BTL/repo/smart-posture-monitor/data/raw/lean_left/nguoi10_ss1/frame_0028.jpg,ss1,nguoi10,lean_left,11.168585,-14.618608,-0.051714,0.253836,0.348326,0.270674,0.477548,-0.128306,0.670911,-0.016838,-0.129221,0.204903,0.343461,0.431003,0.548923,0.403892,0.376880,0.500093
D:/BTL/repo/smart-posture-monitor/data/raw/lean_left/nguoi10_ss1/frame_0029.jpg,ss1,nguoi10,lean_left,11.785652,-15.316190,-0.053590,0.253052,0.340459,0.271033,0.468442,-0.123603,0.664275,-0.017982,-0.127982,0.202881,0.341560,0.424202,0.541199,0.405848,0.380775,0.496714
D:/BTL/repo/smart-posture-monitor/data/raw/lean_left/nguoi10_ss1/frame_0030.jpg,ss1,nguoi10,lean_left,11.790928,-15.854362,-0.055138,0.237844,0.340805,0.255823,0.468013,-0.129431,0.655824,-0.017979,-0.127209,0.201828,0.329734,0.415593,0.533368,0.382781,0.361109,0.483868
D:/BTL/repo/smart-posture-monitor/data/raw/lean_left/nguoi10_ss1/frame_0031.jpg,ss1,nguoi10,lean_left,12.649629,-16.140551,-0.056341,0.250824,0.341231,0.269321,0.469929,-0.123750,0.667843,-0.018497,-0.128698,0.202668,0.340984,0.423499,0.541634,0.402203,0.377998,0.496972
D:/BTL/repo/smart-posture-monitor/data/raw/lean_left/nguoi10_ss1/frame_0032.jpg,ss1,nguoi10,lean_left,12.893814,-17.099007,-0.061066,0.246189,0.332391,0.267923,0.460593,-0.115548,0.654607,-0.021734,-0.128202,0.207692,0.327878,0.413634,0.532850,0.398657,0.379704,0.484434
D:/BTL/repo/smart-posture-monitor/data/raw/lean_left/nguoi10_ss1/frame_0033.jpg,ss1,nguoi10,lean_left,11.901550,-15.214390,-0.055526,0.238999,0.338115,0.258984,0.468858,-0.129114,0.663339,-0.019985,-0.130743,0.211583,0.331057,0.414055,0.535631,0.385541,0.364946,0.491200
D:/BTL/repo/smart-posture-monitor/data/raw/lean_left/nguoi10_ss1/frame_0034.jpg,ss1,nguoi10,lean_left,12.155456,-16.196413,-0.057364,0.237335,0.333786,0.258449,0.462255,-0.124989,0.660456,-0.021114,-0.128469,0.205658,0.331339,0.409562,0.529599,0.384626,0.366653,0.487844
D:/BTL/repo/smart-posture-monitor/data/raw/lean_left/nguoi10_ss1/frame_0035.jpg,ss1,nguoi10,lean_left,12.661670,-15.485526,-0.054080,0.253719,0.323150,0.272515,0.449617,-0.116686,0.648961,-0.018797,-0.126467,0.202549,0.338705,0.410852,0.525756,0.413771,0.389942,0.493308
D:/BTL/repo/smart-posture-monitor/data/raw/lean_left/nguoi10_ss1/frame_0036.jpg,ss1,nguoi10,lean_left,12.229393,-15.990169,-0.057136,0.248793,0.328512,0.268977,0.459485,-0.126364,0.663051,-0.020183,-0.130973,0.207413,0.343557,0.412090,0.532423,0.404135,0.381503,0.502652
D:/BTL/repo/smart-posture-monitor/data/raw/lean_left/nguoi10_ss1/frame_0037.jpg,ss1,nguoi10,lean_left,11.962047,-15.727777,-0.055240,0.244083,0.328823,0.262692,0.456267,-0.128485,0.649742,-0.018610,-0.127443,0.203785,0.336772,0.409513,0.526485,0.396825,0.374461,0.491727
D:/BTL/repo/smart-posture-monitor/data/raw/lean_left/nguoi10_ss1/frame_0038.jpg,ss1,nguoi10,lean_left,11.949356,-15.119354,-0.052746,0.246886,0.331584,0.265551,0.459600,-0.120783,0.652957,-0.018664,-0.128016,0.202223,0.333533,0.413402,0.530801,0.400032,0.376972,0.488325
D:/BTL/repo/smart-posture-monitor/data/raw/lean_left/nguoi10_ss1/frame_0039.jpg,ss1,nguoi10,lean_left,11.437248,-15.325154,-0.055319,0.241576,0.330621,0.262390,0.460986,-0.127831,0.662832,-0.020813,-0.130365,0.209308,0.337680,0.409475,0.530431,0.392305,0.372304,0.496815
D:/BTL/repo/smart-posture-monitor/data/raw/lean_left/nguoi10_ss1/frame_0040.jpg,ss1,nguoi10,lean_left,11.479050,-17.090416,-0.061758,0.234326,0.337427,0.257609,0.465637,-0.126660,0.670386,-0.023284,-0.128210,0.210147,0.332856,0.410811,0.532147,0.378676,0.364315,0.491093
D:/BTL/repo/smart-posture-monitor/data/raw/lean_left/nguoi10_ss1/frame_0041.jpg,ss1,nguoi10,lean_left,11.120392,-16.378033,-0.059938,0.236135,0.341537,0.257817,0.472282,-0.136076,0.672952,-0.021682,-0.130745,0.212567,0.338167,0.415220,0.538071,0.379913,0.362180,0.498374
D:/BTL/repo/smart-posture-monitor/data/raw/lean_left/nguoi10_ss1/frame_0042.jpg,ss1,nguoi10,lean_left,11.024096,-15.855397,-0.056952,0.258317,0.355937,0.275375,0.484882,-0.123298,0.671757,-0.017058,-0.128945,0.208453,0.337846,0.439794,0.557622,0.407462,0.380119,0.495351
D:/BTL/repo/smart-posture-monitor/data/raw/lean_left/nguoi10_ss1/frame_0043.jpg,ss1,nguoi10,lean_left,9.975650,-16.032295,-0.057947,0.239177,0.338794,0.255783,0.468716,-0.142610,0.653473,-0.016606,-0.129922,0.209817,0.335877,0.414713,0.533966,0.385557,0.360804,0.494757
D:/BTL/repo/smart-posture-monitor/data/raw/lean_left/nguoi10_ss1/frame_0044.jpg,ss1,nguoi10,lean_left,11.163702,-17.239843,-0.061732,0.238435,0.348989,0.259786,0.475233,-0.129370,0.669755,-0.021351,-0.126244,0.208292,0.332720,0.422664,0.541604,0.380619,0.363676,0.488028
D:/BTL/repo/smart-posture-monitor/data/raw/lean_left/nguoi10_ss1/frame_0045.jpg,ss1,nguoi10,lean_left,11.015710,-15.800549,-0.059000,0.230413,0.342432,0.252436,0.474515,-0.137561,0.672599,-0.022023,-0.132083,0.216681,0.331773,0.412735,0.537483,0.370881,0.354352,0.494383
D:/BTL/repo/smart-posture-monitor/data/raw/lean_left/nguoi10_ss1/frame_0046.jpg,ss1,nguoi10,lean_left,10.887501,-15.928619,-0.057455,0.231726,0.340544,0.252727,0.470373,-0.133238,0.668642,-0.021002,-0.129829,0.209354,0.331880,0.411907,0.533968,0.373567,0.356201,0.490761
D:/BTL/repo/smart-posture-monitor/data/raw/lean_left/nguoi10_ss1/frame_0047.jpg,ss1,nguoi10,lean_left,10.683167,-15.751847,-0.057722,0.223594,0.336753,0.245771,0.465661,-0.136336,0.662584,-0.022177,-0.128909,0.212625,0.326383,0.404224,0.526540,0.362454,0.348673,0.485506
D:/BTL/repo/smart-posture-monitor/data/raw/lean_left/nguoi10_ss1/frame_0048.jpg,ss1,nguoi10,lean_left,11.184687,-16.048210,-0.059426,0.223022,0.329524,0.246281,0.456470,-0.129371,0.653769,-0.023259,-0.126947,0.214963,0.319788,0.397900,0.518671,0.364105,0.352571,0.478869
D:/BTL/repo/smart-posture-monitor/data/raw/lean_left/nguoi10_ss1/frame_0049.jpg,ss1,nguoi10,lean_left,9.489662,-16.107340,-0.060620,0.209391,0.323901,0.231071,0.455297,-0.150239,0.649206,-0.021679,-0.131395,0.218500,0.321143,0.385690,0.510577,0.344677,0.332465,0.484930
D:/BTL/repo/smart-posture-monitor/data/raw/lean_left/nguoi10_ss1/frame_0050.jpg,ss1,nguoi10,lean_left,10.796418,-16.286716,-0.059686,0.227030,0.336851,0.249410,0.464895,-0.134372,0.666982,-0.022379,-0.128044,0.212828,0.330133,0.406216,0.527572,0.367707,0.353766,0.489487
D:/BTL/repo/smart-posture-monitor/data/raw/lean_left/nguoi10_ss1/frame_0051.jpg,ss1,nguoi10,lean_left,11.121045,-17.027243,-0.063684,0.225142,0.331529,0.250049,0.463168,-0.133390,0.670822,-0.024907,-0.131639,0.217482,0.330167,0.400750,0.526354,0.366685,0.355224,0.493624
D:/BTL/repo/smart-posture-monitor/data/raw/lean_left/nguoi10_ss1/frame_0052.jpg,ss1,nguoi10,lean_left,10.101666,-16.070131,-0.060054,0.219267,0.322974,0.240010,0.452701,-0.142611,0.646515,-0.020742,-0.129726,0.216946,0.322994,0.390372,0.512389,0.360524,0.345451,0.485422
D:/BTL/repo/smart-posture-monitor/data/raw/lean_left/nguoi10_ss1/frame_0053.jpg,ss1,nguoi10,lean_left,9.965569,-16.206425,-0.059671,0.220937,0.327765,0.241379,0.455758,-0.140861,0.647206,-0.020442,-0.127993,0.213797,0.322938,0.395276,0.515732,0.361475,0.346240,0.482639
D:/BTL/repo/smart-posture-monitor/data/raw/lean_left/nguoi10_ss1/frame_0054.jpg,ss1,nguoi10,lean_left,11.724021,-17.126495,-0.063793,0.241035,0.331663,0.266073,0.460305,-0.120032,0.669248,-0.025039,-0.128642,0.216627,0.333475,0.409997,0.531673,0.391081,0.377392,0.494301
D:/BTL/repo/smart-posture-monitor/data/raw/lean_left/nguoi10_ss1/frame_0055.jpg,ss1,nguoi10,lean_left,11.222847,-16.424986,-0.061338,0.229129,0.336280,0.253122,0.463466,-0.122912,0.661866,-0.023993,-0.127186,0.216928,0.319556,0.406921,0.528083,0.371136,0.359186,0.479520
D:/BTL/repo/smart-posture-monitor/data/raw/lean_left/nguoi10_ss1/frame_0056.jpg,ss1,nguoi10,lean_left,11.122061,-16.023029,-0.058553,0.239520,0.333295,0.261503,0.461040,-0.125300,0.664001,-0.021983,-0.127746,0.212132,0.333632,0.410433,0.530040,0.388150,0.371119,0.492403
D:/BTL/repo/smart-posture-monitor/data/raw/lean_left/nguoi10_ss1/frame_0057.jpg,ss1,nguoi10,lean_left,11.370595,-15.514975,-0.057920,0.233717,0.326644,0.256197,0.455604,-0.127889,0.659672,-0.022480,-0.128960,0.216533,0.330048,0.401647,0.522696,0.381713,0.366107,0.491597
D:/BTL/repo/smart-posture-monitor/data/raw/lean_left/nguoi10_ss1/frame_0058.jpg,ss1,nguoi10,lean_left,11.404078,-17.645508,-0.066316,0.227615,0.331204,0.253796,0.461650,-0.125781,0.666896,-0.026181,-0.130445,0.218772,0.324692,0.401877,0.526814,0.370626,0.360729,0.487420
D:/BTL/repo/smart-posture-monitor/data/raw/lean_left/nguoi10_ss1/frame_0059.jpg,ss1,nguoi10,lean_left,9.445721,-16.208284,-0.061124,0.211128,0.320074,0.233188,0.449380,-0.143625,0.642599,-0.022060,-0.129307,0.218979,0.316646,0.383435,0.506280,0.348685,0.337326,0.479450
D:/BTL/repo/smart-posture-monitor/data/raw/lean_left/nguoi10_ss1/frame_0060.jpg,ss1,nguoi10,lean_left,10.771558,-15.817324,-0.058583,0.224756,0.326361,0.248361,0.454701,-0.132269,0.664079,-0.023605,-0.128339,0.214926,0.330592,0.396266,0.518108,0.367916,0.355982,0.491447
D:/BTL/repo/smart-posture-monitor/data/raw/lean_left/nguoi10_ss1/frame_0061.jpg,ss1,nguoi10,lean_left,10.308923,-14.746285,-0.055055,0.223239,0.328043,0.244912,0.455466,-0.134967,0.652714,-0.021673,-0.127422,0.216294,0.323408,0.396797,0.517137,0.364962,0.351089,0.483449
D:/BTL/repo/smart-posture-monitor/data/raw/lean_left/nguoi10_ss1/frame_0062.jpg,ss1,nguoi10,lean_left,9.438334,-15.674514,-0.058214,0.217260,0.321868,0.237776,0.451177,-0.143132,0.641961,-0.020516,-0.129309,0.215471,0.320886,0.388331,0.509998,0.357752,0.342953,0.482018
D:/BTL/repo/smart-posture-monitor/data/raw/lean_left/nguoi10_ss1/frame_0063.jpg,ss1,nguoi10,lean_left,10.940689,-14.846107,-0.054478,0.234108,0.315895,0.256043,0.444046,-0.129901,0.651231,-0.021935,-0.128151,0.212617,0.335521,0.393187,0.512576,0.386287,0.370152,0.494927
D:/BTL/repo/smart-posture-monitor/data/raw/lean_left/nguoi10_ss1/frame_0064.jpg,ss1,nguoi10,lean_left,10.713557,-15.162111,-0.055722,0.233985,0.321591,0.256162,0.450880,-0.129426,0.658531,-0.022177,-0.129289,0.213044,0.335091,0.397705,0.518567,0.383991,0.367792,0.495577
D:/BTL/repo/smart-posture-monitor/data/raw/lean_left/nguoi10_ss1/frame_0065.jpg,ss1,nguoi10,lean_left,11.105872,-15.558702,-0.057159,0.238236,0.323415,0.260258,0.451508,-0.126520,0.659528,-0.022022,-0.128093,0.213100,0.336051,0.401688,0.521146,0.389897,0.373014,0.496003
D:/BTL/repo/smart-posture-monitor/data/raw/lean_left/nguoi10_ss1/frame_0066.jpg,ss1,nguoi10,lean_left,11.382514,-15.939625,-0.059489,0.234527,0.319020,0.258331,0.447500,-0.123208,0.652298,-0.023805,-0.128480,0.216620,0.328011,0.395950,0.516712,0.385784,0.371938,0.488926
D:/BTL/repo/smart-posture-monitor/data/raw/lean_left/nguoi10_ss1/frame_0067.jpg,ss1,nguoi10,lean_left,10.856015,-15.548274,-0.056454,0.236108,0.329809,0.257166,0.456303,-0.126136,0.655751,-0.021058,-0.126494,0.210609,0.329783,0.405612,0.523781,0.384225,0.367136,0.487297
D:/BTL/repo/smart-posture-monitor/data/raw/lean_left/nguoi10_ss1/frame_0068.jpg,ss1,nguoi10,lean_left,11.379827,-15.837418,-0.058823,0.234601,0.316379,0.258923,0.445464,-0.125532,0.661240,-0.024322,-0.129085,0.215539,0.336998,0.393869,0.515247,0.386879,0.373488,0.498623
D:/BTL/repo/smart-posture-monitor/data/raw/lean_left/nguoi10_ss1/frame_0069.jpg,ss1,nguoi10,lean_left,11.455331,-15.517152,-0.058156,0.231932,0.319042,0.256086,0.447753,-0.122320,0.657899,-0.024155,-0.128710,0.217382,0.328154,0.394437,0.515813,0.381732,0.368841,0.490223
D:/BTL/repo/smart-posture-monitor/data/raw/lean_left/nguoi10_ss1/frame_0070.jpg,ss1,nguoi10,lean_left,11.420517,-15.730967,-0.059074,0.233973,0.316923,0.259261,0.445959,-0.123480,0.660955,-0.025288,-0.129036,0.217887,0.334083,0.393934,0.515845,0.385697,0.373755,0.496115
D:/BTL/repo/smart-posture-monitor/data/raw/lean_left/nguoi10_ss1/frame_0071.jpg,ss1,nguoi10,lean_left,12.136395,-15.107633,-0.055983,0.252447,0.313872,0.274805,0.440071,-0.114486,0.654510,-0.022359,-0.126200,0.214795,0.341076,0.402796,0.518826,0.415539,0.396716,0.500673
D:/BTL/repo/smart-posture-monitor/data/raw/lean_left/nguoi10_ss1/frame_0072.jpg,ss1,nguoi10,lean_left,12.274785,-16.705738,-0.063183,0.252173,0.312166,0.278540,0.442639,-0.118068,0.670092,-0.026367,-0.130473,0.219799,0.351063,0.401297,0.522986,0.415799,0.400627,0.514965
D:/BTL/repo/smart-posture-monitor/data/raw/lean_left/nguoi1_ss1/frame_0001.jpg,ss1,nguoi1,lean_left,3.943261,-7.437884,-0.029369,0.178374,0.506302,0.160639,0.633336,-0.195512,0.602459,0.017734,-0.127034,0.226870,0.247893,0.536804,0.653391,0.246662,0.196656,0.386052
D:/BTL/repo/smart-posture-monitor/data/raw/lean_left/nguoi1_ss1/frame_0002.jpg,ss1,nguoi1,lean_left,5.144882,-7.521741,-0.025861,0.296816,0.499965,0.265578,0.632290,-0.147340,0.634329,0.031238,-0.132325,0.197557,0.315178,0.581434,0.685800,0.401007,0.318578,0.464035
D:/BTL/repo/smart-posture-monitor/data/raw/lean_left/nguoi1_ss1/frame_0003.jpg,ss1,nguoi1,lean_left,12.477020,-21.563711,-0.056025,0.445651,0.496817,0.420635,0.620440,0.003048,0.671084,0.025015,-0.123624,0.152434,0.347443,0.667406,0.749587,0.568434,0.484692,0.475675
D:/BTL/repo/smart-posture-monitor/data/raw/lean_left/nguoi1_ss1/frame_0004.jpg,ss1,nguoi1,lean_left,11.150617,-18.826389,-0.052708,0.446663,0.460231,0.426598,0.589830,0.003017,0.664984,0.020065,-0.129599,0.163334,0.349705,0.641342,0.727932,0.589297,0.504021,0.488616
D:/BTL/repo/smart-posture-monitor/data/raw/lean_left/nguoi1_ss1/frame_0005.jpg,ss1,nguoi1,lean_left,13.270555,-23.987440,-0.068696,0.482255,0.525493,0.465820,0.646963,0.034558,0.721950,0.016435,-0.121470,0.168980,0.356393,0.713241,0.797214,0.588195,0.514618,0.488904
D:/BTL/repo/smart-posture-monitor/data/raw/lean_left/nguoi1_ss1/frame_0006.jpg,ss1,nguoi1,lean_left,11.357836,-24.363363,-0.073113,0.460350,0.497039,0.451099,0.617652,0.039166,0.698863,0.009251,-0.120613,0.177235,0.334203,0.677474,0.764843,0.582733,0.514471,0.467042
D:/BTL/repo/smart-posture-monitor/data/raw/lean_left/nguoi1_ss1/frame_0007.jpg,ss1,nguoi1,lean_left,10.604933,-22.124781,-0.064964,0.453511,0.500312,0.438515,0.623428,0.024550,0.691997,0.014996,-0.123117,0.172490,0.336014,0.675266,0.762206,0.574332,0.500256,0.469841
D:/BTL/repo/smart-posture-monitor/data/raw/lean_left/nguoi1_ss1/frame_0008.jpg,ss1,nguoi1,lean_left,10.571815,-22.603140,-0.066726,0.444457,0.493358,0.431810,0.613944,0.024886,0.683364,0.012647,-0.120587,0.173610,0.328770,0.664036,0.750592,0.569078,0.498165,0.460589
D:/BTL/repo/smart-posture-monitor/data/raw/lean_left/nguoi1_ss1/frame_0009.jpg,ss1,nguoi1,lean_left,9.085154,-22.203794,-0.059128,0.463517,0.488386,0.445817,0.612235,0.027212,0.692114,0.017700,-0.123849,0.156465,0.349811,0.673326,0.757353,0.590478,0.512049,0.481525
D:/BTL/repo/smart-posture-monitor/data/raw/lean_left/nguoi1_ss1/frame_0010.jpg,ss1,nguoi1,lean_left,8.777176,-21.424831,-0.056950,0.459859,0.481705,0.442528,0.606378,0.027951,0.687529,0.017331,-0.124673,0.155909,0.346043,0.665966,0.750683,0.590576,0.511643,0.478444
D:/BTL/repo/smart-posture-monitor/data/raw/lean_left/nguoi1_ss1/frame_0011.jpg,ss1,nguoi1,lean_left,8.508089,-21.012697,-0.055971,0.447978,0.496762,0.428959,0.617038,0.019221,0.684543,0.019019,-0.120276,0.156093,0.339191,0.668922,0.751493,0.570771,0.494099,0.468075
D:/BTL/repo/smart-posture-monitor/data/raw/lean_left/nguoi1_ss1/frame_0012.jpg,ss1,nguoi1,lean_left,8.980026,-20.639872,-0.056176,0.451799,0.487011,0.434606,0.609647,0.024299,0.683862,0.017192,-0.122636,0.159366,0.338892,0.664306,0.748701,0.579768,0.502722,0.470644
D:/BTL/repo/smart-posture-monitor/data/raw/lean_left/nguoi1_ss1/frame_0013.jpg,ss1,nguoi1,lean_left,9.478537,-22.741718,-0.062283,0.468205,0.485702,0.453423,0.609905,0.036087,0.695451,0.014782,-0.124203,0.161113,0.347330,0.674627,0.759985,0.596461,0.520132,0.480334
D:/BTL/repo/smart-posture-monitor/data/raw/lean_left/nguoi1_ss1/frame_0014.jpg,ss1,nguoi1,lean_left,9.109681,-22.465679,-0.060244,0.461131,0.490051,0.445063,0.612831,0.029783,0.694314,0.016068,-0.122780,0.157652,0.346266,0.672898,0.757393,0.587263,0.511080,0.477267
D:/BTL/repo/smart-posture-monitor/data/raw/lean_left/nguoi1_ss1/frame_0015.jpg,ss1,nguoi1,lean_left,9.718351,-22.056997,-0.060957,0.458090,0.488661,0.444470,0.613683,0.031098,0.700592,0.013620,-0.125022,0.162322,0.342827,0.669803,0.757734,0.585057,0.510145,0.476693
D:/BTL/repo/smart-posture-monitor/data/raw/lean_left/nguoi1_ss1/frame_0016.jpg,ss1,nguoi1,lean_left,9.637643,-23.071472,-0.068081,0.432765,0.497976,0.420548,0.618458,0.021118,0.682517,0.012218,-0.120482,0.173730,0.320919,0.659747,0.747897,0.554875,0.485467,0.451119
D:/BTL/repo/smart-posture-monitor/data/raw/lean_left/nguoi1_ss1/frame_0017.jpg,ss1,nguoi1,lean_left,9.804535,-20.908043,-0.056132,0.458937,0.475993,0.445369,0.599692,0.038017,0.689024,0.013568,-0.123699,0.157291,0.339459,0.661205,0.746983,0.592813,0.517357,0.471758
D:/BTL/repo/smart-posture-monitor/data/raw/lean_left/nguoi1_ss1/frame_0018.jpg,ss1,nguoi1,lean_left,9.231279,-20.070379,-0.053102,0.462323,0.480776,0.445209,0.607980,0.032260,0.692596,0.017113,-0.127205,0.154736,0.345198,0.666999,0.753559,0.593487,0.513416,0.479397
D:/BTL/repo/smart-posture-monitor/data/raw/lean_left/nguoi1_ss1/frame_0019.jpg,ss1,nguoi1,lean_left,9.472193,-21.159813,-0.056150,0.453044,0.484158,0.436013,0.607171,0.028151,0.682939,0.017031,-0.123013,0.155553,0.338704,0.663067,0.747505,0.582542,0.505162,0.469092
D:/BTL/repo/smart-posture-monitor/data/raw/lean_left/nguoi1_ss1/frame_0020.jpg,ss1,nguoi1,lean_left,9.284783,-20.695343,-0.054862,0.456293,0.483612,0.439639,0.608391,0.034194,0.686914,0.016654,-0.124778,0.155240,0.336733,0.664894,0.750614,0.586040,0.508024,0.468508
D:/BTL/repo/smart-posture-monitor/data/raw/lean_left/nguoi1_ss1/frame_0021.jpg,ss1,nguoi1,lean_left,9.485311,-21.552475,-0.056755,0.463572,0.480876,0.447229,0.605669,0.041680,0.685061,0.016343,-0.124793,0.154496,0.337579,0.667938,0.752893,0.594645,0.516349,0.468704
D:/BTL/repo/smart-posture-monitor/data/raw/lean_left/nguoi1_ss1/frame_0022.jpg,ss1,nguoi1,lean_left,9.755062,-22.488852,-0.060836,0.467875,0.488127,0.452422,0.613122,0.041183,0.694461,0.015453,-0.124995,0.159046,0.341581,0.676147,0.761974,0.594815,0.517742,0.473962
D:/BTL/repo/smart-posture-monitor/data/raw/lean_left/nguoi1_ss1/frame_0023.jpg,ss1,nguoi1,lean_left,9.684096,-23.634918,-0.062916,0.463758,0.482644,0.448782,0.608527,0.042421,0.689119,0.014976,-0.125883,0.156935,0.338065,0.669341,0.756115,0.593854,0.516483,0.469209
D:/BTL/repo/smart-posture-monitor/data/raw/lean_left/nguoi1_ss1/frame_0024.jpg,ss1,nguoi1,lean_left,9.562514,-22.953362,-0.060312,0.460940,0.486665,0.446158,0.609432,0.039119,0.692017,0.014782,-0.122767,0.154653,0.339903,0.670304,0.755291,0.588919,0.513638,0.469151
D:/BTL/repo/smart-posture-monitor/data/raw/lean_left/nguoi1_ss1/frame_0025.jpg,ss1,nguoi1,lean_left,8.794794,-19.839615,-0.071526,0.353067,0.553926,0.351522,0.668333,-0.015423,0.699596,0.001545,-0.114407,0.210749,0.267863,0.656880,0.755140,0.444050,0.397851,0.396238
D:/BTL/repo/smart-posture-monitor/data/raw/lean_left/nguoi1_ss1/frame_0026.jpg,ss1,nguoi1,lean_left,8.119822,-17.625616,-0.065423,0.328343,0.551706,0.322843,0.670623,-0.050041,0.691033,0.005500,-0.118917,0.216061,0.270205,0.642019,0.744287,0.417461,0.367883,0.403220
D:/BTL/repo/smart-posture-monitor/data/raw/lean_left/nguoi1_ss1/frame_0027.jpg,ss1,nguoi1,lean_left,8.079075,-17.761705,-0.046015,0.471685,0.506448,0.444602,0.630457,0.020714,0.689130,0.027083,-0.124010,0.150840,0.353865,0.692081,0.771458,0.588508,0.502784,0.486567
D:/BTL/repo/smart-posture-monitor/data/raw/lean_left/nguoi1_ss1/frame_0028.jpg,ss1,nguoi1,lean_left,8.458973,-19.341955,-0.052008,0.470466,0.507631,0.448031,0.630682,0.024451,0.698290,0.022435,-0.123051,0.157026,0.351966,0.692118,0.773623,0.586724,0.505830,0.485057
D:/BTL/repo/smart-posture-monitor/data/raw/lean_left/nguoi1_ss1/frame_0029.jpg,ss1,nguoi1,lean_left,8.455640,-18.981432,-0.047253,0.482405,0.475582,0.459024,0.603796,0.037047,0.684301,0.023381,-0.128214,0.145278,0.357837,0.677417,0.758468,0.615559,0.528083,0.491841
D:/BTL/repo/smart-posture-monitor/data/raw/lean_left/nguoi1_ss1/frame_0030.jpg,ss1,nguoi1,lean_left,8.543441,-16.451073,-0.046043,0.472582,0.490106,0.449987,0.620926,0.020148,0.696147,0.022595,-0.130820,0.162582,0.355727,0.680836,0.766836,0.598219,0.511975,0.497142
D:/BTL/repo/smart-posture-monitor/data/raw/lean_left/nguoi1_ss1/frame_0031.jpg,ss1,nguoi1,lean_left,9.415125,-21.573576,-0.058672,0.446654,0.519326,0.424634,0.639391,0.009818,0.691558,0.022020,-0.120065,0.159568,0.341386,0.684982,0.767552,0.557688,0.480358,0.469563
D:/BTL/repo/smart-posture-monitor/data/raw/lean_left/nguoi1_ss1/frame_0032.jpg,ss1,nguoi1,lean_left,10.445514,-19.970074,-0.054026,0.460813,0.506638,0.437188,0.630994,0.024135,0.682715,0.023624,-0.124356,0.158189,0.339615,0.684858,0.767650,0.578054,0.495700,0.470840
D:/BTL/repo/smart-posture-monitor/data/raw/lean_left/nguoi1_ss1/frame_0033.jpg,ss1,nguoi1,lean_left,10.020453,-22.157145,-0.062032,0.457496,0.499357,0.438950,0.622554,0.023601,0.686362,0.018546,-0.123197,0.164476,0.340766,0.677245,0.761742,0.578725,0.501048,0.472478
D:/BTL/repo/smart-posture-monitor/data/raw/lean_left/nguoi1_ss1/frame_0034.jpg,ss1,nguoi1,lean_left,10.002201,-22.064869,-0.060659,0.459444,0.494957,0.441657,0.618616,0.027681,0.688332,0.017787,-0.123659,0.161474,0.341432,0.675330,0.760096,0.582974,0.505317,0.473089
D:/BTL/repo/smart-posture-monitor/data/raw/lean_left/nguoi1_ss1/frame_0035.jpg,ss1,nguoi1,lean_left,10.677302,-19.033894,-0.053272,0.464825,0.478504,0.448792,0.605543,0.033117,0.688394,0.016033,-0.127039,0.163347,0.343104,0.667105,0.753722,0.597170,0.517857,0.480027
D:/BTL/repo/smart-posture-monitor/data/raw/lean_left/nguoi1_ss1/frame_0036.jpg,ss1,nguoi1,lean_left,11.298596,-21.177746,-0.060487,0.467863,0.469954,0.453400,0.600618,0.035108,0.687052,0.014464,-0.130664,0.167433,0.344838,0.663139,0.752538,0.604874,0.524392,0.484157
D:/BTL/repo/smart-posture-monitor/data/raw/lean_left/nguoi1_ss1/frame_0037.jpg,ss1,nguoi1,lean_left,10.944298,-19.582623,-0.054086,0.462788,0.470633,0.446030,0.600306,0.030884,0.682957,0.016759,-0.129673,0.161371,0.343656,0.660052,0.747870,0.599559,0.517692,0.481272
D:/BTL/repo/smart-posture-monitor/data/raw/lean_left/nguoi1_ss1/frame_0038.jpg,ss1,nguoi1,lean_left,10.826687,-18.261353,-0.051051,0.453422,0.481615,0.433766,0.608468,0.019679,0.677002,0.019656,-0.126853,0.162920,0.339465,0.661471,0.747252,0.584299,0.502457,0.475720
D:/BTL/repo/smart-posture-monitor/data/raw/lean_left/nguoi1_ss1/frame_0039.jpg,ss1,nguoi1,lean_left,9.647359,-17.659645,-0.044174,0.458304,0.463341,0.437627,0.586681,0.027271,0.666599,0.020677,-0.123340,0.145615,0.345849,0.651711,0.731923,0.599226,0.516060,0.476554
D:/BTL/repo/smart-posture-monitor/data/raw/lean_left/nguoi1_ss1/frame_0040.jpg,ss1,nguoi1,lean_left,9.410218,-18.697306,-0.048657,0.444574,0.493245,0.422367,0.612324,0.011105,0.675583,0.022207,-0.119078,0.151782,0.341603,0.664031,0.743864,0.569254,0.489889,0.470259
D:/BTL/repo/smart-posture-monitor/data/raw/lean_left/nguoi1_ss1/frame_0041.jpg,ss1,nguoi1,lean_left,10.419324,-16.706758,-0.042186,0.463374,0.468227,0.440422,0.591968,0.022880,0.667920,0.022953,-0.123741,0.146748,0.351571,0.658751,0.737833,0.601476,0.516266,0.483645
D:/BTL/repo/smart-posture-monitor/data/raw/lean_left/nguoi1_ss1/frame_0042.jpg,ss1,nguoi1,lean_left,10.579575,-21.181154,-0.055191,0.454202,0.462940,0.438466,0.583084,0.039363,0.659969,0.015736,-0.120144,0.152750,0.331572,0.648547,0.729547,0.595373,0.518534,0.459251
D:/BTL/repo/smart-posture-monitor/data/raw/lean_left/nguoi1_ss1/frame_0043.jpg,ss1,nguoi1,lean_left,10.427340,-19.515667,-0.048647,0.464356,0.458855,0.447052,0.581119,0.041893,0.668023,0.017304,-0.122264,0.145621,0.342301,0.652821,0.733181,0.607719,0.527603,0.471409
D:/BTL/repo/smart-posture-monitor/data/raw/lean_left/nguoi1_ss1/frame_0044.jpg,ss1,nguoi1,lean_left,10.237839,-20.920847,-0.054406,0.465201,0.452296,0.451724,0.576627,0.049183,0.669812,0.013477,-0.124331,0.152366,0.337886,0.648833,0.732498,0.612286,0.534134,0.469451
D:/BTL/repo/smart-posture-monitor/data/raw/lean_left/nguoi1_ss1/frame_0045.jpg,ss1,nguoi1,lean_left,9.792984,-20.571766,-0.050112,0.463655,0.467307,0.443773,0.588469,0.041845,0.663171,0.019882,-0.121162,0.142616,0.338824,0.658294,0.737041,0.602266,0.521057,0.465066
D:/BTL/repo/smart-posture-monitor/data/raw/lean_left/nguoi1_ss1/frame_0046.jpg,ss1,nguoi1,lean_left,10.112601,-18.587076,-0.046577,0.473489,0.461949,0.454196,0.585413,0.040279,0.672099,0.019294,-0.123464,0.146125,0.350447,0.661505,0.740947,0.614824,0.532261,0.481492
D:/BTL/repo/smart-posture-monitor/data/raw/lean_left/nguoi1_ss1/frame_0047.jpg,ss1,nguoi1,lean_left,10.937679,-19.349880,-0.049443,0.487244,0.449199,0.469553,0.577273,0.052990,0.671899,0.017691,-0.128074,0.149223,0.353153,0.662712,0.744126,0.635254,0.550320,0.488028
D:/BTL/repo/smart-posture-monitor/data/raw/lean_left/nguoi1_ss1/frame_0048.jpg,ss1,nguoi1,lean_left,10.357125,-20.957689,-0.056595,0.449928,0.486078,0.433275,0.602440,0.026524,0.672659,0.016654,-0.116362,0.158230,0.335499,0.662350,0.742066,0.578419,0.504703,0.462692
D:/BTL/repo/smart-posture-monitor/data/raw/lean_left/nguoi1_ss1/frame_0049.jpg,ss1,nguoi1,lean_left,10.962513,-21.366890,-0.054503,0.468215,0.475140,0.446946,0.596509,0.031710,0.665864,0.021269,-0.121369,0.149594,0.348135,0.667070,0.745374,0.602315,0.520301,0.476353
D:/BTL/repo/smart-posture-monitor/data/raw/lean_left/nguoi1_ss1/frame_0050.jpg,ss1,nguoi1,lean_left,10.777392,-19.901474,-0.053135,0.461563,0.477845,0.437635,0.604182,0.021330,0.662254,0.023928,-0.126337,0.156093,0.344364,0.664362,0.746030,0.594362,0.508043,0.477297
D:/BTL/repo/smart-posture-monitor/data/raw/lean_left/nguoi1_ss1/frame_0051.jpg,ss1,nguoi1,lean_left,10.899145,-18.124422,-0.048160,0.463420,0.487155,0.437552,0.611311,0.019512,0.665186,0.025868,-0.124156,0.154815,0.345760,0.672367,0.751766,0.591056,0.504751,0.478278
D:/BTL/repo/smart-posture-monitor/data/raw/lean_left/nguoi1_ss1/frame_0052.jpg,ss1,nguoi1,lean_left,10.934104,-20.455473,-0.055430,0.459917,0.477931,0.438439,0.604342,0.019334,0.670220,0.021479,-0.126411,0.158607,0.346907,0.663281,0.746631,0.592706,0.508728,0.480717
D:/BTL/repo/smart-posture-monitor/data/raw/lean_left/nguoi1_ss1/frame_0053.jpg,ss1,nguoi1,lean_left,11.062567,-19.799520,-0.055125,0.464332,0.479265,0.442784,0.605556,0.021093,0.670422,0.021547,-0.126292,0.162740,0.347142,0.667307,0.750171,0.596271,0.512256,0.482703
D:/BTL/repo/smart-posture-monitor/data/raw/lean_left/nguoi1_ss1/frame_0054.jpg,ss1,nguoi1,lean_left,10.761947,-20.130913,-0.052526,0.471766,0.486341,0.448456,0.608735,0.028224,0.672892,0.023310,-0.122394,0.152619,0.350638,0.677563,0.756090,0.599513,0.516086,0.481177
D:/BTL/repo/smart-posture-monitor/data/raw/lean_left/nguoi1_ss1/frame_0055.jpg,ss1,nguoi1,lean_left,11.230706,-20.070810,-0.054142,0.466625,0.473078,0.447325,0.598493,0.030077,0.672936,0.019300,-0.125416,0.157764,0.346411,0.664486,0.747191,0.601928,0.519737,0.480123
D:/BTL/repo/smart-posture-monitor/data/raw/lean_left/nguoi1_ss1/frame_0056.jpg,ss1,nguoi1,lean_left,10.801780,-19.130960,-0.053694,0.461183,0.478463,0.440935,0.603462,0.022284,0.670364,0.020247,-0.124998,0.163837,0.343600,0.664542,0.747389,0.593650,0.511477,0.479018
D:/BTL/repo/smart-posture-monitor/data/raw/lean_left/nguoi1_ss1/frame_0057.jpg,ss1,nguoi1,lean_left,10.876890,-19.514177,-0.055163,0.455764,0.477591,0.436448,0.603149,0.020770,0.669733,0.019317,-0.125558,0.165140,0.340095,0.660162,0.744497,0.588812,0.507390,0.475540
D:/BTL/repo/smart-posture-monitor/data/raw/lean_left/nguoi1_ss1/frame_0058.jpg,ss1,nguoi1,lean_left,10.956243,-19.141836,-0.051510,0.468660,0.476009,0.447240,0.600405,0.029291,0.668500,0.021420,-0.124397,0.157086,0.346347,0.668002,0.748673,0.602260,0.518776,0.479686
D:/BTL/repo/smart-posture-monitor/data/raw/lean_left/nguoi1_ss1/frame_0059.jpg,ss1,nguoi1,lean_left,10.409934,-20.254370,-0.053936,0.457385,0.477678,0.437599,0.600092,0.025487,0.668812,0.019786,-0.122415,0.155799,0.341591,0.661345,0.742700,0.590361,0.509867,0.472301
D:/BTL/repo/smart-posture-monitor/data/raw/lean_left/nguoi1_ss1/frame_0060.jpg,ss1,nguoi1,lean_left,10.767359,-21.698860,-0.057328,0.459985,0.464986,0.443503,0.590196,0.035776,0.669686,0.016482,-0.125210,0.155054,0.339519,0.654063,0.738259,0.599965,0.519998,0.471015
D:/BTL/repo/smart-posture-monitor/data/raw/lean_left/nguoi1_ss1/frame_0061.jpg,ss1,nguoi1,lean_left,10.291746,-20.450823,-0.054954,0.454034,0.464652,0.436646,0.592575,0.027726,0.670732,0.017388,-0.127922,0.157281,0.339045,0.649653,0.736073,0.594250,0.512403,0.473505
D:/BTL/repo/smart-posture-monitor/data/raw/lean_left/nguoi1_ss1/frame_0062.jpg,ss1,nguoi1,lean_left,10.991233,-18.307926,-0.050717,0.458586,0.470199,0.438242,0.596431,0.021658,0.665794,0.020344,-0.126232,0.161455,0.342779,0.656802,0.740125,0.595676,0.512148,0.478710
D:/BTL/repo/smart-posture-monitor/data/raw/lean_left/nguoi1_ss1/frame_0063.jpg,ss1,nguoi1,lean_left,10.882508,-17.968298,-0.048439,0.462663,0.469291,0.441000,0.595422,0.024288,0.664697,0.021663,-0.126131,0.157020,0.344986,0.659008,0.740951,0.600185,0.515219,0.479954
D:/BTL/repo/smart-posture-monitor/data/raw/lean_left/nguoi1_ss1/frame_0064.jpg,ss1,nguoi1,lean_left,11.143317,-18.185152,-0.050196,0.464226,0.464383,0.443891,0.591914,0.023910,0.665802,0.020335,-0.127530,0.160840,0.347026,0.656626,0.739866,0.604467,0.519566,0.484198
D:/BTL/repo/smart-posture-monitor/data/raw/lean_left/nguoi1_ss1/frame_0065.jpg,ss1,nguoi1,lean_left,11.647689,-18.496088,-0.052188,0.459808,0.462657,0.442013,0.588188,0.026749,0.663923,0.017794,-0.125531,0.164508,0.340893,0.652284,0.735759,0.601097,0.519525,0.477544
D:/BTL/repo/smart-posture-monitor/data/raw/lean_left/nguoi1_ss1/frame_0066.jpg,ss1,nguoi1,lean_left,11.538426,-20.081411,-0.055688,0.461529,0.467071,0.442819,0.591807,0.026411,0.663598,0.018710,-0.124736,0.162187,0.343071,0.656631,0.739137,0.600316,0.518605,0.477442
D:/BTL/repo/smart-posture-monitor/data/raw/lean_left/nguoi1_ss1/frame_0067.jpg,ss1,nguoi1,lean_left,11.319778,-17.342657,-0.048975,0.456147,0.466186,0.436327,0.591868,0.020109,0.662228,0.019820,-0.125682,0.164299,0.340904,0.652226,0.735315,0.595498,0.512425,0.478081
D:/BTL/repo/smart-posture-monitor/data/raw/lean_left/nguoi1_ss1/frame_0068.jpg,ss1,nguoi1,lean_left,11.526237,-16.251558,-0.045273,0.456486,0.478639,0.433997,0.605636,0.011237,0.673120,0.022489,-0.126997,0.161772,0.348008,0.661419,0.745083,0.588949,0.503947,0.485870
D:/BTL/repo/smart-posture-monitor/data/raw/lean_left/nguoi1_ss1/frame_0069.jpg,ss1,nguoi1,lean_left,11.333915,-17.311527,-0.048188,0.451877,0.462952,0.431377,0.593360,0.011372,0.665037,0.020500,-0.130408,0.161940,0.345990,0.646929,0.733595,0.593040,0.507012,0.484647
D:/BTL/repo/smart-posture-monitor/data/raw/lean_left/nguoi1_ss1/frame_0070.jpg,ss1,nguoi1,lean_left,9.803549,-15.130966,-0.043699,0.439378,0.483536,0.415203,0.613024,-0.010640,0.668017,0.024175,-0.129488,0.167411,0.346627,0.653345,0.740400,0.569200,0.482681,0.486363
D:/BTL/repo/smart-posture-monitor/data/raw/lean_left/nguoi1_ss1/frame_0071.jpg,ss1,nguoi1,lean_left,10.651168,-16.481081,-0.046377,0.438062,0.477431,0.414887,0.602836,-0.001711,0.659485,0.023175,-0.125405,0.163473,0.339871,0.647950,0.731807,0.571137,0.486827,0.475966
D:/BTL/repo/smart-posture-monitor/data/raw/lean_left/nguoi1_ss1/frame_0072.jpg,ss1,nguoi1,lean_left,10.754557,-15.110481,-0.043950,0.435401,0.477226,0.413884,0.602538,-0.003018,0.664167,0.021517,-0.125312,0.168596,0.337853,0.646002,0.730994,0.568526,0.485978,0.476611
D:/BTL/repo/smart-posture-monitor/data/raw/lean_left/nguoi1_ss1/frame_0073.jpg,ss1,nguoi1,lean_left,10.528500,-19.473608,-0.068779,0.354314,0.521148,0.349362,0.643620,-0.031985,0.687300,0.004952,-0.122473,0.206313,0.284243,0.630185,0.732326,0.459596,0.404661,0.420516
D:/BTL/repo/smart-posture-monitor/data/raw/lean_left/nguoi1_ss1/frame_0074.jpg,ss1,nguoi1,lean_left,2.485667,-6.444736,-0.026582,0.099570,0.536979,0.105637,0.643490,-0.181800,0.587604,-0.006067,-0.106511,0.236821,0.183327,0.546132,0.652103,0.135036,0.128953,0.285889
D:/BTL/repo/smart-posture-monitor/data/raw/lean_left/nguoi1_ss1_2/frame_0001.jpg,ss1_2,nguoi1,lean_left,10.919929,-12.287753,-0.042589,0.217324,0.524274,0.207006,0.650857,-0.143476,0.651701,0.010318,-0.126584,0.200116,0.253542,0.567532,0.682984,0.292867,0.247210,0.382641
D:/BTL/repo/smart-posture-monitor/data/raw/lean_left/nguoi1_ss1_2/frame_0002.jpg,ss1_2,nguoi1,lean_left,11.950658,-14.856485,-0.051502,0.244110,0.563340,0.233564,0.679276,-0.122336,0.673015,0.010547,-0.115936,0.200866,0.260796,0.613956,0.718309,0.314568,0.270106,0.382507
D:/BTL/repo/smart-posture-monitor/data/raw/lean_left/nguoi1_ss1_2/frame_0003.jpg,ss1_2,nguoi1,lean_left,12.711490,-19.516687,-0.066944,0.325258,0.572737,0.308563,0.691891,-0.092258,0.695346,0.016695,-0.119153,0.200384,0.307853,0.658651,0.757578,0.405728,0.346297,0.435147
D:/BTL/repo/smart-posture-monitor/data/raw/lean_left/nguoi1_ss1_2/frame_0004.jpg,ss1_2,nguoi1,lean_left,11.763443,-17.550621,-0.056575,0.307079,0.525722,0.290672,0.645032,-0.097010,0.656748,0.016407,-0.119310,0.187614,0.298702,0.608836,0.707500,0.403201,0.342259,0.424801
D:/BTL/repo/smart-posture-monitor/data/raw/lean_left/nguoi1_ss1_2/frame_0005.jpg,ss1_2,nguoi1,lean_left,14.617539,-17.875738,-0.057416,0.274084,0.525656,0.263510,0.638238,-0.099582,0.649725,0.010574,-0.112583,0.187051,0.274623,0.592820,0.690497,0.363546,0.314493,0.393726
D:/BTL/repo/smart-posture-monitor/data/raw/lean_left/nguoi1_ss1_2/frame_0006.jpg,ss1_2,nguoi1,lean_left,13.927171,-17.261078,-0.056812,0.266654,0.525957,0.255591,0.641098,-0.105605,0.646146,0.011063,-0.115140,0.191463,0.270786,0.589691,0.690169,0.354329,0.304815,0.391181
D:/BTL/repo/smart-posture-monitor/data/raw/lean_left/nguoi1_ss1_2/frame_0007.jpg,ss1_2,nguoi1,lean_left,11.497787,-12.843513,-0.045569,0.227620,0.539718,0.216019,0.657416,-0.139637,0.641816,0.011601,-0.117699,0.204999,0.258587,0.585753,0.691998,0.301385,0.255920,0.381185
D:/BTL/repo/smart-posture-monitor/data/raw/lean_left/nguoi1_ss1_2/frame_0008.jpg,ss1_2,nguoi1,lean_left,13.927579,-18.595171,-0.059457,0.280605,0.541585,0.265173,0.646516,-0.100336,0.637537,0.015431,-0.104931,0.186456,0.279839,0.609962,0.698785,0.365747,0.313893,0.392840
D:/BTL/repo/smart-posture-monitor/data/raw/lean_left/nguoi1_ss1_2/frame_0009.jpg,ss1_2,nguoi1,lean_left,15.578914,-18.985359,-0.060709,0.282700,0.533578,0.269266,0.644391,-0.098256,0.645403,0.013434,-0.110813,0.186608,0.280830,0.603841,0.698386,0.371143,0.319044,0.397029
D:/BTL/repo/smart-posture-monitor/data/raw/lean_left/nguoi1_ss1_2/frame_0010.jpg,ss1_2,nguoi1,lean_left,15.018143,-18.910114,-0.059858,0.275108,0.538693,0.262844,0.644448,-0.097710,0.643844,0.012264,-0.105755,0.184698,0.274890,0.604876,0.695988,0.360166,0.311921,0.387363
D:/BTL/repo/smart-posture-monitor/data/raw/lean_left/nguoi1_ss1_2/frame_0011.jpg,ss1_2,nguoi1,lean_left,13.172852,-17.200901,-0.056262,0.244225,0.552061,0.230834,0.662535,-0.130755,0.651592,0.013391,-0.110473,0.190251,0.273523,0.603670,0.701596,0.318195,0.271319,0.387964
D:/BTL/repo/smart-posture-monitor/data/raw/lean_left/nguoi1_ss1_2/frame_0012.jpg,ss1_2,nguoi1,lean_left,13.478308,-16.733730,-0.056340,0.208011,0.662407,0.185821,0.746071,-0.170933,0.669236,0.022190,-0.083663,0.195677,0.283241,0.694300,0.768863,0.245662,0.203872,0.379006
D:/BTL/repo/smart-posture-monitor/data/raw/lean_left/nguoi1_ss1_2/frame_0013.jpg,ss1_2,nguoi1,lean_left,13.292861,-13.741400,-0.051775,0.098663,0.712852,0.091095,0.797003,-0.244716,0.699019,0.007568,-0.084151,0.217965,0.261191,0.719648,0.802193,0.112825,0.096497,0.343658
D:/BTL/repo/smart-posture-monitor/data/raw/lean_left/nguoi1_ss1_2/frame_0014.jpg,ss1_2,nguoi1,lean_left,10.373882,-12.294558,-0.036596,0.261113,0.609447,0.226228,0.697423,-0.151389,0.638130,0.034885,-0.087977,0.171864,0.303734,0.663027,0.733197,0.320455,0.257647,0.413498
D:/BTL/repo/smart-posture-monitor/data/raw/lean_left/nguoi1_ss1_2/frame_0016.jpg,ss1_2,nguoi1,lean_left,14.125655,-20.895901,-0.047967,0.436299,0.602938,0.394844,0.704723,-0.022316,0.689951,0.041456,-0.101785,0.134486,0.356452,0.744239,0.807797,0.507345,0.426500,0.466797
D:/BTL/repo/smart-posture-monitor/data/raw/lean_left/nguoi1_ss1_2/frame_0017.jpg,ss1_2,nguoi1,lean_left,12.521279,-20.029236,-0.056429,0.336713,0.568419,0.305391,0.668445,-0.084845,0.639582,0.031323,-0.100026,0.164756,0.318004,0.660663,0.734903,0.420121,0.350451,0.427523
D:/BTL/repo/smart-posture-monitor/data/raw/lean_left/nguoi1_ss1_2/frame_0018.jpg,ss1_2,nguoi1,lean_left,11.100766,-13.631043,-0.043730,0.246659,0.529349,0.231358,0.635179,-0.112784,0.619367,0.015300,-0.105830,0.185558,0.256755,0.583995,0.676002,0.328415,0.279025,0.370543
D:/BTL/repo/smart-posture-monitor/data/raw/lean_left/nguoi1_ss1_2/frame_0019.jpg,ss1_2,nguoi1,lean_left,9.830126,-11.137861,-0.039680,0.151395,0.515690,0.152574,0.623471,-0.145037,0.604044,-0.001179,-0.107781,0.205413,0.200717,0.537454,0.641868,0.208350,0.188797,0.309319
D:/BTL/repo/smart-posture-monitor/data/raw/lean_left/nguoi1_ss1_2/frame_0020.jpg,ss1_2,nguoi1,lean_left,8.834035,-10.074493,-0.033519,0.172120,0.501960,0.162918,0.614256,-0.150828,0.597514,0.009202,-0.112297,0.191618,0.221957,0.530649,0.635494,0.239317,0.203087,0.336788
D:/BTL/repo/smart-posture-monitor/data/raw/lean_left/nguoi1_ss1_2/frame_0021.jpg,ss1_2,nguoi1,lean_left,11.155748,-13.004704,-0.042414,0.241433,0.529620,0.223371,0.633685,-0.121068,0.608478,0.018062,-0.104065,0.188481,0.256844,0.582054,0.671901,0.321796,0.270243,0.370979
D:/BTL/repo/smart-posture-monitor/data/raw/lean_left/nguoi1_ss1_2/frame_0022.jpg,ss1_2,nguoi1,lean_left,11.875270,-19.044746,-0.058385,0.305618,0.529587,0.281856,0.637797,-0.103192,0.627308,0.023762,-0.108210,0.178927,0.303090,0.611445,0.697300,0.399964,0.334930,0.420328
D:/BTL/repo/smart-posture-monitor/data/raw/lean_left/nguoi1_ss1_2/frame_0023.jpg,ss1_2,nguoi1,lean_left,11.010796,-16.273077,-0.049968,0.293386,0.557845,0.267326,0.657851,-0.097505,0.619954,0.026061,-0.100006,0.178319,0.286235,0.630290,0.710092,0.374994,0.312935,0.395794
D:/BTL/repo/smart-posture-monitor/data/raw/lean_left/nguoi1_ss1_2/frame_0024.jpg,ss1_2,nguoi1,lean_left,9.823814,-16.214907,-0.048558,0.280351,0.566584,0.251198,0.661643,-0.111744,0.612235,0.029153,-0.095059,0.173892,0.289005,0.632150,0.707723,0.356677,0.294158,0.394743
D:/BTL/repo/smart-posture-monitor/data/raw/lean_left/nguoi1_ss1_2/frame_0025.jpg,ss1_2,nguoi1,lean_left,10.765079,-16.858843,-0.053194,0.278727,0.562307,0.252744,0.660692,-0.117518,0.621030,0.025983,-0.098385,0.183417,0.290162,0.627598,0.707386,0.356246,0.296125,0.400573
D:/BTL/repo/smart-posture-monitor/data/raw/lean_left/nguoi1_ss1_2/frame_0026.jpg,ss1_2,nguoi1,lean_left,10.810114,-15.610043,-0.049934,0.268340,0.562541,0.242743,0.659809,-0.122223,0.616232,0.025597,-0.097268,0.185567,0.284001,0.623264,0.703045,0.343886,0.285300,0.394236
D:/BTL/repo/smart-posture-monitor/data/raw/lean_left/nguoi1_ss1_2/frame_0027.jpg,ss1_2,nguoi1,lean_left,10.744553,-17.195908,-0.055459,0.263040,0.571647,0.240080,0.667418,-0.120091,0.622693,0.022960,-0.095771,0.187589,0.280103,0.629262,0.709285,0.334607,0.280333,0.386517
D:/BTL/repo/smart-posture-monitor/data/raw/lean_left/nguoi1_ss1_2/frame_0028.jpg,ss1_2,nguoi1,lean_left,10.985734,-17.013798,-0.053467,0.273005,0.568780,0.249680,0.666410,-0.115537,0.631761,0.023325,-0.097630,0.182730,0.284550,0.630906,0.711648,0.347309,0.291184,0.393614
D:/BTL/repo/smart-posture-monitor/data/raw/lean_left/nguoi1_ss1_2/frame_0029.jpg,ss1_2,nguoi1,lean_left,10.498972,-15.525136,-0.050285,0.256235,0.575084,0.231543,0.670401,-0.128605,0.622866,0.024692,-0.095317,0.187868,0.279264,0.629585,0.709260,0.325445,0.270112,0.387795
D:/BTL/repo/smart-posture-monitor/data/raw/lean_left/nguoi1_ss1_2/frame_0030.jpg,ss1_2,nguoi1,lean_left,10.798367,-16.615469,-0.054053,0.258211,0.569829,0.234846,0.667958,-0.128151,0.626229,0.023365,-0.098130,0.189032,0.280970,0.625602,0.708040,0.329462,0.274398,0.390457
D:/BTL/repo/smart-posture-monitor/data/raw/lean_left/nguoi1_ss1_2/frame_0031.jpg,ss1_2,nguoi1,lean_left,10.815813,-16.202003,-0.052414,0.266992,0.578833,0.239943,0.677354,-0.132902,0.631503,0.027049,-0.098522,0.187847,0.291692,0.637442,0.718597,0.336927,0.277597,0.403348
D:/BTL/repo/smart-posture-monitor/data/raw/lean_left/nguoi1_ss1_2/frame_0032.jpg,ss1_2,nguoi1,lean_left,11.653379,-15.362827,-0.044694,0.292238,0.575182,0.259440,0.672368,-0.117318,0.626246,0.032798,-0.097186,0.168702,0.303252,0.645164,0.720686,0.367463,0.300205,0.412728
D:/BTL/repo/smart-posture-monitor/data/raw/lean_left/nguoi1_ss1_2/frame_0033.jpg,ss1_2,nguoi1,lean_left,12.168531,-16.849039,-0.051682,0.305173,0.581729,0.273218,0.681702,-0.115768,0.640880,0.031955,-0.099974,0.178307,0.310891,0.656916,0.734416,0.379848,0.312383,0.425077
D:/BTL/repo/smart-posture-monitor/data/raw/lean_left/nguoi1_ss1_2/frame_0034.jpg,ss1_2,nguoi1,lean_left,12.678001,-17.977083,-0.056800,0.313396,0.579256,0.284149,0.680170,-0.104837,0.643163,0.029248,-0.100914,0.184037,0.308474,0.658601,0.737137,0.390004,0.324438,0.423088
D:/BTL/repo/smart-posture-monitor/data/raw/lean_left/nguoi1_ss1_2/frame_0035.jpg,ss1_2,nguoi1,lean_left,13.574044,-16.008207,-0.049469,0.322232,0.571022,0.291493,0.671723,-0.096215,0.637734,0.030739,-0.100702,0.179382,0.307160,0.655667,0.732243,0.403012,0.334770,0.423731
D:/BTL/repo/smart-posture-monitor/data/raw/lean_left/nguoi1_ss1_2/frame_0036.jpg,ss1_2,nguoi1,lean_left,12.839600,-13.990384,-0.042443,0.315516,0.573443,0.279771,0.672452,-0.108081,0.623868,0.035745,-0.099009,0.175560,0.310621,0.654513,0.728329,0.394559,0.322081,0.426588
D:/BTL/repo/smart-posture-monitor/data/raw/lean_left/nguoi1_ss1_2/frame_0037.jpg,ss1_2,nguoi1,lean_left,14.035338,-18.233820,-0.061017,0.287749,0.577939,0.261856,0.679536,-0.130668,0.641473,0.025892,-0.101597,0.195006,0.307656,0.645611,0.728243,0.361335,0.300822,0.423213
D:/BTL/repo/smart-posture-monitor/data/raw/lean_left/nguoi1_ss1_2/frame_0038.jpg,ss1_2,nguoi1,lean_left,13.870018,-17.092684,-0.049986,0.308799,0.576334,0.276189,0.679328,-0.116821,0.645592,0.032610,-0.102994,0.170068,0.317216,0.653848,0.733326,0.385912,0.316235,0.431218
D:/BTL/repo/smart-posture-monitor/data/raw/lean_left/nguoi1_ss1_2/frame_0039.jpg,ss1_2,nguoi1,lean_left,14.269660,-16.059540,-0.051531,0.345664,0.568811,0.314999,0.683904,-0.088130,0.656308,0.030664,-0.115093,0.186278,0.318132,0.665605,0.752960,0.429785,0.355446,0.442529
D:/BTL/repo/smart-posture-monitor/data/raw/lean_left/nguoi1_ss1_2/frame_0040.jpg,ss1_2,nguoi1,lean_left,13.197841,-15.047329,-0.048745,0.287263,0.539948,0.268191,0.647242,-0.102017,0.639363,0.019072,-0.107295,0.187759,0.281402,0.611607,0.700606,0.374290,0.317008,0.401775
D:/BTL/repo/smart-posture-monitor/data/raw/lean_left/nguoi1_ss1_2/frame_0041.jpg,ss1_2,nguoi1,lean_left,12.450197,-14.391770,-0.046666,0.266893,0.518522,0.247173,0.625235,-0.118930,0.608135,0.019721,-0.106713,0.187751,0.278128,0.583179,0.672320,0.357228,0.299843,0.396093
D:/BTL/repo/smart-posture-monitor/data/raw/lean_left/nguoi1_ss1_2/frame_0042.jpg,ss1_2,nguoi1,lean_left,13.846726,-14.608320,-0.045192,0.288118,0.511741,0.270227,0.618479,-0.091644,0.615719,0.017891,-0.106738,0.179183,0.276341,0.587274,0.674936,0.385814,0.328027,0.393739
D:/BTL/repo/smart-posture-monitor/data/raw/lean_left/nguoi1_ss1_2/frame_0043.jpg,ss1_2,nguoi1,lean_left,12.271769,-13.793238,-0.043681,0.261806,0.511835,0.242451,0.622395,-0.120527,0.611612,0.019355,-0.110560,0.183210,0.275950,0.574906,0.667950,0.353237,0.295241,0.395138
D:/BTL/repo/smart-posture-monitor/data/raw/lean_left/nguoi1_ss1_2/frame_0044.jpg,ss1_2,nguoi1,lean_left,11.335215,-12.860184,-0.026689,0.423747,0.528232,0.371984,0.637389,-0.038289,0.606916,0.051763,-0.109156,0.119909,0.354540,0.677193,0.737995,0.530406,0.429985,0.468688
D:/BTL/repo/smart-posture-monitor/data/raw/lean_left/nguoi1_ss1_2/frame_0045.jpg,ss1_2,nguoi1,lean_left,10.880557,-13.497236,-0.028197,0.407775,0.585044,0.350371,0.680513,-0.057938,0.614573,0.057404,-0.095469,0.120810,0.358619,0.713132,0.765414,0.487700,0.392373,0.466648
D:/BTL/repo/smart-posture-monitor/data/raw/lean_left/nguoi1_ss1_2/frame_0046.jpg,ss1_2,nguoi1,lean_left,13.610108,-12.464229,-0.037477,0.310475,0.537397,0.277565,0.644593,-0.113610,0.618629,0.032911,-0.107196,0.173643,0.309643,0.620637,0.701813,0.402615,0.328111,0.431795
D:/BTL/repo/smart-posture-monitor/data/raw/lean_left/nguoi1_ss1_2/frame_0047.jpg,ss1_2,nguoi1,lean_left,13.364698,-13.915334,-0.044134,0.276768,0.502419,0.253399,0.614118,-0.127042,0.605135,0.023369,-0.111699,0.183519,0.293024,0.573608,0.664343,0.375312,0.310203,0.416669
D:/BTL/repo/smart-posture-monitor/data/raw/lean_left/nguoi1_ss1_2/frame_0048.jpg,ss1_2,nguoi1,lean_left,13.136340,-14.284383,-0.045261,0.284806,0.547674,0.252787,0.650386,-0.137269,0.610073,0.032019,-0.102713,0.183441,0.307678,0.617301,0.697785,0.368575,0.299047,0.426662
D:/BTL/repo/smart-posture-monitor/data/raw/lean_left/nguoi1_ss1_2/frame_0049.jpg,ss1_2,nguoi1,lean_left,12.087304,-13.154795,-0.040432,0.271978,0.559646,0.237808,0.661671,-0.150792,0.616503,0.034171,-0.102025,0.177660,0.309096,0.622235,0.703108,0.349180,0.279318,0.426576
D:/BTL/repo/smart-posture-monitor/data/raw/lean_left/nguoi1_ss1_2/frame_0050.jpg,ss1_2,nguoi1,lean_left,12.858667,-16.450197,-0.047605,0.305106,0.535388,0.275288,0.639099,-0.113279,0.617902,0.029818,-0.103711,0.168108,0.311224,0.616222,0.695867,0.397112,0.327295,0.426444
D:/BTL/repo/smart-posture-monitor/data/raw/lean_left/nguoi1_ss1_2/frame_0051.jpg,ss1_2,nguoi1,lean_left,12.033841,-12.387979,-0.039325,0.241790,0.517506,0.221688,0.627936,-0.139231,0.614513,0.020102,-0.110430,0.183306,0.273410,0.571205,0.665920,0.326123,0.269780,0.393177
D:/BTL/repo/smart-posture-monitor/data/raw/lean_left/nguoi1_ss1_2/frame_0052.jpg,ss1_2,nguoi1,lean_left,9.500164,-10.504968,-0.036861,0.143160,0.612771,0.123589,0.706295,-0.214496,0.627102,0.019571,-0.093524,0.202179,0.257882,0.629272,0.717027,0.179237,0.141851,0.357943
D:/BTL/repo/smart-posture-monitor/data/raw/lean_left/nguoi1_ss1_2/frame_0053.jpg,ss1_2,nguoi1,lean_left,12.045562,-15.311393,-0.042062,0.393864,0.611538,0.346589,0.712638,-0.073737,0.659360,0.047274,-0.101099,0.159288,0.351454,0.727398,0.792450,0.462358,0.377638,0.470039
D:/BTL/repo/smart-posture-monitor/data/raw/lean_left/nguoi1_ss1_2/frame_0054.jpg,ss1_2,nguoi1,lean_left,12.522467,-14.270142,-0.030219,0.491933,0.612833,0.438835,0.716654,0.009277,0.682160,0.053098,-0.103821,0.122595,0.373460,0.785851,0.840339,0.553087,0.461843,0.487609
D:/BTL/repo/smart-posture-monitor/data/raw/lean_left/nguoi1_ss1_2/frame_0055.jpg,ss1_2,nguoi1,lean_left,10.196758,-16.390076,-0.044500,0.396727,0.602605,0.346405,0.710367,-0.087909,0.659849,0.050322,-0.107762,0.157705,0.365974,0.721474,0.790328,0.469004,0.378217,0.488006
D:/BTL/repo/smart-posture-monitor/data/raw/lean_left/nguoi1_ss1_2/frame_0056.jpg,ss1_2,nguoi1,lean_left,9.370782,-12.785102,-0.040378,0.250891,0.567178,0.223037,0.665922,-0.139093,0.616102,0.027854,-0.098745,0.182463,0.281989,0.620191,0.702281,0.321553,0.261750,0.393041
D:/BTL/repo/smart-posture-monitor/data/raw/lean_left/nguoi1_ss1_2/frame_0057.jpg,ss1_2,nguoi1,lean_left,9.029465,-11.742138,-0.038548,0.233240,0.552412,0.212854,0.651265,-0.137636,0.616417,0.020386,-0.098852,0.189420,0.263383,0.599634,0.685166,0.304592,0.253803,0.376358
D:/BTL/repo/smart-posture-monitor/data/raw/lean_left/nguoi1_ss1_2/frame_0058.jpg,ss1_2,nguoi1,lean_left,2.746141,-8.135460,-0.029894,0.156915,0.547780,0.146793,0.666141,-0.180335,0.644223,0.010122,-0.118361,0.211248,0.225600,0.569812,0.682123,0.208984,0.174496,0.350769
D:/BTL/repo/smart-posture-monitor/data/raw/lean_left/nguoi1_ss1_2/frame_0059.jpg,ss1_2,nguoi1,lean_left,-2.097762,1.458778,0.005254,0.087424,0.589577,0.070680,0.696876,-0.202957,0.624064,0.016744,-0.107299,0.206399,0.184353,0.596023,0.700451,0.112669,0.082223,0.292421
D:/BTL/repo/smart-posture-monitor/data/raw/lean_left/nguoi1_ss2/frame_0001.jpg,ss2,nguoi1,lean_left,11.696052,-18.339106,-0.057194,0.278869,0.447453,0.258821,0.579043,-0.177960,0.630123,0.020049,-0.131590,0.181776,0.351229,0.527240,0.634254,0.399137,0.327253,0.491997
D:/BTL/repo/smart-posture-monitor/data/raw/lean_left/nguoi1_ss2/frame_0002.jpg,ss2,nguoi1,lean_left,11.835112,-15.688749,-0.050360,0.292526,0.456466,0.269853,0.588993,-0.180707,0.638823,0.022672,-0.132527,0.186237,0.361752,0.542155,0.647869,0.413176,0.336962,0.507152
D:/BTL/repo/smart-posture-monitor/data/raw/lean_left/nguoi1_ss2/frame_0003.jpg,ss2,nguoi1,lean_left,11.716819,-15.587879,-0.049787,0.278933,0.437463,0.257605,0.568216,-0.180717,0.615218,0.021328,-0.130753,0.185279,0.349789,0.518823,0.623883,0.403223,0.329256,0.492824
D:/BTL/repo/smart-posture-monitor/data/raw/lean_left/nguoi1_ss2/frame_0004.jpg,ss2,nguoi1,lean_left,11.499551,-16.471878,-0.050601,0.273355,0.423212,0.254080,0.553232,-0.168702,0.603245,0.019275,-0.130020,0.178459,0.338119,0.503817,0.608788,0.401502,0.329828,0.477311
D:/BTL/repo/smart-posture-monitor/data/raw/lean_left/nguoi1_ss2/frame_0005.jpg,ss2,nguoi1,lean_left,11.704505,-15.673792,-0.049155,0.258292,0.449873,0.238406,0.581974,-0.196643,0.634166,0.019886,-0.132101,0.181946,0.348554,0.518749,0.628913,0.371005,0.302116,0.490846
D:/BTL/repo/smart-posture-monitor/data/raw/lean_left/nguoi1_ss2/frame_0006.jpg,ss2,nguoi1,lean_left,12.542073,-17.375320,-0.055874,0.290210,0.445533,0.271939,0.580963,-0.177232,0.642381,0.018271,-0.135430,0.187101,0.361444,0.531716,0.641458,0.414702,0.342007,0.507200
D:/BTL/repo/smart-posture-monitor/data/raw/lean_left/nguoi1_ss2/frame_0007.jpg,ss2,nguoi1,lean_left,11.048183,-16.412346,-0.050780,0.270832,0.425825,0.251059,0.556682,-0.177305,0.607420,0.019774,-0.130857,0.179722,0.343102,0.504655,0.610676,0.397055,0.325062,0.483533
D:/BTL/repo/smart-posture-monitor/data/raw/lean_left/nguoi1_ss2/frame_0008.jpg,ss2,nguoi1,lean_left,10.887424,-14.108576,-0.045464,0.237714,0.440384,0.220126,0.568482,-0.198924,0.614315,0.017588,-0.128098,0.186512,0.329418,0.500446,0.609613,0.346588,0.283830,0.470005
D:/BTL/repo/smart-posture-monitor/data/raw/lean_left/nguoi1_ss2/frame_0009.jpg,ss2,nguoi1,lean_left,11.229561,-16.050266,-0.051405,0.237068,0.429202,0.223884,0.557172,-0.190473,0.611465,0.013184,-0.127969,0.185927,0.326272,0.490322,0.600470,0.349589,0.291645,0.464770
D:/BTL/repo/smart-posture-monitor/data/raw/lean_left/nguoi1_ss2/frame_0010.jpg,ss2,nguoi1,lean_left,6.187537,-10.922319,-0.034562,0.127170,0.452457,0.109791,0.573781,-0.270926,0.595388,0.017379,-0.121324,0.182409,0.291197,0.469989,0.584191,0.187067,0.143406,0.422977
D:/BTL/repo/smart-posture-monitor/data/raw/lean_left/nguoi1_ss2/frame_0011.jpg,ss2,nguoi1,lean_left,10.758503,-15.936797,-0.050188,0.186733,0.376720,0.181548,0.500076,-0.187269,0.550133,0.005184,-0.123356,0.182782,0.282046,0.420460,0.532011,0.293321,0.252467,0.412249
D:/BTL/repo/smart-posture-monitor/data/raw/lean_left/nguoi1_ss2/frame_0012.jpg,ss2,nguoi1,lean_left,10.530428,-16.330334,-0.053962,0.268459,0.425251,0.254529,0.560439,-0.169883,0.615000,0.013930,-0.135188,0.191914,0.333468,0.502900,0.615530,0.394075,0.328057,0.477648
D:/BTL/repo/smart-posture-monitor/data/raw/lean_left/nguoi1_ss2/frame_0013.jpg,ss2,nguoi1,lean_left,12.469530,-21.238487,-0.067931,0.355520,0.411343,0.351800,0.537863,-0.072083,0.629224,0.003719,-0.126521,0.187524,0.341350,0.543688,0.642698,0.513293,0.449496,0.479913
D:/BTL/repo/smart-posture-monitor/data/raw/lean_left/nguoi1_ss2/frame_0014.jpg,ss2,nguoi1,lean_left,10.246146,-19.197092,-0.064803,0.343441,0.398973,0.334675,0.532411,-0.105159,0.614038,0.008766,-0.133438,0.197080,0.350250,0.526432,0.628863,0.504453,0.432533,0.497488
D:/BTL/repo/smart-posture-monitor/data/raw/lean_left/nguoi1_ss2/frame_0015.jpg,ss2,nguoi1,lean_left,7.031464,-14.115011,-0.040574,0.311742,0.417679,0.293342,0.540044,-0.110549,0.601589,0.018401,-0.122365,0.166377,0.325837,0.521190,0.614570,0.454752,0.381473,0.460601
D:/BTL/repo/smart-posture-monitor/data/raw/lean_left/nguoi1_ss2/frame_0016.jpg,ss2,nguoi1,lean_left,11.615049,-26.825336,-0.069141,0.366077,0.411700,0.363163,0.526995,-0.019345,0.625634,0.002914,-0.115295,0.153214,0.320611,0.550917,0.640009,0.526017,0.466853,0.440815
D:/BTL/repo/smart-posture-monitor/data/raw/lean_left/nguoi1_ss2/frame_0017.jpg,ss2,nguoi1,lean_left,12.103109,-22.134327,-0.058610,0.334105,0.372287,0.328012,0.487220,-0.051338,0.576141,0.006093,-0.114932,0.155556,0.313034,0.500224,0.587346,0.505840,0.444038,0.436031
D:/BTL/repo/smart-posture-monitor/data/raw/lean_left/nguoi1_ss2/frame_0018.jpg,ss2,nguoi1,lean_left,11.445857,-21.292036,-0.057180,0.340484,0.364410,0.332730,0.483599,-0.059285,0.575132,0.007754,-0.119189,0.157467,0.324813,0.498722,0.587007,0.518290,0.451258,0.451907
D:/BTL/repo/smart-posture-monitor/data/raw/lean_left/nguoi1_ss2/frame_0019.jpg,ss2,nguoi1,lean_left,12.601581,-19.030951,-0.054598,0.321291,0.412826,0.308777,0.532552,-0.077358,0.589780,0.012514,-0.119726,0.167439,0.308446,0.523119,0.615593,0.469362,0.402523,0.436158
D:/BTL/repo/smart-posture-monitor/data/raw/lean_left/nguoi1_ss2/frame_0020.jpg,ss2,nguoi1,lean_left,9.662133,-16.202311,-0.047178,0.269364,0.428223,0.252549,0.546909,-0.146803,0.592508,0.016815,-0.118686,0.169078,0.318932,0.505897,0.602404,0.394126,0.330006,0.447420
D:/BTL/repo/smart-posture-monitor/data/raw/lean_left/nguoi1_ss2/frame_0021.jpg,ss2,nguoi1,lean_left,9.608980,-21.504454,-0.065676,0.304800,0.426765,0.290781,0.555039,-0.133900,0.613687,0.014019,-0.128274,0.179161,0.342311,0.524434,0.626595,0.441663,0.372966,0.476862
D:/BTL/repo/smart-posture-monitor/data/raw/lean_left/nguoi1_ss2/frame_0022.jpg,ss2,nguoi1,lean_left,9.872641,-19.563704,-0.057469,0.272853,0.434304,0.260176,0.558067,-0.143145,0.614310,0.012676,-0.123763,0.171622,0.323635,0.512902,0.615736,0.396404,0.335614,0.453272
D:/BTL/repo/smart-posture-monitor/data/raw/lean_left/nguoi1_ss2/frame_0023.jpg,ss2,nguoi1,lean_left,9.123144,-17.268381,-0.053767,0.262017,0.407832,0.252561,0.529385,-0.149005,0.592776,0.009456,-0.121553,0.181127,0.317192,0.484747,0.586545,0.392100,0.335748,0.450714
D:/BTL/repo/smart-posture-monitor/data/raw/lean_left/nguoi1_ss2/frame_0024.jpg,ss2,nguoi1,lean_left,10.282333,-21.569033,-0.061937,0.285758,0.402446,0.275193,0.522951,-0.125202,0.592177,0.010565,-0.120505,0.168481,0.324318,0.493579,0.590939,0.426905,0.365871,0.452643
D:/BTL/repo/smart-posture-monitor/data/raw/lean_left/nguoi1_ss2/frame_0025.jpg,ss2,nguoi1,lean_left,11.909961,-24.150633,-0.064468,0.327883,0.384521,0.320564,0.500048,-0.058023,0.578449,0.007319,-0.115527,0.157571,0.310153,0.505335,0.593978,0.491539,0.429656,0.431893
D:/BTL/repo/smart-posture-monitor/data/raw/lean_left/nguoi1_ss2/frame_0026.jpg,ss2,nguoi1,lean_left,12.814136,-22.459106,-0.060098,0.339750,0.389848,0.330960,0.504378,-0.047538,0.579777,0.008790,-0.114530,0.157315,0.309151,0.517118,0.603267,0.504331,0.440105,0.431353
D:/BTL/repo/smart-posture-monitor/data/raw/lean_left/nguoi1_ss2/frame_0027.jpg,ss2,nguoi1,lean_left,10.910709,-18.634106,-0.052623,0.269353,0.410800,0.257369,0.528291,-0.136619,0.591752,0.011985,-0.117491,0.164691,0.318135,0.491231,0.587648,0.401039,0.342073,0.444474
D:/BTL/repo/smart-posture-monitor/data/raw/lean_left/nguoi1_ss2/frame_0028.jpg,ss2,nguoi1,lean_left,11.940201,-21.025335,-0.060519,0.286023,0.410430,0.277558,0.530474,-0.114963,0.601259,0.008466,-0.120044,0.168679,0.316402,0.500262,0.598699,0.423868,0.366050,0.444078
D:/BTL/repo/smart-posture-monitor/data/raw/lean_left/nguoi1_ss2/frame_0029.jpg,ss2,nguoi1,lean_left,12.037048,-20.475758,-0.057399,0.327895,0.379052,0.317434,0.497821,-0.072433,0.574194,0.010461,-0.118769,0.164086,0.316616,0.501194,0.590415,0.494250,0.426849,0.445356
D:/BTL/repo/smart-posture-monitor/data/raw/lean_left/nguoi1_ss2/frame_0030.jpg,ss2,nguoi1,lean_left,11.939517,-17.831339,-0.050727,0.333795,0.380610,0.321220,0.503946,-0.068914,0.576344,0.012574,-0.123335,0.165657,0.314818,0.506244,0.597615,0.501240,0.428799,0.447757
D:/BTL/repo/smart-posture-monitor/data/raw/lean_left/nguoi1_ss2/frame_0031.jpg,ss2,nguoi1,lean_left,10.990498,-21.396099,-0.060485,0.344419,0.382820,0.337794,0.502725,-0.059096,0.594206,0.006625,-0.119905,0.165797,0.325517,0.514952,0.605671,0.513916,0.448807,0.455531
D:/BTL/repo/smart-posture-monitor/data/raw/lean_left/nguoi1_ss2/frame_0032.jpg,ss2,nguoi1,lean_left,11.885194,-15.601172,-0.045100,0.319616,0.375907,0.309670,0.494945,-0.075231,0.570798,0.009946,-0.119038,0.167697,0.308777,0.493418,0.583838,0.484761,0.418687,0.440325
D:/BTL/repo/smart-posture-monitor/data/raw/lean_left/nguoi1_ss2/frame_0033.jpg,ss2,nguoi1,lean_left,11.819166,-20.181585,-0.057937,0.318803,0.392658,0.311702,0.512440,-0.077977,0.591989,0.007100,-0.119782,0.167935,0.314955,0.505782,0.599794,0.475635,0.413984,0.444035
D:/BTL/repo/smart-posture-monitor/data/raw/lean_left/nguoi1_ss2/frame_0034.jpg,ss2,nguoi1,lean_left,10.808180,-20.067188,-0.056876,0.298023,0.406414,0.288381,0.524460,-0.099071,0.591616,0.009642,-0.118045,0.165759,0.312015,0.503974,0.598516,0.441716,0.381347,0.438159
D:/BTL/repo/smart-posture-monitor/data/raw/lean_left/nguoi1_ss2/frame_0035.jpg,ss2,nguoi1,lean_left,10.614507,-20.823082,-0.060681,0.308528,0.399304,0.299017,0.522280,-0.098152,0.595023,0.009510,-0.122976,0.170700,0.320214,0.504612,0.601820,0.458916,0.394954,0.451325
D:/BTL/repo/smart-posture-monitor/data/raw/lean_left/nguoi1_ss2/frame_0036.jpg,ss2,nguoi1,lean_left,11.074879,-19.590488,-0.054616,0.313082,0.386273,0.304932,0.501142,-0.072373,0.569929,0.008150,-0.114869,0.162889,0.303424,0.497219,0.586623,0.471050,0.410419,0.426972
D:/BTL/repo/smart-posture-monitor/data/raw/lean_left/nguoi1_ss2/frame_0037.jpg,ss2,nguoi1,lean_left,10.448887,-17.662594,-0.049529,0.304496,0.379800,0.293818,0.493846,-0.085783,0.556793,0.010678,-0.114046,0.163242,0.304233,0.486792,0.574642,0.462476,0.399737,0.428537
D:/BTL/repo/smart-posture-monitor/data/raw/lean_left/nguoi1_ss2/frame_0038.jpg,ss2,nguoi1,lean_left,11.590530,-20.975830,-0.059301,0.306966,0.404210,0.299824,0.520217,-0.084448,0.593487,0.007142,-0.116007,0.165657,0.310017,0.507557,0.600433,0.454604,0.396719,0.434777
D:/BTL/repo/smart-posture-monitor/data/raw/lean_left/nguoi1_ss2/frame_0039.jpg,ss2,nguoi1,lean_left,12.181844,-19.400686,-0.054521,0.315152,0.390991,0.307539,0.506752,-0.071019,0.579276,0.007613,-0.115761,0.164135,0.304534,0.502190,0.592771,0.471588,0.411303,0.429627
D:/BTL/repo/smart-posture-monitor/data/raw/lean_left/nguoi1_ss2/frame_0040.jpg,ss2,nguoi1,lean_left,11.734746,-21.858257,-0.061233,0.300705,0.403061,0.295337,0.517773,-0.079289,0.590328,0.005368,-0.114712,0.164467,0.301238,0.502873,0.596081,0.446790,0.392271,0.423633
D:/BTL/repo/smart-posture-monitor/data/raw/lean_left/nguoi1_ss2/frame_0041.jpg,ss2,nguoi1,lean_left,13.504992,-24.553354,-0.065664,0.335349,0.398001,0.332101,0.513801,-0.042044,0.599521,0.003248,-0.115801,0.158020,0.306872,0.520445,0.611787,0.494603,0.437410,0.427827
D:/BTL/repo/smart-posture-monitor/data/raw/lean_left/nguoi1_ss2/frame_0042.jpg,ss2,nguoi1,lean_left,12.202185,-23.771168,-0.066251,0.318138,0.412603,0.313764,0.527790,-0.070134,0.607526,0.004374,-0.115187,0.164359,0.312190,0.521012,0.614012,0.465388,0.410252,0.434455
D:/BTL/repo/smart-posture-monitor/data/raw/lean_left/nguoi1_ss2/frame_0043.jpg,ss2,nguoi1,lean_left,11.790606,-23.116879,-0.063083,0.306989,0.393172,0.301478,0.507257,-0.076471,0.584812,0.005511,-0.114085,0.160677,0.307523,0.498825,0.590083,0.459679,0.403792,0.428681
D:/BTL/repo/smart-posture-monitor/data/raw/lean_left/nguoi1_ss2/frame_0044.jpg,ss2,nguoi1,lean_left,12.495456,-23.260839,-0.066672,0.326448,0.394426,0.323288,0.514436,-0.066828,0.604473,0.003160,-0.120010,0.168824,0.317667,0.511997,0.607585,0.484825,0.426856,0.445855
D:/BTL/repo/smart-posture-monitor/data/raw/lean_left/nguoi1_ss2/frame_0045.jpg,ss2,nguoi1,lean_left,11.095618,-21.401451,-0.059777,0.304776,0.397952,0.298590,0.513145,-0.077851,0.585203,0.006185,-0.115193,0.163818,0.303127,0.501253,0.593695,0.454532,0.397987,0.425988
D:/BTL/repo/smart-posture-monitor/data/raw/lean_left/nguoi1_ss2/frame_0046.jpg,ss2,nguoi1,lean_left,9.989951,-18.052153,-0.052382,0.303111,0.385801,0.293070,0.504170,-0.093604,0.569849,0.010041,-0.118369,0.169038,0.308851,0.490631,0.583162,0.457835,0.394776,0.437329
D:/BTL/repo/smart-posture-monitor/data/raw/lean_left/nguoi1_ss2/frame_0047.jpg,ss2,nguoi1,lean_left,11.509473,-20.420843,-0.057578,0.311638,0.391579,0.305483,0.507657,-0.073029,0.582683,0.006154,-0.116077,0.165020,0.304716,0.500453,0.592482,0.466633,0.408466,0.429522
D:/BTL/repo/smart-posture-monitor/data/raw/lean_left/nguoi1_ss2/frame_0048.jpg,ss2,nguoi1,lean_left,11.019553,-17.849958,-0.051486,0.298715,0.385429,0.288450,0.502238,-0.097879,0.570212,0.010265,-0.116809,0.167967,0.309285,0.487634,0.579177,0.452026,0.389850,0.437529
D:/BTL/repo/smart-posture-monitor/data/raw/lean_left/nguoi1_ss2/frame_0049.jpg,ss2,nguoi1,lean_left,10.484513,-19.522285,-0.053565,0.290942,0.396327,0.283431,0.509608,-0.088026,0.576505,0.007510,-0.113281,0.160291,0.298626,0.491652,0.583124,0.436598,0.380877,0.419620
D:/BTL/repo/smart-posture-monitor/data/raw/lean_left/nguoi1_ss2/frame_0050.jpg,ss2,nguoi1,lean_left,11.809302,-20.029806,-0.055663,0.304244,0.403456,0.297160,0.518349,-0.076550,0.587398,0.007084,-0.114893,0.162516,0.300210,0.505313,0.597486,0.451331,0.394244,0.422894
D:/BTL/repo/smart-posture-monitor/data/raw/lean_left/nguoi1_ss2/frame_0051.jpg,ss2,nguoi1,lean_left,11.226451,-21.304581,-0.062877,0.302809,0.394712,0.296608,0.513857,-0.088378,0.585123,0.006201,-0.119145,0.173060,0.306964,0.497484,0.593317,0.453367,0.395317,0.435068
D:/BTL/repo/smart-posture-monitor/data/raw/lean_left/nguoi1_ss2/frame_0052.jpg,ss2,nguoi1,lean_left,10.781947,-19.185755,-0.056121,0.298200,0.391421,0.292417,0.506710,-0.083129,0.575186,0.005783,-0.115289,0.170770,0.297659,0.492071,0.585032,0.448628,0.392992,0.423298
D:/BTL/repo/smart-posture-monitor/data/raw/lean_left/nguoi1_ss2/frame_0053.jpg,ss2,nguoi1,lean_left,11.897635,-20.732811,-0.059054,0.309889,0.393076,0.305044,0.508121,-0.069025,0.582458,0.004845,-0.115045,0.166815,0.299435,0.500540,0.592654,0.463602,0.407751,0.423605
D:/BTL/repo/smart-posture-monitor/data/raw/lean_left/nguoi1_ss2/frame_0054.jpg,ss2,nguoi1,lean_left,12.271815,-21.128279,-0.058358,0.301019,0.393387,0.296928,0.504078,-0.068134,0.576679,0.004091,-0.110691,0.161901,0.292791,0.495344,0.585031,0.451556,0.399523,0.412153
D:/BTL/repo/smart-posture-monitor/data/raw/lean_left/nguoi1_ss2/frame_0055.jpg,ss2,nguoi1,lean_left,10.411882,-19.487032,-0.056385,0.287960,0.392243,0.280062,0.509500,-0.097447,0.573625,0.007898,-0.117257,0.169024,0.299998,0.486596,0.581399,0.434304,0.376768,0.425956
D:/BTL/repo/smart-posture-monitor/data/raw/lean_left/nguoi1_ss2/frame_0056.jpg,ss2,nguoi1,lean_left,11.779518,-22.617735,-0.066172,0.320665,0.395567,0.314422,0.511739,-0.069800,0.582518,0.006242,-0.116171,0.172062,0.307130,0.509214,0.600615,0.476703,0.417504,0.432913
D:/BTL/repo/smart-posture-monitor/data/raw/lean_left/nguoi1_ss2/frame_0057.jpg,ss2,nguoi1,lean_left,12.946896,-18.941885,-0.052710,0.311345,0.395267,0.301847,0.512094,-0.078292,0.585678,0.009497,-0.116827,0.162381,0.306999,0.503162,0.594434,0.464525,0.402325,0.433673
D:/BTL/repo/smart-posture-monitor/data/raw/lean_left/nguoi1_ss2/frame_0058.jpg,ss2,nguoi1,lean_left,9.289210,-18.870140,-0.055690,0.307372,0.389699,0.296341,0.507820,-0.091552,0.569494,0.011031,-0.118121,0.172188,0.308288,0.496329,0.587962,0.461794,0.397342,0.437569
D:/BTL/repo/smart-posture-monitor/data/raw/lean_left/nguoi1_ss2/frame_0059.jpg,ss2,nguoi1,lean_left,9.668594,-27.394806,-0.078310,0.272012,0.444064,0.277351,0.548209,-0.076579,0.620501,-0.005339,-0.104145,0.170195,0.280341,0.520752,0.614375,0.391444,0.359516,0.390699
D:/BTL/repo/smart-posture-monitor/data/raw/lean_left/nguoi1_ss2/frame_0060.jpg,ss2,nguoi1,lean_left,14.341844,-25.264919,-0.086883,0.385389,0.455088,0.384510,0.581372,-0.032542,0.662738,0.000879,-0.126283,0.203567,0.327210,0.596347,0.697023,0.526200,0.465735,0.466674
D:/BTL/repo/smart-posture-monitor/data/raw/lean_left/nguoi1_ss2/frame_0061.jpg,ss2,nguoi1,lean_left,8.253466,-21.303589,-0.065515,0.290482,0.406042,0.288593,0.527938,-0.099281,0.609885,0.001889,-0.121896,0.180328,0.307826,0.499249,0.601668,0.431758,0.380306,0.439849
D:/BTL/repo/smart-posture-monitor/data/raw/lean_left/nguoi1_ss2/frame_0062.jpg,ss2,nguoi1,lean_left,10.822776,-19.647270,-0.058616,0.244469,0.460256,0.237900,0.558553,-0.123304,0.595121,0.006569,-0.098297,0.174333,0.279206,0.521154,0.607107,0.348821,0.308470,0.391721
D:/BTL/repo/smart-posture-monitor/data/raw/lean_left/nguoi1_ss2/frame_0063.jpg,ss2,nguoi1,lean_left,11.762226,-23.126637,-0.070345,0.283726,0.420811,0.279743,0.528798,-0.094122,0.584339,0.003984,-0.107987,0.179103,0.292220,0.507526,0.598234,0.416421,0.369303,0.411717
D:/BTL/repo/smart-posture-monitor/data/raw/lean_left/nguoi1_ss2/frame_0064.jpg,ss2,nguoi1,lean_left,12.807539,-23.221884,-0.070453,0.297309,0.403176,0.295517,0.514075,-0.078462,0.578813,0.001791,-0.110898,0.178682,0.293365,0.500943,0.592961,0.442190,0.393914,0.414792
D:/BTL/repo/smart-posture-monitor/data/raw/lean_left/nguoi1_ss2/frame_0065.jpg,ss2,nguoi1,lean_left,12.253402,-25.315054,-0.079688,0.313149,0.378802,0.318115,0.497216,-0.071011,0.586662,-0.004966,-0.118414,0.186363,0.308901,0.491481,0.590271,0.474672,0.427919,0.436789
D:/BTL/repo/smart-posture-monitor/data/raw/lean_left/nguoi1_ss2/frame_0066.jpg,ss2,nguoi1,lean_left,12.470598,-24.414877,-0.072049,0.293887,0.400593,0.291947,0.511125,-0.086986,0.584364,0.001940,-0.110532,0.174310,0.301875,0.496834,0.588627,0.438723,0.390719,0.422891
D:/BTL/repo/smart-posture-monitor/data/raw/lean_left/nguoi1_ss2/frame_0067.jpg,ss2,nguoi1,lean_left,11.862700,-24.890358,-0.076173,0.292712,0.407743,0.291487,0.516917,-0.092116,0.587204,0.001224,-0.109174,0.180985,0.303230,0.501931,0.593438,0.434020,0.387946,0.424615
D:/BTL/repo/smart-posture-monitor/data/raw/lean_left/nguoi1_ss2/frame_0068.jpg,ss2,nguoi1,lean_left,11.923273,-24.063293,-0.074526,0.291378,0.398322,0.289761,0.511816,-0.098041,0.581175,0.001617,-0.113494,0.182776,0.306044,0.493520,0.588148,0.436320,0.387791,0.430212
D:/BTL/repo/smart-posture-monitor/data/raw/lean_left/nguoi1_ss2/frame_0069.jpg,ss2,nguoi1,lean_left,12.762221,-25.632732,-0.077595,0.308367,0.397707,0.308587,0.510119,-0.072613,0.584553,-0.000221,-0.112412,0.179369,0.302448,0.503250,0.596194,0.459435,0.411203,0.424330
D:/BTL/repo/smart-posture-monitor/data/raw/lean_left/nguoi2_ss2/frame_0001.jpg,ss2,nguoi2,lean_left,6.446013,-8.946393,-0.035826,0.101582,0.574769,0.111036,0.687738,-0.176159,0.649018,-0.009454,-0.112969,0.230378,0.182421,0.583676,0.696644,0.132668,0.129861,0.287495
D:/BTL/repo/smart-posture-monitor/data/raw/lean_left/nguoi2_ss2/frame_0002.jpg,ss2,nguoi2,lean_left,9.619647,-12.763768,-0.052073,0.119264,0.555440,0.135481,0.666614,-0.165282,0.650247,-0.016217,-0.111174,0.235695,0.190604,0.568100,0.680242,0.158462,0.161215,0.299924
D:/BTL/repo/smart-posture-monitor/data/raw/lean_left/nguoi2_ss2/frame_0003.jpg,ss2,nguoi2,lean_left,4.072346,-4.826852,-0.022094,-0.052873,0.510266,-0.039133,0.640638,-0.337849,0.590948,-0.013740,-0.130372,0.262574,0.178543,0.512998,0.641832,-0.073906,-0.048119,0.296177
D:/BTL/repo/smart-posture-monitor/data/raw/lean_left/nguoi2_ss2/frame_0004.jpg,ss2,nguoi2,lean_left,6.325143,-5.666586,-0.025439,-0.033646,0.491038,-0.017232,0.614512,-0.307555,0.574595,-0.016415,-0.123474,0.257634,0.170466,0.492190,0.614754,-0.047984,-0.021748,0.286370
D:/BTL/repo/smart-posture-monitor/data/raw/lean_left/nguoi2_ss2/frame_0005.jpg,ss2,nguoi2,lean_left,9.277614,-9.866379,-0.043072,0.004079,0.504926,0.027923,0.631230,-0.260739,0.612372,-0.023843,-0.126304,0.251367,0.169714,0.504943,0.631847,0.005741,0.034662,0.285785
D:/BTL/repo/smart-posture-monitor/data/raw/lean_left/nguoi2_ss2/frame_0006.jpg,ss2,nguoi2,lean_left,9.448227,-9.594221,-0.042101,-0.002138,0.502982,0.022223,0.631645,-0.265530,0.612789,-0.024361,-0.128663,0.252604,0.168025,0.502986,0.632036,-0.003014,0.027580,0.285365
D:/BTL/repo/smart-posture-monitor/data/raw/lean_left/nguoi2_ss2/frame_0007.jpg,ss2,nguoi2,lean_left,7.960551,-8.285387,-0.036432,-0.019182,0.494796,0.002098,0.624764,-0.286213,0.600172,-0.021280,-0.129968,0.252819,0.168742,0.495168,0.624768,-0.027264,0.002622,0.287071
D:/BTL/repo/smart-posture-monitor/data/raw/lean_left/nguoi2_ss2/frame_0008.jpg,ss2,nguoi2,lean_left,9.866297,-10.501882,-0.045239,0.013002,0.510109,0.036282,0.632604,-0.252528,0.607720,-0.023281,-0.122495,0.248201,0.173422,0.510275,0.633644,0.018201,0.044968,0.282903
D:/BTL/repo/smart-posture-monitor/data/raw/lean_left/nguoi2_ss2/frame_0013.jpg,ss2,nguoi2,lean_left,8.155608,1.325137,0.006074,-0.014592,0.558263,-0.025362,0.672760,-0.340467,0.560205,0.010770,-0.114497,0.262668,0.213960,0.558454,0.673238,-0.019469,-0.030249,0.325881
D:/BTL/repo/smart-posture-monitor/data/raw/lean_left/nguoi2_ss2/frame_0014.jpg,ss2,nguoi2,lean_left,9.540343,-8.363306,-0.034756,0.174369,0.521918,0.160311,0.640633,-0.209435,0.610418,0.014058,-0.118716,0.238957,0.256002,0.550275,0.660387,0.237574,0.194892,0.393876
D:/BTL/repo/smart-posture-monitor/data/raw/lean_left/nguoi2_ss2/frame_0015.jpg,ss2,nguoi2,lean_left,9.561439,-10.553072,-0.041743,0.216275,0.517262,0.197242,0.632440,-0.198510,0.611903,0.019033,-0.115178,0.227920,0.286725,0.560656,0.662484,0.293556,0.240171,0.425445
D:/BTL/repo/smart-posture-monitor/data/raw/lean_left/nguoi2_ss2/frame_0016.jpg,ss2,nguoi2,lean_left,8.593367,-12.406105,-0.046823,0.214264,0.503318,0.192657,0.619318,-0.200339,0.592008,0.021608,-0.116000,0.217945,0.291022,0.547027,0.648592,0.295017,0.237768,0.423984
D:/BTL/repo/smart-posture-monitor/data/raw/lean_left/nguoi2_ss2/frame_0017.jpg,ss2,nguoi2,lean_left,5.774523,-11.664965,-0.033436,0.230152,0.567475,0.178374,0.655955,-0.238217,0.569090,0.051778,-0.088480,0.165369,0.351235,0.612371,0.679775,0.296376,0.213084,0.468372
D:/BTL/repo/smart-posture-monitor/data/raw/lean_left/nguoi2_ss2/frame_0018.jpg,ss2,nguoi2,lean_left,7.878462,-12.019717,-0.031700,0.268193,0.587500,0.213454,0.669432,-0.204432,0.584673,0.054739,-0.081932,0.152223,0.357876,0.645821,0.702639,0.335520,0.250163,0.472634
D:/BTL/repo/smart-posture-monitor/data/raw/lean_left/nguoi2_ss2/frame_0019.jpg,ss2,nguoi2,lean_left,9.591415,-15.251895,-0.039561,0.288675,0.575268,0.240489,0.661106,-0.174269,0.598351,0.048186,-0.085838,0.150386,0.352026,0.643635,0.703489,0.363332,0.282449,0.463519
D:/BTL/repo/smart-posture-monitor/data/raw/lean_left/nguoi2_ss2/frame_0020.jpg,ss2,nguoi2,lean_left,7.652281,-9.024329,-0.035373,0.167820,0.540191,0.148421,0.648223,-0.221926,0.591218,0.019399,-0.108032,0.225515,0.269540,0.565658,0.664997,0.224794,0.179437,0.393072
D:/BTL/repo/smart-posture-monitor/data/raw/lean_left/nguoi2_ss2/frame_0021.jpg,ss2,nguoi2,lean_left,7.497602,-8.415326,-0.035337,0.080491,0.536938,0.082348,0.648467,-0.240422,0.597870,-0.001857,-0.111529,0.241460,0.214494,0.542938,0.653675,0.109353,0.100248,0.326646
D:/BTL/repo/smart-posture-monitor/data/raw/lean_left/nguoi2_ss2/frame_0022.jpg,ss2,nguoi2,lean_left,5.928310,-9.308501,-0.040518,0.026513,0.476167,0.043895,0.600391,-0.260108,0.597138,-0.017382,-0.124224,0.250496,0.181931,0.476905,0.601994,0.038386,0.056128,0.311104
D:/BTL/repo/smart-posture-monitor/data/raw/lean_left/nguoi2_ss2/frame_0023.jpg,ss2,nguoi2,lean_left,1.392213,-7.921639,-0.035403,0.015721,0.437272,0.031255,0.561546,-0.272116,0.548151,-0.015534,-0.124274,0.256879,0.178882,0.437555,0.562415,0.023665,0.041549,0.308455
D:/BTL/repo/smart-posture-monitor/data/raw/lean_left/nguoi2_ss2/frame_0024.jpg,ss2,nguoi2,lean_left,4.034076,-10.479591,-0.044069,0.060482,0.455946,0.075965,0.570017,-0.227404,0.560254,-0.015482,-0.114071,0.242288,0.186969,0.459940,0.575056,0.089220,0.099902,0.306201
D:/BTL/repo/smart-posture-monitor/data/raw/lean_left/nguoi2_ss2/frame_0025.jpg,ss2,nguoi2,lean_left,9.002484,-11.024419,-0.042630,0.229191,0.552470,0.206675,0.664591,-0.188420,0.624847,0.022516,-0.112121,0.222928,0.292141,0.598123,0.695985,0.299572,0.243644,0.423837
D:/BTL/repo/smart-posture-monitor/data/raw/lean_left/nguoi2_ss2/frame_0026.jpg,ss2,nguoi2,lean_left,9.147841,-14.827125,-0.049167,0.305038,0.563703,0.273805,0.669055,-0.148130,0.640963,0.031233,-0.105352,0.192131,0.333258,0.640944,0.722913,0.386310,0.316685,0.459708
D:/BTL/repo/smart-posture-monitor/data/raw/lean_left/nguoi2_ss2/frame_0027.jpg,ss2,nguoi2,lean_left,11.551436,-19.144424,-0.063199,0.318658,0.518630,0.296317,0.631195,-0.121932,0.641532,0.022341,-0.112565,0.192709,0.327914,0.608704,0.697289,0.419693,0.352889,0.457411
D:/BTL/repo/smart-posture-monitor/data/raw/lean_left/nguoi2_ss2/frame_0028.jpg,ss2,nguoi2,lean_left,11.829755,-18.535381,-0.062287,0.310731,0.514742,0.291474,0.626513,-0.117889,0.639313,0.019257,-0.111771,0.195939,0.317007,0.601260,0.690996,0.411900,0.349127,0.446356
D:/BTL/repo/smart-posture-monitor/data/raw/lean_left/nguoi2_ss2/frame_0029.jpg,ss2,nguoi2,lean_left,11.727902,-18.914158,-0.063780,0.319079,0.507366,0.299880,0.620200,-0.106494,0.629523,0.019198,-0.112834,0.196762,0.314117,0.599360,0.688895,0.424830,0.360468,0.442757
D:/BTL/repo/smart-posture-monitor/data/raw/lean_left/nguoi2_ss2/frame_0030.jpg,ss2,nguoi2,lean_left,9.894662,-17.617962,-0.055671,0.334625,0.511231,0.307297,0.621076,-0.110069,0.622541,0.027328,-0.109845,0.183933,0.330766,0.611008,0.692941,0.441438,0.368275,0.458412
D:/BTL/repo/smart-posture-monitor/data/raw/lean_left/nguoi2_ss2/frame_0031.jpg,ss2,nguoi2,lean_left,9.585316,-16.810818,-0.052907,0.331283,0.518481,0.305687,0.625594,-0.099722,0.624670,0.025595,-0.107112,0.182936,0.319027,0.615281,0.696285,0.434480,0.364972,0.443893
D:/BTL/repo/smart-posture-monitor/data/raw/lean_left/nguoi2_ss2/frame_0032.jpg,ss2,nguoi2,lean_left,10.135054,-17.421143,-0.053934,0.335923,0.513545,0.310648,0.622664,-0.094514,0.626505,0.025275,-0.109118,0.180146,0.320057,0.613656,0.695854,0.441949,0.371366,0.445012
D:/BTL/repo/smart-posture-monitor/data/raw/lean_left/nguoi2_ss2/frame_0033.jpg,ss2,nguoi2,lean_left,7.557579,-14.463980,-0.045277,0.307674,0.545258,0.274418,0.647467,-0.138705,0.620007,0.033256,-0.102208,0.181272,0.329193,0.626075,0.703220,0.396313,0.323785,0.452594
D:/BTL/repo/smart-posture-monitor/data/raw/lean_left/nguoi2_ss2/frame_0034.jpg,ss2,nguoi2,lean_left,9.604678,-20.053984,-0.064550,0.352466,0.542756,0.328395,0.647144,-0.086898,0.649467,0.024071,-0.104387,0.188245,0.328247,0.647161,0.725699,0.448135,0.381696,0.452137
D:/BTL/repo/smart-posture-monitor/data/raw/lean_left/nguoi2_ss2/frame_0035.jpg,ss2,nguoi2,lean_left,7.107741,-15.865251,-0.052842,0.268895,0.608931,0.235996,0.695917,-0.166719,0.633309,0.032899,-0.086986,0.193296,0.322290,0.665659,0.734844,0.329503,0.268602,0.436296
D:/BTL/repo/smart-posture-monitor/data/raw/lean_left/nguoi2_ss2/frame_0036.jpg,ss2,nguoi2,lean_left,5.900562,-1.256769,-0.005902,-0.077342,0.584324,-0.059565,0.707750,-0.341204,0.609000,-0.017777,-0.123426,0.269074,0.178862,0.589420,0.710252,-0.100274,-0.068630,0.265014
D:/BTL/repo/smart-posture-monitor/data/raw/lean_left/nguoi2_ss2/frame_0037.jpg,ss2,nguoi2,lean_left,6.627825,-6.767771,-0.031305,-0.056165,0.505590,-0.033793,0.638480,-0.325046,0.605822,-0.022371,-0.132890,0.265647,0.166517,0.508700,0.639374,-0.078861,-0.041648,0.286956
D:/BTL/repo/smart-posture-monitor/data/raw/lean_left/nguoi2_ss2/frame_0038.jpg,ss2,nguoi2,lean_left,9.280567,-8.897982,-0.039883,-0.024308,0.502465,-0.003573,0.627019,-0.301645,0.592584,-0.020735,-0.124555,0.257850,0.179150,0.503052,0.627030,-0.034281,-0.004455,0.291612
D:/BTL/repo/smart-posture-monitor/data/raw/lean_left/nguoi2_ss2/frame_0039.jpg,ss2,nguoi2,lean_left,9.692405,-10.628174,-0.047219,-0.018302,0.506669,0.005398,0.627447,-0.292377,0.600450,-0.023700,-0.120778,0.256020,0.179253,0.507000,0.627470,-0.025706,0.006728,0.289676
D:/BTL/repo/smart-posture-monitor/data/raw/lean_left/nguoi2_ss2/frame_0040.jpg,ss2,nguoi2,lean_left,9.346259,-10.067555,-0.045749,0.005101,0.539054,0.022198,0.655358,-0.294417,0.609605,-0.017097,-0.116304,0.261708,0.199923,0.539079,0.655734,0.006937,0.026923,0.307714
D:/BTL/repo/smart-posture-monitor/data/raw/lean_left/nguoi2_ss2/frame_0041.jpg,ss2,nguoi2,lean_left,10.558727,-16.431934,-0.076019,0.026918,0.503810,0.063393,0.626816,-0.251976,0.638863,-0.036475,-0.123006,0.268737,0.188287,0.504529,0.630013,0.037910,0.078911,0.309873
D:/BTL/repo/smart-posture-monitor/data/raw/lean_left/nguoi2_ss2/frame_0042.jpg,ss2,nguoi2,lean_left,8.132337,-9.626716,-0.044769,-0.022436,0.520572,0.005501,0.645402,-0.295359,0.621956,-0.027937,-0.124831,0.267713,0.174996,0.521055,0.645426,-0.031075,0.006738,0.291145
D:/BTL/repo/smart-posture-monitor/data/raw/lean_left/nguoi2_ss2/frame_0043.jpg,ss2,nguoi2,lean_left,9.990817,-8.376499,-0.038716,0.056409,0.553280,0.064590,0.665061,-0.264551,0.598089,-0.008181,-0.111781,0.265763,0.215706,0.556148,0.668190,0.075523,0.077478,0.324073
D:/BTL/repo/smart-posture-monitor/data/raw/lean_left/nguoi2_ss2/frame_0044.jpg,ss2,nguoi2,lean_left,9.900519,-10.406576,-0.047786,0.064086,0.552718,0.077025,0.668102,-0.253568,0.621420,-0.012939,-0.115384,0.264547,0.212553,0.556421,0.672527,0.085810,0.092051,0.324998
D:/BTL/repo/smart-posture-monitor/data/raw/lean_left/nguoi2_ss2/frame_0045.jpg,ss2,nguoi2,lean_left,10.513729,-8.571794,-0.037679,0.079305,0.520396,0.081322,0.643069,-0.252953,0.603226,-0.002018,-0.122673,0.252799,0.217359,0.526404,0.648190,0.109545,0.099524,0.342426
D:/BTL/repo/smart-posture-monitor/data/raw/lean_left/nguoi2_ss2/frame_0046.jpg,ss2,nguoi2,lean_left,10.126591,-10.729263,-0.047787,0.057795,0.512475,0.076936,0.633981,-0.232310,0.600688,-0.019141,-0.121506,0.256687,0.191867,0.515724,0.638632,0.080586,0.095019,0.303220
D:/BTL/repo/smart-posture-monitor/data/raw/lean_left/nguoi2_ss2/frame_0047.jpg,ss2,nguoi2,lean_left,11.307744,-14.964830,-0.065255,0.069702,0.573690,0.106233,0.678960,-0.183930,0.652632,-0.036532,-0.105270,0.252705,0.178136,0.577909,0.687221,0.091374,0.125342,0.265633
D:/BTL/repo/smart-posture-monitor/data/raw/lean_left/nguoi2_ss2/frame_0048.jpg,ss2,nguoi2,lean_left,12.063578,-14.226233,-0.059416,0.133842,0.475788,0.152228,0.600942,-0.161593,0.621584,-0.018386,-0.125154,0.241774,0.196850,0.494255,0.619923,0.192175,0.192549,0.329452
D:/BTL/repo/smart-posture-monitor/data/raw/lean_left/nguoi2_ss2/frame_0049.jpg,ss2,nguoi2,lean_left,11.829119,-13.336558,-0.057220,0.112470,0.469583,0.131671,0.595553,-0.183670,0.615152,-0.019201,-0.125969,0.248058,0.194865,0.482864,0.609934,0.162927,0.167904,0.329983
D:/BTL/repo/smart-posture-monitor/data/raw/lean_left/nguoi2_ss2/frame_0050.jpg,ss2,nguoi2,lean_left,7.528778,-20.998814,-0.092838,0.167201,0.635724,0.193052,0.740761,-0.152005,0.735001,-0.025850,-0.105036,0.259071,0.230118,0.657345,0.765503,0.204011,0.212582,0.334288
D:/BTL/repo/smart-posture-monitor/data/raw/lean_left/nguoi2_ss2/frame_0051.jpg,ss2,nguoi2,lean_left,12.201736,-17.553579,-0.076334,0.121130,0.536754,0.149816,0.650295,-0.159703,0.646804,-0.028686,-0.113541,0.253099,0.193403,0.550252,0.667329,0.163920,0.180730,0.301627
D:/BTL/repo/smart-posture-monitor/data/raw/lean_left/nguoi2_ss2/frame_0052.jpg,ss2,nguoi2,lean_left,12.784698,-12.955707,-0.053924,0.260548,0.522917,0.247777,0.646087,-0.157261,0.646889,0.012772,-0.123170,0.240520,0.289025,0.584233,0.691970,0.347837,0.294656,0.435814
D:/BTL/repo/smart-posture-monitor/data/raw/lean_left/nguoi2_ss2/frame_0053.jpg,ss2,nguoi2,lean_left,11.072976,-17.612879,-0.058892,0.310582,0.501764,0.286105,0.613506,-0.137224,0.616682,0.024476,-0.111741,0.194630,0.331618,0.590109,0.676938,0.416988,0.347448,0.462316
D:/BTL/repo/smart-posture-monitor/data/raw/lean_left/nguoi2_ss2/frame_0054.jpg,ss2,nguoi2,lean_left,9.829113,-21.285212,-0.074470,0.310569,0.517207,0.287054,0.625753,-0.163756,0.635921,0.023515,-0.108547,0.205145,0.356264,0.603288,0.688453,0.410716,0.344502,0.488955
D:/BTL/repo/smart-posture-monitor/data/raw/lean_left/nguoi2_ss2/frame_0055.jpg,ss2,nguoi2,lean_left,10.100771,-16.523232,-0.056086,0.280857,0.507184,0.253244,0.611662,-0.168508,0.595337,0.027613,-0.104478,0.197206,0.330215,0.579755,0.662014,0.378611,0.310753,0.457930
D:/BTL/repo/smart-posture-monitor/data/raw/lean_left/nguoi2_ss2/frame_0056.jpg,ss2,nguoi2,lean_left,10.381613,-15.158604,-0.055990,0.258360,0.503418,0.234949,0.609238,-0.186753,0.593575,0.023411,-0.105820,0.214118,0.321347,0.565844,0.652972,0.351833,0.290234,0.454151
D:/BTL/repo/smart-posture-monitor/data/raw/lean_left/nguoi2_ss2/frame_0057.jpg,ss2,nguoi2,lean_left,10.265598,-10.665154,-0.046648,0.121461,0.517309,0.120472,0.633945,-0.237110,0.606244,0.000989,-0.116636,0.252059,0.239235,0.531377,0.645291,0.167578,0.148189,0.369436
D:/BTL/repo/smart-posture-monitor/data/raw/lean_left/nguoi2_ss2/frame_0058.jpg,ss2,nguoi2,lean_left,10.445951,-9.227480,-0.040754,0.045766,0.496442,0.054554,0.622051,-0.276092,0.600816,-0.008788,-0.125609,0.254151,0.209392,0.498547,0.624438,0.064886,0.068259,0.338359
D:/BTL/repo/smart-posture-monitor/data/raw/lean_left/nguoi2_ss2/frame_0059.jpg,ss2,nguoi2,lean_left,10.276634,-9.903539,-0.043222,0.037027,0.503563,0.048163,0.625966,-0.274612,0.598294,-0.011136,-0.122403,0.251307,0.205006,0.504923,0.627816,0.052142,0.060052,0.325719
D:/BTL/repo/smart-posture-monitor/data/raw/lean_left/nguoi2_ss2/frame_0060.jpg,ss2,nguoi2,lean_left,9.394877,-10.290320,-0.047059,0.022815,0.500577,0.034192,0.629116,-0.301400,0.605466,-0.011377,-0.128539,0.263437,0.211326,0.501097,0.630045,0.032238,0.042525,0.340759
D:/BTL/repo/smart-posture-monitor/data/raw/lean_left/nguoi2_ss2/frame_0061.jpg,ss2,nguoi2,lean_left,10.107071,-9.842435,-0.046598,0.006874,0.500003,0.021898,0.635084,-0.312995,0.615302,-0.015024,-0.135082,0.272599,0.205174,0.500050,0.635462,0.009722,0.027086,0.340015
D:/BTL/repo/smart-posture-monitor/data/raw/lean_left/nguoi3_ss1/frame_0001.jpg,ss1,nguoi3,lean_left,-0.066164,-5.269697,-0.022028,0.172338,0.481233,0.161771,0.597527,-0.166046,0.551422,0.010568,-0.116294,0.239836,0.216091,0.511161,0.619038,0.244623,0.205003,0.345587
D:/BTL/repo/smart-posture-monitor/data/raw/lean_left/nguoi3_ss1/frame_0002.jpg,ss1,nguoi3,lean_left,0.458069,-4.655866,-0.019778,0.153213,0.439457,0.143464,0.563869,-0.179354,0.521886,0.009749,-0.124411,0.243656,0.207964,0.465400,0.581833,0.227473,0.188433,0.342630
D:/BTL/repo/smart-posture-monitor/data/raw/lean_left/nguoi3_ss1/frame_0003.jpg,ss1,nguoi3,lean_left,2.032254,-7.590904,-0.024439,0.330665,0.494599,0.286318,0.598220,-0.115215,0.541505,0.044347,-0.103621,0.185007,0.317416,0.594952,0.663208,0.443980,0.352772,0.448340
D:/BTL/repo/smart-posture-monitor/data/raw/lean_left/nguoi3_ss1/frame_0004.jpg,ss1,nguoi3,lean_left,3.370345,-9.224017,-0.022935,0.354339,0.553150,0.297457,0.635016,-0.094510,0.542427,0.056882,-0.081866,0.143082,0.337778,0.656910,0.701231,0.445770,0.352868,0.448977
D:/BTL/repo/smart-posture-monitor/data/raw/lean_left/nguoi3_ss1/frame_0005.jpg,ss1,nguoi3,lean_left,5.140046,-6.810301,-0.017283,0.344563,0.544527,0.287683,0.627920,-0.103251,0.536305,0.056880,-0.083394,0.145750,0.333977,0.644386,0.690685,0.438609,0.344493,0.447890
D:/BTL/repo/smart-posture-monitor/data/raw/lean_left/nguoi3_ss1/frame_0006.jpg,ss1,nguoi3,lean_left,4.795638,-6.505476,-0.016737,0.351173,0.548075,0.292847,0.634074,-0.101904,0.541052,0.058326,-0.085999,0.147729,0.336977,0.650929,0.698433,0.444442,0.348158,0.453131
D:/BTL/repo/smart-posture-monitor/data/raw/lean_left/nguoi3_ss1/frame_0007.jpg,ss1,nguoi3,lean_left,6.402761,-10.968688,-0.030126,0.347523,0.529019,0.297482,0.615479,-0.107932,0.543860,0.050041,-0.086459,0.158330,0.338966,0.632956,0.683601,0.448523,0.359428,0.455697
D:/BTL/repo/smart-posture-monitor/data/raw/lean_left/nguoi3_ss1/frame_0008.jpg,ss1,nguoi3,lean_left,6.140385,-9.893283,-0.027527,0.336164,0.542735,0.286233,0.627326,-0.106558,0.546788,0.049931,-0.084591,0.160216,0.327734,0.638410,0.689541,0.429936,0.343086,0.442740
D:/BTL/repo/smart-posture-monitor/data/raw/lean_left/nguoi3_ss1/frame_0009.jpg,ss1,nguoi3,lean_left,4.846746,-7.650467,-0.021279,0.340847,0.550589,0.286839,0.637231,-0.104127,0.545605,0.054008,-0.086641,0.159837,0.328103,0.647553,0.698813,0.431943,0.340573,0.445002
D:/BTL/repo/smart-posture-monitor/data/raw/lean_left/nguoi3_ss1/frame_0010.jpg,ss1,nguoi3,lean_left,4.289247,-8.332620,-0.022419,0.351149,0.567324,0.294714,0.652310,-0.100977,0.556140,0.056434,-0.084986,0.154701,0.336737,0.667204,0.715797,0.436367,0.344294,0.452263
D:/BTL/repo/smart-posture-monitor/data/raw/lean_left/nguoi3_ss1/frame_0011.jpg,ss1,nguoi3,lean_left,4.568504,-5.530097,-0.017947,0.284211,0.542965,0.237537,0.634359,-0.137706,0.540062,0.046674,-0.091394,0.186238,0.300839,0.612851,0.677374,0.369560,0.286306,0.421927
D:/BTL/repo/smart-posture-monitor/data/raw/lean_left/nguoi3_ss1/frame_0012.jpg,ss1,nguoi3,lean_left,4.449940,-5.023653,-0.016759,0.290701,0.545544,0.243583,0.637875,-0.129165,0.537136,0.047118,-0.092332,0.191389,0.298110,0.618163,0.682801,0.376323,0.292210,0.419950
D:/BTL/repo/smart-posture-monitor/data/raw/lean_left/nguoi3_ss1/frame_0013.jpg,ss1,nguoi3,lean_left,4.802317,-5.988395,-0.017996,0.326648,0.555784,0.274066,0.644660,-0.110971,0.547506,0.052582,-0.088877,0.172492,0.317531,0.644666,0.700499,0.413922,0.324250,0.437697
D:/BTL/repo/smart-posture-monitor/data/raw/lean_left/nguoi3_ss1/frame_0014.jpg,ss1,nguoi3,lean_left,4.071333,-10.331833,-0.028640,0.327674,0.590417,0.274947,0.670578,-0.107404,0.567158,0.052727,-0.080160,0.159692,0.325818,0.675250,0.724756,0.401627,0.317466,0.435699
D:/BTL/repo/smart-posture-monitor/data/raw/lean_left/nguoi3_ss1/frame_0015.jpg,ss1,nguoi3,lean_left,3.868613,-8.928894,-0.027386,0.295121,0.631065,0.242170,0.702761,-0.138680,0.572536,0.052951,-0.071696,0.176448,0.327062,0.696663,0.743316,0.351627,0.273536,0.437732
D:/BTL/repo/smart-posture-monitor/data/raw/lean_left/nguoi3_ss1/frame_0016.jpg,ss1,nguoi3,lean_left,5.321348,-8.811505,-0.026409,0.265671,0.610323,0.215466,0.675472,-0.142958,0.539521,0.050205,-0.065149,0.172399,0.311302,0.665639,0.709005,0.325394,0.250994,0.414718
D:/BTL/repo/smart-posture-monitor/data/raw/lean_left/nguoi3_ss1/frame_0017.jpg,ss1,nguoi3,lean_left,5.054197,-9.327106,-0.022589,0.318463,0.598127,0.259740,0.667769,-0.124476,0.554612,0.058723,-0.069642,0.139376,0.339112,0.677624,0.716506,0.388656,0.301818,0.445072
D:/BTL/repo/smart-posture-monitor/data/raw/lean_left/nguoi3_ss1/frame_0018.jpg,ss1,nguoi3,lean_left,5.485985,-10.540897,-0.024601,0.338377,0.597935,0.279497,0.668083,-0.102357,0.555751,0.058880,-0.070148,0.134480,0.339456,0.687041,0.724192,0.410365,0.323089,0.442748
D:/BTL/repo/smart-posture-monitor/data/raw/lean_left/nguoi3_ss1/frame_0019.jpg,ss1,nguoi3,lean_left,5.409974,-6.745157,-0.016503,0.332599,0.591656,0.273878,0.665799,-0.106771,0.556551,0.058721,-0.074143,0.140508,0.332345,0.678733,0.719929,0.406528,0.317720,0.440770
D:/BTL/repo/smart-posture-monitor/data/raw/lean_left/nguoi3_ss1/frame_0020.jpg,ss1,nguoi3,lean_left,5.686050,-9.969896,-0.023128,0.391726,0.603511,0.330513,0.678561,-0.060112,0.568699,0.061213,-0.075050,0.133588,0.346793,0.719496,0.754774,0.463608,0.373065,0.453178
D:/BTL/repo/smart-posture-monitor/data/raw/lean_left/nguoi3_ss1/frame_0021.jpg,ss1,nguoi3,lean_left,4.899033,-12.260674,-0.030506,0.394252,0.608396,0.337240,0.679914,-0.053704,0.571377,0.057012,-0.071518,0.143650,0.343815,0.724969,0.758955,0.464070,0.379419,0.449482
D:/BTL/repo/smart-posture-monitor/data/raw/lean_left/nguoi3_ss1/frame_0022.jpg,ss1,nguoi3,lean_left,5.807603,-7.161095,-0.017993,0.380586,0.622802,0.316692,0.695001,-0.078294,0.569717,0.063893,-0.072198,0.144335,0.350153,0.729882,0.763754,0.444423,0.353618,0.461940
D:/BTL/repo/smart-posture-monitor/data/raw/lean_left/nguoi3_ss1/frame_0023.jpg,ss1,nguoi3,lean_left,6.024383,-8.181563,-0.020919,0.382851,0.613047,0.318345,0.687321,-0.084804,0.562730,0.064506,-0.074274,0.146996,0.356935,0.722773,0.757465,0.450687,0.357769,0.470354
D:/BTL/repo/smart-posture-monitor/data/raw/lean_left/nguoi3_ss1/frame_0024.jpg,ss1,nguoi3,lean_left,5.674576,-7.704357,-0.020998,0.371808,0.600241,0.307596,0.681805,-0.101014,0.560433,0.064211,-0.081564,0.156633,0.356303,0.706066,0.747980,0.444683,0.348483,0.474495
D:/BTL/repo/smart-posture-monitor/data/raw/lean_left/nguoi3_ss1/frame_0025.jpg,ss1,nguoi3,lean_left,5.514252,-7.379736,-0.020871,0.342823,0.593001,0.285331,0.676649,-0.105412,0.565023,0.057492,-0.083648,0.162488,0.333325,0.684966,0.734349,0.417056,0.326743,0.449107
D:/BTL/repo/smart-posture-monitor/data/raw/lean_left/nguoi3_ss1/frame_0026.jpg,ss1,nguoi3,lean_left,6.796444,-12.029970,-0.033850,0.330143,0.615630,0.279104,0.688330,-0.105471,0.580790,0.051039,-0.072700,0.162408,0.329561,0.698566,0.742763,0.394875,0.316710,0.437005
D:/BTL/repo/smart-posture-monitor/data/raw/lean_left/nguoi3_ss1/frame_0027.jpg,ss1,nguoi3,lean_left,5.899227,-9.673965,-0.027914,0.310126,0.632013,0.257070,0.704494,-0.122248,0.583798,0.053056,-0.072481,0.166114,0.326502,0.704002,0.749931,0.367576,0.288948,0.435054
D:/BTL/repo/smart-posture-monitor/data/raw/lean_left/nguoi3_ss1/frame_0028.jpg,ss1,nguoi3,lean_left,5.995378,-9.669645,-0.027255,0.312654,0.630892,0.259356,0.701172,-0.115467,0.578979,0.053298,-0.070279,0.162264,0.324623,0.704115,0.747601,0.370680,0.292251,0.431257
D:/BTL/repo/smart-posture-monitor/data/raw/lean_left/nguoi3_ss1/frame_0029.jpg,ss1,nguoi3,lean_left,5.342504,-1.478489,-0.006074,0.139877,0.537136,0.119961,0.641093,-0.196384,0.538757,0.019917,-0.103957,0.235393,0.224901,0.555050,0.652220,0.188752,0.146553,0.336265
D:/BTL/repo/smart-posture-monitor/data/raw/lean_left/nguoi3_ss1/frame_0030.jpg,ss1,nguoi3,lean_left,6.087749,-9.390839,-0.041338,0.098214,0.408264,0.110790,0.537909,-0.201709,0.534824,-0.012576,-0.129644,0.253345,0.189022,0.419912,0.549199,0.151441,0.149935,0.325533
D:/BTL/repo/smart-posture-monitor/data/raw/lean_left/nguoi3_ss1/frame_0031.jpg,ss1,nguoi3,lean_left,4.870504,-5.170463,-0.024513,0.101453,0.337227,0.095781,0.484918,-0.263389,0.467964,0.005673,-0.147691,0.272012,0.225616,0.352157,0.494287,0.167468,0.136881,0.387559
D:/BTL/repo/smart-posture-monitor/data/raw/lean_left/nguoi3_ss1/frame_0032.jpg,ss1,nguoi3,lean_left,6.577641,-9.067525,-0.027504,0.347207,0.571137,0.288742,0.662683,-0.137950,0.563948,0.058466,-0.091546,0.174519,0.358621,0.668394,0.722856,0.430521,0.334634,0.485211
D:/BTL/repo/smart-posture-monitor/data/raw/lean_left/nguoi3_ss1/frame_0033.jpg,ss1,nguoi3,lean_left,-2.630718,3.720742,0.011284,0.415693,0.576751,0.337186,0.698559,-0.198985,0.643627,0.078506,-0.121808,0.173879,0.452110,0.710944,0.775680,0.499310,0.373070,0.618305
D:/BTL/repo/smart-posture-monitor/data/raw/lean_left/nguoi3_ss1/frame_0034.jpg,ss1,nguoi3,lean_left,0.160580,1.582072,0.005069,0.368908,0.607576,0.294024,0.722369,-0.176937,0.618502,0.074884,-0.114793,0.183608,0.392498,0.710804,0.779915,0.438701,0.322287,0.545954
D:/BTL/repo/smart-posture-monitor/data/raw/lean_left/nguoi3_ss1/frame_0035.jpg,ss1,nguoi3,lean_left,-4.009513,-5.914202,-0.016666,0.339521,0.525665,0.283664,0.622811,-0.126813,0.544381,0.055857,-0.097146,0.161749,0.341248,0.625778,0.684368,0.440900,0.341698,0.466710
D:/BTL/repo/smart-posture-monitor/data/raw/lean_left/nguoi3_ss1/frame_0036.jpg,ss1,nguoi3,lean_left,-2.506689,-7.553853,-0.022384,0.373005,0.476518,0.316173,0.588833,-0.115616,0.528883,0.056832,-0.112316,0.170277,0.354599,0.605146,0.668349,0.501439,0.389551,0.491419
D:/BTL/repo/smart-posture-monitor/data/raw/lean_left/nguoi3_ss1/frame_0037.jpg,ss1,nguoi3,lean_left,-0.788431,-6.381560,-0.017817,0.396840,0.477939,0.339229,0.591156,-0.094143,0.542888,0.057611,-0.113217,0.160301,0.358309,0.621215,0.681573,0.527296,0.413905,0.495260
D:/BTL/repo/smart-posture-monitor/data/raw/lean_left/nguoi3_ss1/frame_0038.jpg,ss1,nguoi3,lean_left,0.302855,-7.136869,-0.020013,0.425613,0.454082,0.371046,0.567684,-0.062097,0.530233,0.054567,-0.113602,0.161079,0.356402,0.622364,0.678189,0.570860,0.457559,0.493620
D:/BTL/repo/smart-posture-monitor/data/raw/lean_left/nguoi3_ss1/frame_0039.jpg,ss1,nguoi3,lean_left,0.871082,-8.078250,-0.022204,0.426181,0.437719,0.375421,0.553042,-0.051044,0.529398,0.050760,-0.115323,0.158006,0.349976,0.610924,0.668428,0.580507,0.468580,0.485952
D:/BTL/repo/smart-posture-monitor/data/raw/lean_left/nguoi3_ss1/frame_0040.jpg,ss1,nguoi3,lean_left,0.650044,-13.210812,-0.033943,0.434713,0.457595,0.388248,0.573232,-0.032601,0.563554,0.046466,-0.115637,0.148526,0.349568,0.631164,0.692337,0.578483,0.473132,0.479176
D:/BTL/repo/smart-posture-monitor/data/raw/lean_left/nguoi3_ss1/frame_0041.jpg,ss1,nguoi3,lean_left,1.029790,-13.032232,-0.034737,0.434743,0.469043,0.387997,0.586626,-0.037707,0.575567,0.046745,-0.117583,0.154046,0.351815,0.639533,0.703329,0.572262,0.467047,0.484309
D:/BTL/repo/smart-posture-monitor/data/raw/lean_left/nguoi3_ss1/frame_0042.jpg,ss1,nguoi3,lean_left,0.720750,-13.733968,-0.035910,0.432045,0.469040,0.388279,0.582724,-0.032520,0.576845,0.043767,-0.113684,0.151256,0.348150,0.637701,0.700234,0.569474,0.469022,0.476910
D:/BTL/repo/smart-posture-monitor/data/raw/lean_left/nguoi3_ss1/frame_0043.jpg,ss1,nguoi3,lean_left,0.572253,-14.168251,-0.036986,0.433982,0.464633,0.388602,0.580345,-0.031474,0.571190,0.045380,-0.115713,0.151107,0.347921,0.635786,0.698435,0.573872,0.470386,0.477498
D:/BTL/repo/smart-posture-monitor/data/raw/lean_left/nguoi3_ss1/frame_0044.jpg,ss1,nguoi3,lean_left,0.498649,-14.154642,-0.037055,0.434035,0.456037,0.393235,0.569237,-0.030544,0.574086,0.040800,-0.113199,0.151527,0.350583,0.629569,0.691856,0.578636,0.480035,0.479343
D:/BTL/repo/smart-posture-monitor/data/raw/lean_left/nguoi3_ss1/frame_0045.jpg,ss1,nguoi3,lean_left,0.535451,-13.559402,-0.034893,0.436662,0.445530,0.396611,0.556753,-0.021548,0.561787,0.040051,-0.111223,0.148825,0.346043,0.623835,0.683574,0.587214,0.489136,0.472728
D:/BTL/repo/smart-posture-monitor/data/raw/lean_left/nguoi3_ss1/frame_0046.jpg,ss1,nguoi3,lean_left,0.034468,-13.602150,-0.033282,0.434971,0.483948,0.387984,0.592571,-0.031878,0.577000,0.046987,-0.108623,0.141517,0.352562,0.650696,0.708288,0.564497,0.464481,0.476032
D:/BTL/repo/smart-posture-monitor/data/raw/lean_left/nguoi3_ss1/frame_0047.jpg,ss1,nguoi3,lean_left,1.877003,-16.462111,-0.039543,0.443042,0.449237,0.402394,0.560027,-0.007980,0.564509,0.040648,-0.110789,0.139540,0.343805,0.630952,0.689602,0.591744,0.493579,0.465520
D:/BTL/repo/smart-posture-monitor/data/raw/lean_left/nguoi3_ss1/frame_0048.jpg,ss1,nguoi3,lean_left,1.347883,-15.134912,-0.035376,0.441769,0.441792,0.400640,0.553127,-0.010250,0.561105,0.041129,-0.111335,0.135490,0.345631,0.624772,0.682980,0.594632,0.494951,0.467500
D:/BTL/repo/smart-posture-monitor/data/raw/lean_left/nguoi3_ss1/frame_0049.jpg,ss1,nguoi3,lean_left,-0.127431,-14.042292,-0.035164,0.435647,0.468844,0.393302,0.576042,-0.026265,0.572791,0.042345,-0.107198,0.144925,0.349891,0.640003,0.697503,0.573302,0.477086,0.473464
D:/BTL/repo/smart-posture-monitor/data/raw/lean_left/nguoi3_ss1/frame_0050.jpg,ss1,nguoi3,lean_left,0.339217,-11.278929,-0.029800,0.429843,0.478377,0.382852,0.585651,-0.032600,0.560243,0.046990,-0.107274,0.152363,0.343118,0.643125,0.699688,0.562188,0.462188,0.469633
D:/BTL/repo/smart-posture-monitor/data/raw/lean_left/nguoi3_ss1/frame_0051.jpg,ss1,nguoi3,lean_left,0.147740,-10.322064,-0.029506,0.416723,0.464855,0.371386,0.578977,-0.043945,0.556318,0.045338,-0.114122,0.164672,0.336414,0.624298,0.687853,0.555593,0.453106,0.469660
D:/BTL/repo/smart-posture-monitor/data/raw/lean_left/nguoi3_ss1/frame_0052.jpg,ss1,nguoi3,lean_left,-0.143593,-9.686236,-0.027537,0.414160,0.469131,0.369679,0.582476,-0.048791,0.565112,0.044481,-0.113346,0.163664,0.339236,0.625789,0.689885,0.550588,0.449841,0.472796
D:/BTL/repo/smart-posture-monitor/data/raw/lean_left/nguoi3_ss1/frame_0053.jpg,ss1,nguoi3,lean_left,1.217237,-11.696482,-0.031553,0.427482,0.464042,0.380736,0.575229,-0.038214,0.553548,0.046746,-0.111187,0.155643,0.344785,0.630932,0.689818,0.567416,0.464480,0.474219
D:/BTL/repo/smart-posture-monitor/data/raw/lean_left/nguoi3_ss1/frame_0054.jpg,ss1,nguoi3,lean_left,0.948071,-11.688072,-0.031720,0.431554,0.463175,0.385894,0.576074,-0.033692,0.559832,0.045659,-0.112899,0.156578,0.344420,0.633064,0.693380,0.572142,0.469460,0.475180
D:/BTL/repo/smart-posture-monitor/data/raw/lean_left/nguoi3_ss1/frame_0055.jpg,ss1,nguoi3,lean_left,-0.357276,-1.589525,-0.007185,0.131381,0.440684,0.122310,0.569095,-0.197687,0.511499,0.009071,-0.128411,0.259025,0.200118,0.459851,0.582090,0.195436,0.160269,0.336601
D:/BTL/repo/smart-posture-monitor/data/raw/lean_left/nguoi3_ss1/frame_0056.jpg,ss1,nguoi3,lean_left,-0.158341,-1.281156,-0.006140,0.041627,0.271246,0.047568,0.425973,-0.258630,0.413271,-0.005941,-0.154727,0.274624,0.169655,0.274422,0.428621,0.073134,0.072338,0.332152
D:/BTL/repo/smart-posture-monitor/data/raw/lean_left/nguoi3_ss1/frame_0057.jpg,ss1,nguoi3,lean_left,1.155211,-1.845489,-0.008890,0.006411,0.271210,0.023163,0.422178,-0.275779,0.434431,-0.016752,-0.150967,0.276036,0.161185,0.271286,0.422813,0.011271,0.035387,0.325994
D:/BTL/repo/smart-posture-monitor/data/raw/lean_left/nguoi3_ss1/frame_0058.jpg,ss1,nguoi3,lean_left,2.082082,6.342843,0.030778,-0.056539,0.286232,-0.058486,0.440839,-0.341712,0.377717,0.001947,-0.154607,0.278589,0.152449,0.291762,0.444701,-0.098018,-0.087592,0.299488
D:/BTL/repo/smart-posture-monitor/data/raw/lean_left/nguoi3_ss1/frame_0059.jpg,ss1,nguoi3,lean_left,3.793931,3.564105,0.016659,0.075327,0.325428,0.054455,0.474936,-0.273552,0.410040,0.020872,-0.149507,0.267975,0.202346,0.334033,0.478047,0.125963,0.078848,0.358993
D:/BTL/repo/smart-posture-monitor/data/raw/lean_left/nguoi3_ss1/frame_0060.jpg,ss1,nguoi3,lean_left,4.272435,-15.882030,-0.062329,0.320892,0.317875,0.307822,0.458414,-0.066878,0.472897,0.013071,-0.140539,0.227762,0.265690,0.451682,0.552175,0.515427,0.431759,0.417609
D:/BTL/repo/smart-posture-monitor/data/raw/lean_left/nguoi3_ss1/frame_0061.jpg,ss1,nguoi3,lean_left,3.670528,0.444205,0.002133,0.078919,0.342664,0.059150,0.484773,-0.279636,0.397309,0.019769,-0.142109,0.275189,0.218962,0.351634,0.488369,0.129842,0.084786,0.362695
D:/BTL/repo/smart-posture-monitor/data/raw/lean_left/nguoi3_ss1/frame_0062.jpg,ss1,nguoi3,lean_left,-2.648775,-20.213257,-0.068027,0.393545,0.515258,0.373574,0.612756,-0.010440,0.586393,0.019971,-0.097499,0.196886,0.297818,0.648358,0.717654,0.505322,0.441390,0.410200
D:/BTL/repo/smart-posture-monitor/data/raw/lean_left/nguoi3_ss1/frame_0063.jpg,ss1,nguoi3,lean_left,2.242097,-20.694607,-0.086768,0.248236,0.307299,0.278721,0.453127,-0.042039,0.544639,-0.030485,-0.145828,0.245532,0.211464,0.395036,0.531986,0.411619,0.396690,0.374953
D:/BTL/repo/smart-posture-monitor/data/raw/lean_left/nguoi3_ss1/frame_0064.jpg,ss1,nguoi3,lean_left,2.516986,-14.588415,-0.046371,0.426335,0.396763,0.391225,0.520682,-0.033571,0.527835,0.035110,-0.123919,0.184105,0.336094,0.582394,0.651281,0.604186,0.500255,0.478220
D:/BTL/repo/smart-posture-monitor/data/raw/lean_left/nguoi3_ss1/frame_0065.jpg,ss1,nguoi3,lean_left,1.392925,-8.291865,-0.034283,0.218011,0.474380,0.206974,0.589809,-0.125304,0.541169,0.011037,-0.115429,0.237723,0.224512,0.522078,0.625070,0.308703,0.262110,0.349751
D:/BTL/repo/smart-posture-monitor/data/raw/lean_left/nguoi3_ss1/frame_0066.jpg,ss1,nguoi3,lean_left,1.230919,-5.186275,-0.023029,0.126793,0.419742,0.128439,0.549841,-0.179772,0.507844,-0.001646,-0.130099,0.254757,0.189083,0.438475,0.564643,0.192691,0.171407,0.318973
D:/BTL/repo/smart-posture-monitor/data/raw/lean_left/nguoi3_ss1/frame_0067.jpg,ss1,nguoi3,lean_left,-0.118276,-3.018632,-0.013465,-0.005326,0.379459,0.022681,0.519675,-0.235789,0.490148,-0.028008,-0.140216,0.255702,0.135730,0.379496,0.520170,-0.008486,0.031443,0.255666
D:/BTL/repo/smart-posture-monitor/data/raw/lean_left/nguoi3_ss1/frame_0068.jpg,ss1,nguoi3,lean_left,1.563887,-3.606704,-0.015870,0.114016,0.377735,0.112194,0.514272,-0.192407,0.477971,0.001822,-0.136537,0.252279,0.184104,0.394567,0.526367,0.180839,0.155432,0.322401
D:/BTL/repo/smart-posture-monitor/data/raw/lean_left/nguoi3_ss1/frame_0069.jpg,ss1,nguoi3,lean_left,1.800490,-5.410228,-0.023772,0.153828,0.417914,0.145681,0.549264,-0.175536,0.495383,0.008147,-0.131350,0.252123,0.206471,0.445326,0.568255,0.233313,0.194070,0.338352
D:/BTL/repo/smart-posture-monitor/data/raw/lean_left/nguoi3_ss1/frame_0070.jpg,ss1,nguoi3,lean_left,1.763549,-12.754670,-0.033925,0.422676,0.516875,0.363007,0.617191,-0.065357,0.543266,0.059669,-0.100316,0.153661,0.364928,0.667693,0.716030,0.534960,0.428781,0.488746
D:/BTL/repo/smart-posture-monitor/data/raw/lean_left/nguoi3_ss1/frame_0071.jpg,ss1,nguoi3,lean_left,2.411824,-14.058965,-0.026908,0.483183,0.572493,0.418995,0.656636,0.017241,0.569259,0.064189,-0.084143,0.110770,0.362340,0.749142,0.778927,0.564976,0.467865,0.465953
D:/BTL/repo/smart-posture-monitor/data/raw/lean_left/nguoi3_ss1/frame_0072.jpg,ss1,nguoi3,lean_left,2.014975,-6.830013,-0.026520,0.296868,0.507647,0.259243,0.620521,-0.135272,0.546376,0.037625,-0.112874,0.223001,0.296961,0.588078,0.672498,0.398051,0.314969,0.433872
D:/BTL/repo/smart-posture-monitor/data/raw/lean_left/nguoi3_ss1/frame_0073.jpg,ss1,nguoi3,lean_left,2.426851,-10.887433,-0.043890,0.298311,0.443758,0.274946,0.565782,-0.128046,0.544264,0.023365,-0.122023,0.232372,0.292148,0.534706,0.629050,0.425915,0.350605,0.438043
D:/BTL/repo/smart-posture-monitor/data/raw/lean_left/nguoi3_ss1/frame_0074.jpg,ss1,nguoi3,lean_left,0.085993,-14.450491,-0.040881,0.472155,0.424210,0.431604,0.544934,0.001955,0.552198,0.040551,-0.120724,0.163825,0.350575,0.634732,0.695151,0.635555,0.530067,0.487307
D:/BTL/repo/smart-posture-monitor/data/raw/lean_left/nguoi3_ss1/frame_0075.jpg,ss1,nguoi3,lean_left,-1.130574,-12.452673,-0.035033,0.458539,0.445654,0.415758,0.564535,-0.011191,0.563890,0.042781,-0.118881,0.162467,0.348101,0.639426,0.701109,0.609496,0.504999,0.484383
D:/BTL/repo/smart-posture-monitor/data/raw/lean_left/nguoi3_ss1/frame_0076.jpg,ss1,nguoi3,lean_left,0.913148,-13.695587,-0.039360,0.461536,0.433864,0.421698,0.554313,-0.007711,0.562548,0.039839,-0.120449,0.166244,0.348838,0.633446,0.696485,0.619323,0.515725,0.486572
D:/BTL/repo/smart-posture-monitor/data/raw/lean_left/nguoi3_ss1/frame_0077.jpg,ss1,nguoi3,lean_left,2.175824,-15.569635,-0.045927,0.452568,0.416868,0.413052,0.539874,-0.018128,0.545601,0.039516,-0.123006,0.171110,0.349190,0.615302,0.679762,0.620233,0.513890,0.487982
D:/BTL/repo/smart-posture-monitor/data/raw/lean_left/nguoi3_ss1/frame_0078.jpg,ss1,nguoi3,lean_left,0.897225,-13.223864,-0.036683,0.460329,0.441861,0.416888,0.559093,-0.007696,0.554381,0.043441,-0.117232,0.160359,0.347296,0.638078,0.697410,0.613467,0.508666,0.481360
D:/BTL/repo/smart-posture-monitor/data/raw/lean_left/nguoi3_ss1/frame_0079.jpg,ss1,nguoi3,lean_left,-0.970774,-13.022573,-0.034725,0.468105,0.471808,0.424242,0.585644,-0.007734,0.582664,0.043863,-0.113836,0.154105,0.357485,0.664624,0.723159,0.604069,0.503644,0.488582
D:/BTL/repo/smart-posture-monitor/data/raw/lean_left/nguoi3_ss1/frame_0080.jpg,ss1,nguoi3,lean_left,-1.017219,-12.922366,-0.033714,0.465659,0.473204,0.420969,0.586575,-0.006441,0.581408,0.044690,-0.113371,0.150759,0.354624,0.663898,0.722001,0.600921,0.500028,0.484341
D:/BTL/repo/smart-posture-monitor/data/raw/lean_left/nguoi3_ss1/frame_0081.jpg,ss1,nguoi3,lean_left,0.974397,-11.750063,-0.031310,0.456613,0.462817,0.412641,0.579993,-0.011580,0.580009,0.043972,-0.117176,0.153751,0.349307,0.650150,0.711804,0.597843,0.494809,0.482637
D:/BTL/repo/smart-posture-monitor/data/raw/lean_left/nguoi3_ss1/frame_0082.jpg,ss1,nguoi3,lean_left,-0.949746,-11.446119,-0.028162,0.461499,0.502743,0.413237,0.610265,-0.011117,0.593479,0.048262,-0.107522,0.141910,0.356150,0.682445,0.737013,0.580787,0.481972,0.481247
D:/BTL/repo/smart-posture-monitor/data/raw/lean_left/nguoi3_ss1/frame_0083.jpg,ss1,nguoi3,lean_left,-1.921180,-13.009690,-0.027099,0.505201,0.481997,0.455922,0.592027,0.037454,0.589873,0.049279,-0.110030,0.120379,0.360166,0.698247,0.747235,0.632762,0.530738,0.480025
D:/BTL/repo/smart-posture-monitor/data/raw/lean_left/nguoi3_ss1/frame_0091.jpg,ss1,nguoi3,lean_left,-6.337642,-4.597119,-0.017819,0.330684,0.365042,0.312799,0.510071,-0.087377,0.568405,0.017885,-0.145028,0.222321,0.293565,0.492552,0.598344,0.504957,0.416253,0.464900
D:/BTL/repo/smart-posture-monitor/data/raw/lean_left/nguoi3_ss1/frame_0092.jpg,ss1,nguoi3,lean_left,-7.382310,-9.205872,-0.034036,0.382081,0.411904,0.356937,0.549263,-0.059863,0.583570,0.025144,-0.137359,0.212751,0.312274,0.561828,0.655052,0.545065,0.450267,0.474114
D:/BTL/repo/smart-posture-monitor/data/raw/lean_left/nguoi3_ss1/frame_0093.jpg,ss1,nguoi3,lean_left,-4.194453,-9.700011,-0.030564,0.480057,0.420531,0.450976,0.561444,-0.011936,0.639752,0.029081,-0.140913,0.181402,0.378788,0.638202,0.720138,0.645466,0.540763,0.538623
D:/BTL/repo/smart-posture-monitor/data/raw/lean_left/nguoi3_ss1/frame_0094.jpg,ss1,nguoi3,lean_left,0.258099,-8.315678,-0.025170,0.520155,0.283404,0.511087,0.417025,0.061327,0.568921,0.009068,-0.133621,0.174036,0.389428,0.592350,0.659636,0.774669,0.676540,0.540410
D:/BTL/repo/smart-posture-monitor/data/raw/lean_left/nguoi3_ss1/frame_0095.jpg,ss1,nguoi3,lean_left,1.469781,-11.384314,-0.034138,0.507950,0.264177,0.508052,0.394892,0.081240,0.565303,-0.000102,-0.130715,0.172949,0.374838,0.572541,0.643473,0.777698,0.687665,0.522262
D:/BTL/repo/smart-posture-monitor/data/raw/lean_left/nguoi3_ss1/frame_0096.jpg,ss1,nguoi3,lean_left,1.840957,-11.058840,-0.033722,0.531619,0.290779,0.527049,0.428194,0.090019,0.586057,0.004569,-0.137415,0.175802,0.378041,0.605946,0.679067,0.779323,0.683688,0.531225
D:/BTL/repo/smart-posture-monitor/data/raw/lean_left/nguoi3_ss1/frame_0097.jpg,ss1,nguoi3,lean_left,-0.732186,-11.802389,-0.037555,0.522886,0.280705,0.518596,0.421314,0.077608,0.582053,0.004290,-0.140609,0.183609,0.378736,0.593469,0.668167,0.779067,0.680566,0.537664
D:/BTL/repo/smart-posture-monitor/data/raw/lean_left/nguoi3_ss1/frame_0098.jpg,ss1,nguoi3,lean_left,-0.602208,-13.530444,-0.043975,0.537531,0.269824,0.539142,0.411138,0.093890,0.590739,-0.001611,-0.141315,0.187957,0.387394,0.601452,0.678018,0.799621,0.704522,0.547543
D:/BTL/repo/smart-posture-monitor/data/raw/lean_left/nguoi3_ss1/frame_0099.jpg,ss1,nguoi3,lean_left,-0.077929,-11.619799,-0.038248,0.533634,0.248347,0.535167,0.387859,0.090547,0.570746,-0.001533,-0.139512,0.189896,0.387883,0.588593,0.660937,0.812436,0.715993,0.547966
D:/BTL/repo/smart-posture-monitor/data/raw/lean_left/nguoi3_ss1/frame_0100.jpg,ss1,nguoi3,lean_left,0.328176,-10.693794,-0.034762,0.534514,0.259806,0.533284,0.396893,0.079780,0.572868,0.001230,-0.137087,0.187337,0.394724,0.594310,0.664768,0.804550,0.708601,0.552079
D:/BTL/repo/smart-posture-monitor/data/raw/lean_left/nguoi3_ss1/frame_0101.jpg,ss1,nguoi3,lean_left,1.550335,-10.100469,-0.033239,0.511742,0.225021,0.512760,0.362096,0.072051,0.543842,-0.001018,-0.137075,0.189530,0.384659,0.559030,0.627723,0.811136,0.713224,0.543116
D:/BTL/repo/smart-posture-monitor/data/raw/lean_left/nguoi3_ss1/frame_0102.jpg,ss1,nguoi3,lean_left,1.292870,-11.934592,-0.041246,0.506762,0.229556,0.515037,0.366481,0.077135,0.563422,-0.008276,-0.136925,0.199451,0.383294,0.556331,0.632117,0.802945,0.712381,0.544100
D:/BTL/repo/smart-posture-monitor/data/raw/lean_left/nguoi3_ss1/frame_0103.jpg,ss1,nguoi3,lean_left,1.029526,-10.254024,-0.034609,0.502493,0.226510,0.507200,0.365152,0.069325,0.559277,-0.004707,-0.138643,0.194417,0.385200,0.551185,0.624970,0.801240,0.706125,0.546231
D:/BTL/repo/smart-posture-monitor/data/raw/lean_left/nguoi3_ss1/frame_0104.jpg,ss1,nguoi3,lean_left,0.709866,-9.876673,-0.033705,0.501406,0.246172,0.504301,0.383680,0.063714,0.566521,-0.002895,-0.137508,0.196498,0.381767,0.558577,0.633664,0.785044,0.691391,0.542400
D:/BTL/repo/smart-posture-monitor/data/raw/lean_left/nguoi3_ss1/frame_0105.jpg,ss1,nguoi3,lean_left,0.731849,-10.771352,-0.037031,0.501736,0.252115,0.504169,0.394086,0.062561,0.574706,-0.002434,-0.141971,0.198143,0.380536,0.561516,0.639914,0.780853,0.684623,0.544921
D:/BTL/repo/smart-posture-monitor/data/raw/lean_left/nguoi3_ss1/frame_0106.jpg,ss1,nguoi3,lean_left,-0.501811,-13.190206,-0.057986,0.321295,0.410230,0.321947,0.556620,-0.062679,0.596292,-0.000652,-0.146390,0.254121,0.261136,0.521075,0.643021,0.470584,0.408280,0.426679
D:/BTL/repo/smart-posture-monitor/data/raw/lean_left/nguoi3_ss1/frame_0107.jpg,ss1,nguoi3,lean_left,1.001693,-7.969262,-0.035506,0.205167,0.414393,0.205956,0.549845,-0.133157,0.546462,-0.000789,-0.135452,0.256099,0.213349,0.462401,0.587152,0.309339,0.271289,0.363188
D:/BTL/repo/smart-posture-monitor/data/raw/lean_left/nguoi3_ss1/frame_0108.jpg,ss1,nguoi3,lean_left,2.056187,-9.601908,-0.041690,0.211966,0.436964,0.207326,0.566352,-0.132317,0.536924,0.004640,-0.129388,0.249940,0.222186,0.485662,0.603108,0.312009,0.268621,0.358501
D:/BTL/repo/smart-posture-monitor/data/raw/lean_left/nguoi3_ss1/frame_0109.jpg,ss1,nguoi3,lean_left,1.561203,-7.964553,-0.033668,0.161914,0.459736,0.160397,0.576486,-0.158451,0.536866,0.001517,-0.116750,0.242986,0.206398,0.487415,0.598384,0.235242,0.207540,0.329520
D:/BTL/repo/smart-posture-monitor/data/raw/lean_left/nguoi3_ss1/frame_0110.jpg,ss1,nguoi3,lean_left,2.740913,-9.065119,-0.039053,0.160602,0.397581,0.163720,0.521773,-0.160741,0.505872,-0.003117,-0.124192,0.247864,0.205158,0.428793,0.546856,0.248272,0.223507,0.339099
D:/BTL/repo/smart-posture-monitor/data/raw/lean_left/nguoi3_ss1/frame_0111.jpg,ss1,nguoi3,lean_left,2.678020,-10.737460,-0.044211,0.182236,0.429679,0.187038,0.544835,-0.127012,0.523320,-0.004802,-0.115156,0.237298,0.202238,0.466727,0.576045,0.271855,0.248526,0.323114
D:/BTL/repo/smart-posture-monitor/data/raw/lean_left/nguoi3_ss1/frame_0112.jpg,ss1,nguoi3,lean_left,2.602526,-9.944327,-0.041549,0.194998,0.422301,0.193960,0.541101,-0.131559,0.513543,0.001038,-0.118800,0.240598,0.212595,0.465147,0.574813,0.292315,0.258332,0.339065
D:/BTL/repo/smart-posture-monitor/data/raw/lean_left/nguoi4_ss1/frame_0001.jpg,ss1,nguoi4,lean_left,5.329053,-15.501419,-0.053401,0.453014,0.279574,0.437005,0.441849,-0.081916,0.589072,0.016009,-0.162275,0.199807,0.439500,0.532338,0.621453,0.709681,0.589641,0.618012
D:/BTL/repo/smart-posture-monitor/data/raw/lean_left/nguoi4_ss1/frame_0002.jpg,ss1,nguoi4,lean_left,4.337895,-12.606465,-0.043692,0.429376,0.276861,0.410935,0.438413,-0.098492,0.575482,0.018441,-0.161552,0.200188,0.427565,0.510897,0.600894,0.684011,0.563576,0.606481
D:/BTL/repo/smart-posture-monitor/data/raw/lean_left/nguoi4_ss1/frame_0003.jpg,ss1,nguoi4,lean_left,5.133534,-12.323666,-0.042836,0.445892,0.276498,0.421581,0.438807,-0.098853,0.560181,0.024310,-0.162309,0.200701,0.434062,0.524663,0.608508,0.703733,0.574958,0.614184
D:/BTL/repo/smart-posture-monitor/data/raw/lean_left/nguoi4_ss1/frame_0004.jpg,ss1,nguoi4,lean_left,5.068063,-11.699163,-0.040988,0.439416,0.287230,0.413433,0.445124,-0.109143,0.561270,0.025984,-0.157894,0.202138,0.434271,0.524965,0.607505,0.688797,0.562654,0.613201
D:/BTL/repo/smart-posture-monitor/data/raw/lean_left/nguoi4_ss1/frame_0005.jpg,ss1,nguoi4,lean_left,6.593845,-14.432896,-0.049901,0.462888,0.266131,0.444232,0.434537,-0.083322,0.582903,0.018656,-0.168407,0.200209,0.447945,0.533939,0.621421,0.730283,0.601320,0.631419
D:/BTL/repo/smart-posture-monitor/data/raw/lean_left/nguoi4_ss1/frame_0006.jpg,ss1,nguoi4,lean_left,6.135037,-16.074043,-0.054803,0.461044,0.264667,0.445083,0.430622,-0.081376,0.585376,0.015961,-0.165955,0.197930,0.449770,0.531611,0.619301,0.729304,0.604456,0.630138
D:/BTL/repo/smart-posture-monitor/data/raw/lean_left/nguoi4_ss1/frame_0007.jpg,ss1,nguoi4,lean_left,5.941557,-14.302846,-0.049567,0.462353,0.260188,0.446031,0.430870,-0.078353,0.588177,0.016322,-0.170682,0.200639,0.447259,0.530536,0.620156,0.734008,0.605293,0.632409
D:/BTL/repo/smart-posture-monitor/data/raw/lean_left/nguoi4_ss1/frame_0008.jpg,ss1,nguoi4,lean_left,5.829836,-17.897669,-0.060713,0.475588,0.244178,0.463178,0.414290,-0.051375,0.578735,0.012410,-0.170112,0.197556,0.441415,0.534609,0.621426,0.760287,0.632575,0.624195
D:/BTL/repo/smart-posture-monitor/data/raw/lean_left/nguoi4_ss1/frame_0009.jpg,ss1,nguoi4,lean_left,6.005691,-16.411413,-0.057221,0.478102,0.239926,0.466938,0.404481,-0.046262,0.565668,0.011164,-0.164555,0.202528,0.436674,0.534926,0.617767,0.766175,0.642299,0.617305
D:/BTL/repo/smart-posture-monitor/data/raw/lean_left/nguoi4_ss1/frame_0010.jpg,ss1,nguoi4,lean_left,4.875040,-16.251492,-0.055276,0.473631,0.247191,0.457403,0.413342,-0.054151,0.560272,0.016228,-0.166152,0.197517,0.433479,0.534256,0.616497,0.755927,0.627288,0.613656
D:/BTL/repo/smart-posture-monitor/data/raw/lean_left/nguoi4_ss1/frame_0011.jpg,ss1,nguoi4,lean_left,5.665648,-17.197634,-0.059154,0.486362,0.246524,0.473060,0.414541,-0.043075,0.572226,0.013301,-0.168017,0.200070,0.439651,0.545272,0.628992,0.769801,0.642266,0.621598
D:/BTL/repo/smart-posture-monitor/data/raw/lean_left/nguoi4_ss1/frame_0012.jpg,ss1,nguoi4,lean_left,4.473987,-16.622335,-0.055581,0.474580,0.254207,0.455650,0.421596,-0.057590,0.562465,0.018930,-0.167389,0.194296,0.435104,0.538375,0.620774,0.751713,0.620592,0.615003
D:/BTL/repo/smart-posture-monitor/data/raw/lean_left/nguoi4_ss1/frame_0013.jpg,ss1,nguoi4,lean_left,6.355587,-18.653736,-0.065018,0.481949,0.235739,0.473591,0.401646,-0.035075,0.567426,0.008357,-0.165907,0.203279,0.433367,0.536514,0.620973,0.773421,0.650673,0.614271
D:/BTL/repo/smart-posture-monitor/data/raw/lean_left/nguoi4_ss1/frame_0014.jpg,ss1,nguoi4,lean_left,5.619259,-17.613132,-0.061441,0.478470,0.244316,0.471388,0.400961,-0.034374,0.563821,0.007082,-0.156645,0.203051,0.429812,0.537237,0.618851,0.763248,0.648907,0.604228
D:/BTL/repo/smart-posture-monitor/data/raw/lean_left/nguoi4_ss1/frame_0015.jpg,ss1,nguoi4,lean_left,5.559036,-17.846504,-0.060806,0.490996,0.235572,0.484038,0.395476,-0.026218,0.565852,0.006958,-0.159904,0.198410,0.438751,0.544583,0.625055,0.782866,0.664736,0.613673
D:/BTL/repo/smart-posture-monitor/data/raw/lean_left/nguoi4_ss1/frame_0016.jpg,ss1,nguoi4,lean_left,5.433630,-17.165508,-0.059445,0.501534,0.246783,0.494442,0.407495,-0.023798,0.580054,0.007092,-0.160712,0.201419,0.445534,0.558961,0.640722,0.784702,0.667161,0.622128
D:/BTL/repo/smart-posture-monitor/data/raw/lean_left/nguoi4_ss1/frame_0017.jpg,ss1,nguoi4,lean_left,6.247622,-19.424646,-0.063734,0.509014,0.251966,0.498923,0.418830,-0.008558,0.584528,0.010091,-0.166864,0.191643,0.438057,0.567963,0.651416,0.787871,0.664343,0.615206
D:/BTL/repo/smart-posture-monitor/data/raw/lean_left/nguoi4_ss1/frame_0018.jpg,ss1,nguoi4,lean_left,5.908145,-15.517138,-0.054304,0.480639,0.260429,0.460661,0.432147,-0.072303,0.575523,0.019978,-0.171718,0.202985,0.450424,0.546660,0.631632,0.753484,0.619452,0.636419
D:/BTL/repo/smart-posture-monitor/data/raw/lean_left/nguoi4_ss1/frame_0019.jpg,ss1,nguoi4,lean_left,6.571124,-17.848862,-0.063532,0.506951,0.245588,0.493412,0.418566,-0.041146,0.581130,0.013538,-0.172978,0.207276,0.455110,0.563305,0.647034,0.790780,0.659374,0.642649
D:/BTL/repo/smart-posture-monitor/data/raw/lean_left/nguoi4_ss1/frame_0020.jpg,ss1,nguoi4,lean_left,5.648449,-17.401007,-0.062146,0.474732,0.255646,0.462304,0.420573,-0.050344,0.570378,0.012428,-0.164927,0.207807,0.430208,0.539190,0.624986,0.750807,0.627936,0.612177
D:/BTL/repo/smart-posture-monitor/data/raw/lean_left/nguoi4_ss1/frame_0021.jpg,ss1,nguoi4,lean_left,4.544606,-17.518661,-0.055791,0.476289,0.291004,0.456656,0.448375,-0.054654,0.581345,0.019633,-0.157370,0.185341,0.435795,0.558153,0.639980,0.726767,0.606053,0.605143
D:/BTL/repo/smart-posture-monitor/data/raw/lean_left/nguoi4_ss1/frame_0022.jpg,ss1,nguoi4,lean_left,5.847274,-17.233036,-0.058590,0.476058,0.264719,0.461338,0.426551,-0.049404,0.573072,0.014721,-0.161832,0.197765,0.432489,0.544709,0.628314,0.745519,0.623421,0.609256
D:/BTL/repo/smart-posture-monitor/data/raw/lean_left/nguoi4_ss1/frame_0023.jpg,ss1,nguoi4,lean_left,5.874279,-18.238283,-0.062763,0.489936,0.245787,0.475072,0.414755,-0.040467,0.565277,0.014865,-0.168968,0.200541,0.436865,0.548132,0.630646,0.774000,0.644113,0.619194
D:/BTL/repo/smart-posture-monitor/data/raw/lean_left/nguoi4_ss1/frame_0024.jpg,ss1,nguoi4,lean_left,6.431140,-18.288595,-0.059725,0.509377,0.221750,0.500511,0.388958,-0.005191,0.561892,0.008866,-0.167208,0.190325,0.439297,0.555552,0.633877,0.811500,0.684500,0.616828
D:/BTL/repo/smart-posture-monitor/data/raw/lean_left/nguoi4_ss1/frame_0025.jpg,ss1,nguoi4,lean_left,6.053101,-16.634277,-0.054145,0.502720,0.230452,0.490849,0.393700,-0.014518,0.555424,0.011870,-0.163249,0.189146,0.436062,0.553024,0.629232,0.798393,0.672393,0.610854
D:/BTL/repo/smart-posture-monitor/data/raw/lean_left/nguoi4_ss1/frame_0026.jpg,ss1,nguoi4,lean_left,4.882121,-16.821096,-0.058988,0.494796,0.256468,0.476523,0.427039,-0.049565,0.575248,0.018273,-0.170571,0.203841,0.444668,0.557314,0.639872,0.770803,0.638130,0.630832
D:/BTL/repo/smart-posture-monitor/data/raw/lean_left/nguoi4_ss1/frame_0027.jpg,ss1,nguoi4,lean_left,6.285676,-17.282408,-0.060009,0.492447,0.241852,0.477476,0.416603,-0.051068,0.581843,0.014971,-0.174751,0.201994,0.452775,0.548632,0.633673,0.779521,0.645341,0.641095
D:/BTL/repo/smart-posture-monitor/data/raw/lean_left/nguoi4_ss1/frame_0028.jpg,ss1,nguoi4,lean_left,6.654556,-18.785780,-0.065370,0.489473,0.237797,0.476141,0.410828,-0.049445,0.570539,0.013332,-0.173032,0.202994,0.447886,0.544179,0.628880,0.779616,0.647550,0.633364
D:/BTL/repo/smart-posture-monitor/data/raw/lean_left/nguoi4_ss1/frame_0029.jpg,ss1,nguoi4,lean_left,5.466987,-18.201660,-0.062299,0.493473,0.219447,0.483234,0.385821,-0.033799,0.550699,0.010240,-0.166374,0.199445,0.442967,0.540067,0.618363,0.797878,0.670038,0.622691
D:/BTL/repo/smart-posture-monitor/data/raw/lean_left/nguoi4_ss1/frame_0030.jpg,ss1,nguoi4,lean_left,6.974415,-17.411161,-0.061943,0.492155,0.209163,0.482187,0.380100,-0.049858,0.554408,0.009968,-0.170937,0.207011,0.456375,0.534758,0.613987,0.804653,0.672653,0.642629
D:/BTL/repo/smart-posture-monitor/data/raw/lean_left/nguoi4_ss1/frame_0031.jpg,ss1,nguoi4,lean_left,6.988269,-18.248941,-0.064539,0.491994,0.214397,0.481532,0.384832,-0.055527,0.559272,0.010461,-0.170435,0.206100,0.461630,0.536679,0.616416,0.800351,0.669003,0.647084
D:/BTL/repo/smart-posture-monitor/data/raw/lean_left/nguoi4_ss1/frame_0032.jpg,ss1,nguoi4,lean_left,5.754074,-15.310731,-0.054390,0.491264,0.213393,0.478077,0.383708,-0.052806,0.549189,0.013187,-0.170315,0.205981,0.453162,0.535609,0.613017,0.800400,0.666316,0.639352
D:/BTL/repo/smart-posture-monitor/data/raw/lean_left/nguoi4_ss1/frame_0033.jpg,ss1,nguoi4,lean_left,5.821567,-14.749660,-0.053973,0.503139,0.205061,0.487881,0.379911,-0.056435,0.549567,0.015258,-0.174850,0.211995,0.464277,0.543322,0.618353,0.818799,0.678311,0.657121
D:/BTL/repo/smart-posture-monitor/data/raw/lean_left/nguoi4_ss1/frame_0034.jpg,ss1,nguoi4,lean_left,3.309969,-8.284111,-0.040985,0.127407,0.318361,0.134747,0.483478,-0.227823,0.536224,-0.007340,-0.165117,0.284459,0.224157,0.342909,0.501904,0.213478,0.191969,0.416717
D:/BTL/repo/smart-posture-monitor/data/raw/lean_left/nguoi4_ss1/frame_0035.jpg,ss1,nguoi4,lean_left,5.572299,-11.185568,-0.051784,0.268650,0.295832,0.266362,0.464258,-0.180382,0.571491,0.002289,-0.168427,0.266947,0.326112,0.399611,0.535242,0.448062,0.376284,0.526894
D:/BTL/repo/smart-posture-monitor/data/raw/lean_left/nguoi4_ss1/frame_0036.jpg,ss1,nguoi4,lean_left,5.237871,-15.455521,-0.053879,0.475366,0.247593,0.454697,0.417443,-0.073205,0.554257,0.020669,-0.169851,0.202179,0.444269,0.535981,0.617259,0.757486,0.622078,0.628469
D:/BTL/repo/smart-posture-monitor/data/raw/lean_left/nguoi4_ss1/frame_0037.jpg,ss1,nguoi4,lean_left,6.276700,-15.714380,-0.056474,0.479413,0.222953,0.465250,0.389208,-0.052503,0.537589,0.014163,-0.166255,0.208514,0.434340,0.528720,0.606581,0.780568,0.650009,0.618006
D:/BTL/repo/smart-posture-monitor/data/raw/lean_left/nguoi4_ss1/frame_0038.jpg,ss1,nguoi4,lean_left,5.922155,-15.716957,-0.055747,0.484799,0.226873,0.467126,0.396398,-0.062491,0.541773,0.017673,-0.169525,0.205796,0.446312,0.535258,0.612649,0.783213,0.647451,0.631418
D:/BTL/repo/smart-posture-monitor/data/raw/lean_left/nguoi4_ss1/frame_0039.jpg,ss1,nguoi4,lean_left,5.647452,-15.308426,-0.053929,0.477942,0.238520,0.457583,0.410422,-0.081863,0.552666,0.020359,-0.171903,0.204267,0.455757,0.534153,0.614678,0.767072,0.629223,0.641926
D:/BTL/repo/smart-posture-monitor/data/raw/lean_left/nguoi4_ss1/frame_0040.jpg,ss1,nguoi4,lean_left,7.258346,-12.344313,-0.044949,0.450594,0.232250,0.433417,0.395334,-0.092994,0.538022,0.017178,-0.163084,0.210253,0.440438,0.506928,0.586634,0.741108,0.612782,0.623687
D:/BTL/repo/smart-posture-monitor/data/raw/lean_left/nguoi4_ss1/frame_0041.jpg,ss1,nguoi4,lean_left,8.125022,-14.946603,-0.057227,0.431581,0.241564,0.424130,0.413681,-0.084399,0.581044,0.007451,-0.172117,0.221881,0.424649,0.494586,0.592468,0.711325,0.591915,0.617642
D:/BTL/repo/smart-posture-monitor/data/raw/lean_left/nguoi4_ss1/frame_0042.jpg,ss1,nguoi4,lean_left,3.528470,-9.674330,-0.047488,0.126742,0.330961,0.136456,0.485614,-0.224789,0.529621,-0.009714,-0.154653,0.282585,0.222885,0.354400,0.504422,0.209905,0.193943,0.403782
D:/BTL/repo/smart-posture-monitor/data/raw/lean_left/nguoi4_ss1/frame_0043.jpg,ss1,nguoi4,lean_left,8.156408,-11.709144,-0.046855,0.401628,0.253853,0.387776,0.422038,-0.111818,0.556147,0.013852,-0.168185,0.230879,0.402090,0.475128,0.573137,0.664436,0.546282,0.595826
D:/BTL/repo/smart-posture-monitor/data/raw/lean_left/nguoi4_ss1/frame_0044.jpg,ss1,nguoi4,lean_left,6.191700,-14.097976,-0.051685,0.481880,0.214005,0.463590,0.382046,-0.063261,0.519493,0.018290,-0.168041,0.212190,0.438395,0.527263,0.600729,0.790160,0.652787,0.624901
D:/BTL/repo/smart-posture-monitor/data/raw/lean_left/nguoi4_ss1/frame_0045.jpg,ss1,nguoi4,lean_left,5.616302,-14.857231,-0.054858,0.482560,0.217752,0.463936,0.390124,-0.079734,0.536153,0.018624,-0.172372,0.213946,0.455967,0.529414,0.606163,0.787950,0.648102,0.646184
D:/BTL/repo/smart-posture-monitor/data/raw/lean_left/nguoi4_ss1/frame_0046.jpg,ss1,nguoi4,lean_left,6.444439,-14.855106,-0.054041,0.478910,0.214302,0.460557,0.382500,-0.086833,0.532057,0.018354,-0.168198,0.210787,0.462063,0.524672,0.598681,0.786756,0.649385,0.648872
D:/BTL/repo/smart-posture-monitor/data/raw/lean_left/nguoi4_ss1/frame_0047.jpg,ss1,nguoi4,lean_left,6.905173,-9.427110,-0.035091,0.420443,0.246794,0.404069,0.405334,-0.110487,0.543118,0.016374,-0.158540,0.214239,0.426195,0.487523,0.572335,0.693654,0.574244,0.608025
D:/BTL/repo/smart-posture-monitor/data/raw/lean_left/nguoi4_ss1/frame_0048.jpg,ss1,nguoi4,lean_left,6.569552,-6.620687,-0.026598,0.347044,0.297933,0.332993,0.452047,-0.159229,0.581564,0.014051,-0.154114,0.230696,0.395121,0.457388,0.561454,0.563011,0.465836,0.580309
D:/BTL/repo/smart-posture-monitor/data/raw/lean_left/nguoi4_ss1/frame_0049.jpg,ss1,nguoi4,lean_left,8.516488,-10.303967,-0.038133,0.404434,0.284279,0.393127,0.437356,-0.107384,0.580288,0.011307,-0.153077,0.213190,0.414571,0.494350,0.588073,0.648146,0.544238,0.591252
D:/BTL/repo/smart-posture-monitor/data/raw/lean_left/nguoi4_ss1/frame_0050.jpg,ss1,nguoi4,lean_left,7.573761,-13.463225,-0.046410,0.441620,0.325616,0.428244,0.479295,-0.070379,0.617370,0.013377,-0.153678,0.199338,0.417794,0.548685,0.642741,0.665522,0.560045,0.589291
D:/BTL/repo/smart-posture-monitor/data/raw/lean_left/nguoi4_ss1/frame_0051.jpg,ss1,nguoi4,lean_left,8.369231,-14.292741,-0.049108,0.457819,0.316199,0.444887,0.476108,-0.057182,0.626906,0.012932,-0.159909,0.198918,0.424877,0.556399,0.651616,0.689662,0.578772,0.601469
D:/BTL/repo/smart-posture-monitor/data/raw/lean_left/nguoi4_ss1/frame_0052.jpg,ss1,nguoi4,lean_left,8.689709,-14.972757,-0.051755,0.472534,0.294333,0.460385,0.460470,-0.038429,0.616575,0.012148,-0.166137,0.200321,0.422620,0.556704,0.651143,0.720486,0.602899,0.604088
D:/BTL/repo/smart-posture-monitor/data/raw/lean_left/nguoi4_ss1/frame_0053.jpg,ss1,nguoi4,lean_left,7.041033,-16.573956,-0.054415,0.480314,0.296960,0.462117,0.460055,-0.057079,0.600046,0.018197,-0.163095,0.190762,0.442396,0.564700,0.652076,0.726693,0.604840,0.616971
D:/BTL/repo/smart-posture-monitor/data/raw/lean_left/nguoi4_ss1/frame_0054.jpg,ss1,nguoi4,lean_left,6.290659,-12.914297,-0.047109,0.444443,0.302172,0.427090,0.465994,-0.087278,0.598875,0.017353,-0.163821,0.210785,0.425913,0.537436,0.632105,0.684368,0.565953,0.608901
D:/BTL/repo/smart-posture-monitor/data/raw/lean_left/nguoi4_ss1/frame_0055.jpg,ss1,nguoi4,lean_left,8.363912,-14.845605,-0.053676,0.446624,0.292893,0.434456,0.450774,-0.070740,0.589532,0.012169,-0.157881,0.209495,0.419162,0.534097,0.626058,0.693183,0.581985,0.596372
D:/BTL/repo/smart-posture-monitor/data/raw/lean_left/nguoi4_ss1/frame_0056.jpg,ss1,nguoi4,lean_left,7.507933,-13.078857,-0.047355,0.444184,0.307026,0.430679,0.468858,-0.069804,0.612208,0.013505,-0.161832,0.209264,0.416144,0.539967,0.636641,0.680790,0.568154,0.597762
D:/BTL/repo/smart-posture-monitor/data/raw/lean_left/nguoi4_ss1/frame_0057.jpg,ss1,nguoi4,lean_left,7.409849,-13.598042,-0.050409,0.431502,0.312321,0.418969,0.470254,-0.087675,0.608995,0.012533,-0.157933,0.214407,0.418154,0.532671,0.629820,0.662722,0.555116,0.597963
D:/BTL/repo/smart-posture-monitor/data/raw/lean_left/nguoi4_ss1/frame_0058.jpg,ss1,nguoi4,lean_left,7.578777,-14.183142,-0.049967,0.460815,0.296024,0.447738,0.459621,-0.058286,0.611353,0.013077,-0.163598,0.203928,0.426440,0.547705,0.641655,0.706777,0.590725,0.607370
D:/BTL/repo/smart-posture-monitor/data/raw/lean_left/nguoi4_ss1/frame_0059.jpg,ss1,nguoi4,lean_left,7.549327,-13.720097,-0.047240,0.471830,0.301356,0.455201,0.471247,-0.049194,0.617753,0.016629,-0.169892,0.199173,0.425769,0.559856,0.655196,0.714812,0.591749,0.609568
D:/BTL/repo/smart-posture-monitor/data/raw/lean_left/nguoi4_ss1/frame_0060.jpg,ss1,nguoi4,lean_left,7.406533,-14.131070,-0.049129,0.464888,0.286901,0.450737,0.450352,-0.046474,0.597471,0.014151,-0.163450,0.201233,0.418008,0.546290,0.637166,0.717597,0.598968,0.598284
D:/BTL/repo/smart-posture-monitor/data/raw/lean_left/nguoi4_ss1/frame_0061.jpg,ss1,nguoi4,lean_left,5.953057,-16.679367,-0.056534,0.474089,0.314101,0.458698,0.473349,-0.057987,0.610021,0.015391,-0.159249,0.196971,0.436033,0.568700,0.659138,0.708311,0.594039,0.608830
D:/BTL/repo/smart-posture-monitor/data/raw/lean_left/nguoi4_ss1/frame_0062.jpg,ss1,nguoi4,lean_left,5.999854,-15.877554,-0.054142,0.476440,0.320636,0.457464,0.480175,-0.061147,0.604746,0.018977,-0.159539,0.197899,0.434516,0.574285,0.663205,0.706237,0.589067,0.608045
D:/BTL/repo/smart-posture-monitor/data/raw/lean_left/nguoi4_ss1/frame_0063.jpg,ss1,nguoi4,lean_left,6.275773,-15.623200,-0.053348,0.477719,0.318889,0.459412,0.477735,-0.057099,0.604310,0.018307,-0.158847,0.198090,0.432812,0.574373,0.662789,0.708742,0.592319,0.606214
D:/BTL/repo/smart-posture-monitor/data/raw/lean_left/nguoi4_ss1/frame_0064.jpg,ss1,nguoi4,lean_left,6.096995,-15.814547,-0.053840,0.473330,0.318241,0.453744,0.479552,-0.065166,0.604254,0.019586,-0.161311,0.197560,0.435001,0.570367,0.660192,0.704679,0.585742,0.609739
D:/BTL/repo/smart-posture-monitor/data/raw/lean_left/nguoi4_ss1/frame_0065.jpg,ss1,nguoi4,lean_left,6.282380,-16.909916,-0.052666,0.512019,0.322531,0.490794,0.482926,-0.033786,0.616237,0.021225,-0.160395,0.181067,0.450837,0.605136,0.688547,0.739417,0.619207,0.619812
D:/BTL/repo/smart-posture-monitor/data/raw/lean_left/nguoi4_ss1/frame_0066.jpg,ss1,nguoi4,lean_left,6.386246,-17.210058,-0.054878,0.509845,0.317973,0.489073,0.482295,-0.039331,0.618145,0.020772,-0.164322,0.185475,0.452983,0.600874,0.686878,0.740598,0.617978,0.625858
D:/BTL/repo/smart-posture-monitor/data/raw/lean_left/nguoi4_ss1/frame_0067.jpg,ss1,nguoi4,lean_left,5.971275,-16.637180,-0.051702,0.489472,0.322121,0.469320,0.479675,-0.041868,0.609774,0.020152,-0.157554,0.180581,0.437285,0.585956,0.671081,0.718292,0.600857,0.604208
D:/BTL/repo/smart-posture-monitor/data/raw/lean_left/nguoi4_ss1/frame_0068.jpg,ss1,nguoi4,lean_left,6.297158,-15.121275,-0.048731,0.478918,0.317627,0.457967,0.478365,-0.057687,0.606914,0.020952,-0.160738,0.186808,0.438052,0.574673,0.662243,0.710833,0.590555,0.609616
D:/BTL/repo/smart-posture-monitor/data/raw/lean_left/nguoi4_ss1/frame_0069.jpg,ss1,nguoi4,lean_left,6.687346,-15.360559,-0.048689,0.486363,0.311543,0.465028,0.471601,-0.050746,0.602339,0.021335,-0.160058,0.183809,0.440204,0.577588,0.662313,0.722553,0.601203,0.610777
D:/BTL/repo/smart-posture-monitor/data/raw/lean_left/nguoi4_ss1/frame_0070.jpg,ss1,nguoi4,lean_left,7.100623,-15.280047,-0.053316,0.458827,0.352688,0.437798,0.512031,-0.066088,0.626016,0.021029,-0.159342,0.202310,0.415585,0.578715,0.673678,0.666551,0.552681,0.591813
D:/BTL/repo/smart-posture-monitor/data/raw/lean_left/nguoi4_ss1/frame_0071.jpg,ss1,nguoi4,lean_left,5.918233,-8.945203,-0.042511,0.128876,0.402898,0.140074,0.554578,-0.198956,0.577845,-0.011198,-0.151680,0.273401,0.204002,0.423008,0.571994,0.199091,0.185769,0.371592
D:/BTL/repo/smart-posture-monitor/data/raw/lean_left/nguoi4_ss1/frame_0072.jpg,ss1,nguoi4,lean_left,6.461475,-13.877525,-0.066364,0.213820,0.447247,0.216595,0.594668,-0.162112,0.591157,-0.002775,-0.147421,0.276694,0.247138,0.495731,0.632886,0.311390,0.272455,0.402536
D:/BTL/repo/smart-posture-monitor/data/raw/lean_left/nguoi5_ss2/frame_0038.jpg,ss2,nguoi5,lean_left,7.474803,-1.843919,-0.008635,-0.109766,0.866854,-0.084043,0.953367,-0.368486,0.791180,-0.025723,-0.086513,0.268361,0.224329,0.873776,0.957064,-0.109194,-0.077882,0.269560
D:/BTL/repo/smart-posture-monitor/data/raw/lean_left/nguoi5_ss2/frame_0039.jpg,ss2,nguoi5,lean_left,6.643204,0.890021,0.003992,-0.154133,0.809495,-0.122231,0.916222,-0.376474,0.776565,-0.031902,-0.106727,0.256975,0.186464,0.824039,0.924339,-0.160468,-0.116489,0.224766
D:/BTL/repo/smart-posture-monitor/data/raw/lean_left/nguoi5_ss2/frame_0040.jpg,ss2,nguoi5,lean_left,7.073481,1.736692,0.007797,-0.169543,0.812800,-0.133649,0.918756,-0.380095,0.771765,-0.035894,-0.105956,0.257279,0.185386,0.830294,0.928426,-0.175649,-0.126971,0.214514
D:/BTL/repo/smart-posture-monitor/data/raw/lean_left/nguoi5_ss2/frame_0041.jpg,ss2,nguoi5,lean_left,6.957823,2.068740,0.009129,-0.190382,0.821534,-0.149429,0.924330,-0.383193,0.771213,-0.040952,-0.102796,0.252893,0.183310,0.843305,0.936331,-0.195159,-0.141088,0.199270
D:/BTL/repo/smart-posture-monitor/data/raw/lean_left/nguoi5_ss2/frame_0042.jpg,ss2,nguoi5,lean_left,8.184201,0.276953,0.001317,-0.189529,0.876711,-0.148886,0.975102,-0.409161,0.820328,-0.040642,-0.098391,0.272405,0.197854,0.896963,0.986403,-0.185318,-0.134881,0.226754
D:/BTL/repo/smart-posture-monitor/data/raw/lean_left/nguoi5_ss2/frame_0069.jpg,ss2,nguoi5,lean_left,6.009272,3.829368,0.016969,-0.210424,0.835099,-0.170389,0.940069,-0.398267,0.784509,-0.040035,-0.104970,0.254089,0.178482,0.861202,0.955386,-0.212519,-0.158443,0.194536
D:/BTL/repo/smart-posture-monitor/data/raw/lean_left/nguoi5_ss2/frame_0070.jpg,ss2,nguoi5,lean_left,6.104047,4.716908,0.021020,-0.213773,0.831434,-0.176496,0.935740,-0.405278,0.773821,-0.037277,-0.104306,0.255613,0.182231,0.858476,0.952239,-0.216467,-0.164584,0.199983
D:/BTL/repo/smart-posture-monitor/data/raw/lean_left/nguoi5_ss2/frame_0071.jpg,ss2,nguoi5,lean_left,6.180578,4.799318,0.021338,-0.201381,0.826000,-0.167042,0.929816,-0.398936,0.767820,-0.034339,-0.103816,0.255039,0.184086,0.850194,0.944702,-0.205288,-0.156702,0.205944
D:/BTL/repo/smart-posture-monitor/data/raw/lean_left/nguoi6_ss2/frame_0001.jpg,ss2,nguoi6,lean_left,17.558256,-11.619561,-0.043141,0.198359,0.603439,0.184271,0.688503,-0.158399,0.619110,0.014088,-0.085065,0.214191,0.254575,0.635204,0.712736,0.248324,0.213259,0.357102
D:/BTL/repo/smart-posture-monitor/data/raw/lean_left/nguoi6_ss2/frame_0002.jpg,ss2,nguoi6,lean_left,15.818693,-7.357118,-0.025822,0.244388,0.636487,0.206737,0.720800,-0.168027,0.627580,0.037651,-0.084313,0.201651,0.294553,0.681792,0.749862,0.293507,0.231295,0.412512
D:/BTL/repo/smart-posture-monitor/data/raw/lean_left/nguoi6_ss2/frame_0003.jpg,ss2,nguoi6,lean_left,14.918016,-9.789497,-0.034929,0.209686,0.608693,0.190412,0.693950,-0.149029,0.615928,0.019274,-0.085256,0.205427,0.256647,0.643798,0.719599,0.260585,0.219019,0.358788
D:/BTL/repo/smart-posture-monitor/data/raw/lean_left/nguoi6_ss2/frame_0004.jpg,ss2,nguoi6,lean_left,14.836405,-9.184418,-0.033037,0.223590,0.611656,0.196389,0.695004,-0.159383,0.604073,0.027201,-0.083348,0.206981,0.275431,0.651242,0.722218,0.276262,0.225438,0.383048
D:/BTL/repo/smart-posture-monitor/data/raw/lean_left/nguoi6_ss2/frame_0005.jpg,ss2,nguoi6,lean_left,15.081356,-11.301009,-0.040361,0.250153,0.625912,0.218034,0.708360,-0.158905,0.615538,0.032119,-0.082448,0.205960,0.298196,0.674049,0.741156,0.303047,0.246220,0.409190
D:/BTL/repo/smart-posture-monitor/data/raw/lean_left/nguoi6_ss2/frame_0006.jpg,ss2,nguoi6,lean_left,16.233919,-11.020588,-0.039031,0.230093,0.612066,0.203619,0.695462,-0.156576,0.614922,0.026475,-0.083396,0.204176,0.278577,0.653887,0.724657,0.283777,0.233334,0.386679
D:/BTL/repo/smart-posture-monitor/data/raw/lean_left/nguoi6_ss2/frame_0007.jpg,ss2,nguoi6,lean_left,15.799686,-10.359785,-0.037893,0.232630,0.610162,0.206225,0.698020,-0.158424,0.616725,0.026405,-0.087858,0.210720,0.279594,0.653004,0.727846,0.287267,0.235647,0.391109
D:/BTL/repo/smart-posture-monitor/data/raw/lean_left/nguoi6_ss2/frame_0008.jpg,ss2,nguoi6,lean_left,15.239940,-11.797729,-0.041248,0.245305,0.595185,0.221483,0.681796,-0.140512,0.617737,0.023822,-0.086612,0.201742,0.276540,0.643754,0.716869,0.306404,0.256175,0.386476
D:/BTL/repo/smart-posture-monitor/data/raw/lean_left/nguoi6_ss2/frame_0009.jpg,ss2,nguoi6,lean_left,15.234421,-12.431505,-0.044436,0.246528,0.590076,0.226004,0.677056,-0.131943,0.614114,0.020523,-0.086980,0.206418,0.270892,0.639504,0.713781,0.309361,0.262321,0.379233
D:/BTL/repo/smart-posture-monitor/data/raw/lean_left/nguoi6_ss2/frame_0010.jpg,ss2,nguoi6,lean_left,16.438190,-12.189524,-0.042711,0.261180,0.604343,0.237799,0.691425,-0.126737,0.630273,0.023381,-0.087082,0.202282,0.278193,0.658366,0.731175,0.322099,0.271675,0.388783
D:/BTL/repo/smart-posture-monitor/data/raw/lean_left/nguoi6_ss2/frame_0011.jpg,ss2,nguoi6,lean_left,14.911201,-10.403477,-0.036482,0.242032,0.620944,0.214230,0.703132,-0.145482,0.616208,0.027803,-0.082188,0.202029,0.280795,0.666447,0.735043,0.295168,0.243271,0.387543
D:/BTL/repo/smart-posture-monitor/data/raw/lean_left/nguoi6_ss2/frame_0012.jpg,ss2,nguoi6,lean_left,15.183246,-9.790807,-0.035048,0.239564,0.616651,0.214658,0.705866,-0.143263,0.630636,0.024906,-0.089215,0.206103,0.272633,0.661551,0.737783,0.293527,0.243123,0.383082
D:/BTL/repo/smart-posture-monitor/data/raw/lean_left/nguoi6_ss2/frame_0013.jpg,ss2,nguoi6,lean_left,15.429214,-11.355208,-0.040439,0.239275,0.624477,0.214805,0.709998,-0.146121,0.633215,0.024470,-0.085520,0.205388,0.277733,0.668748,0.741780,0.291010,0.242358,0.385495
D:/BTL/repo/smart-posture-monitor/data/raw/lean_left/nguoi6_ss2/frame_0014.jpg,ss2,nguoi6,lean_left,16.140060,-8.512739,-0.029601,0.259217,0.609378,0.230000,0.697617,-0.129767,0.619901,0.029217,-0.088239,0.199964,0.276805,0.662220,0.734554,0.318301,0.261693,0.389126
D:/BTL/repo/smart-posture-monitor/data/raw/lean_left/nguoi6_ss2/frame_0015.jpg,ss2,nguoi6,lean_left,15.676650,-10.284499,-0.035538,0.243617,0.617985,0.216158,0.700607,-0.140225,0.616056,0.027459,-0.082622,0.199054,0.277973,0.664270,0.733195,0.297830,0.245944,0.383847
D:/BTL/repo/smart-posture-monitor/data/raw/lean_left/nguoi6_ss2/frame_0016.jpg,ss2,nguoi6,lean_left,15.187863,-10.052423,-0.034129,0.278497,0.634900,0.242678,0.713417,-0.133704,0.621080,0.035819,-0.078516,0.195528,0.300724,0.693296,0.753562,0.332138,0.271417,0.412432
D:/BTL/repo/smart-posture-monitor/data/raw/lean_left/nguoi6_ss2/frame_0017.jpg,ss2,nguoi6,lean_left,14.444252,-7.197867,-0.026575,0.192681,0.574438,0.176072,0.671620,-0.155658,0.606304,0.016609,-0.097182,0.212097,0.239769,0.605892,0.694316,0.248403,0.207312,0.349794
D:/BTL/repo/smart-posture-monitor/data/raw/lean_left/nguoi6_ss2/frame_0018.jpg,ss2,nguoi6,lean_left,14.220058,-7.643628,-0.028392,0.195483,0.566317,0.180238,0.665743,-0.151251,0.605214,0.015245,-0.099426,0.213457,0.237757,0.599106,0.689709,0.253892,0.213254,0.348909
D:/BTL/repo/smart-posture-monitor/data/raw/lean_left/nguoi6_ss2/frame_0019.jpg,ss2,nguoi6,lean_left,14.051131,-7.667124,-0.027376,0.205011,0.566662,0.186326,0.662653,-0.148424,0.602784,0.018684,-0.095991,0.205194,0.244403,0.602607,0.688351,0.265668,0.220875,0.355276
D:/BTL/repo/smart-posture-monitor/data/raw/lean_left/nguoi6_ss2/frame_0020.jpg,ss2,nguoi6,lean_left,14.179465,-8.219070,-0.029513,0.222934,0.546991,0.204492,0.648971,-0.143304,0.603495,0.018443,-0.101980,0.206444,0.252911,0.590677,0.680427,0.293391,0.244764,0.370572
D:/BTL/repo/smart-posture-monitor/data/raw/lean_left/nguoi6_ss2/frame_0021.jpg,ss2,nguoi6,lean_left,15.764223,-10.308877,-0.034920,0.280658,0.593684,0.250761,0.689534,-0.126014,0.634522,0.029897,-0.095849,0.195133,0.289985,0.656681,0.733715,0.347852,0.286166,0.408718
D:/BTL/repo/smart-posture-monitor/data/raw/lean_left/nguoi6_ss2/frame_0022.jpg,ss2,nguoi6,lean_left,16.810120,-12.065195,-0.041930,0.232388,0.605980,0.208444,0.692215,-0.152301,0.625951,0.023944,-0.086235,0.200598,0.276767,0.649012,0.722918,0.288140,0.239372,0.385207
D:/BTL/repo/smart-posture-monitor/data/raw/lean_left/nguoi6_ss2/frame_0023.jpg,ss2,nguoi6,lean_left,16.197639,-8.466064,-0.029737,0.221587,0.594670,0.192143,0.687413,-0.173249,0.617812,0.029444,-0.092742,0.201983,0.278614,0.634613,0.713761,0.278433,0.222298,0.395513
D:/BTL/repo/smart-posture-monitor/data/raw/lean_left/nguoi6_ss2/frame_0024.jpg,ss2,nguoi6,lean_left,17.330469,-8.358858,-0.029270,0.208210,0.592593,0.180566,0.683828,-0.176193,0.610713,0.027644,-0.091236,0.201342,0.271716,0.628106,0.707266,0.262896,0.210017,0.384829
D:/BTL/repo/smart-posture-monitor/data/raw/lean_left/nguoi6_ss2/frame_0025.jpg,ss2,nguoi6,lean_left,17.770529,-6.820305,-0.024421,0.203933,0.587869,0.177430,0.682986,-0.172125,0.610331,0.026503,-0.095117,0.205637,0.261612,0.622237,0.705657,0.258908,0.206639,0.376729
D:/BTL/repo/smart-posture-monitor/data/raw/lean_left/nguoi6_ss2/frame_0026.jpg,ss2,nguoi6,lean_left,16.965488,-10.205439,-0.036105,0.196350,0.589533,0.175189,0.679484,-0.173282,0.615335,0.021162,-0.089952,0.203776,0.261454,0.621371,0.701705,0.249251,0.204776,0.370532
D:/BTL/repo/smart-posture-monitor/data/raw/lean_left/nguoi6_ss2/frame_0027.jpg,ss2,nguoi6,lean_left,17.784319,-8.660167,-0.030374,0.187137,0.561322,0.167766,0.658037,-0.176648,0.606492,0.019371,-0.096715,0.201723,0.253639,0.591695,0.679086,0.244641,0.200358,0.366579
D:/BTL/repo/smart-posture-monitor/data/raw/lean_left/nguoi6_ss2/frame_0028.jpg,ss2,nguoi6,lean_left,18.314735,-5.708756,-0.020573,0.184236,0.549275,0.162820,0.647977,-0.176106,0.600352,0.021416,-0.098702,0.206826,0.243027,0.579350,0.668120,0.243860,0.196477,0.363945
D:/BTL/repo/smart-posture-monitor/data/raw/lean_left/nguoi6_ss2/frame_0029.jpg,ss2,nguoi6,lean_left,18.226337,-8.131866,-0.028806,0.175999,0.536974,0.161473,0.635681,-0.170108,0.605310,0.014526,-0.098707,0.203647,0.235085,0.565081,0.655868,0.236167,0.197206,0.352789
D:/BTL/repo/smart-posture-monitor/data/raw/lean_left/nguoi6_ss2/frame_0030.jpg,ss2,nguoi6,lean_left,17.877335,-7.126594,-0.025403,0.168420,0.535839,0.152573,0.634606,-0.176961,0.597568,0.015847,-0.098767,0.204763,0.233308,0.561684,0.652690,0.226551,0.186777,0.350854
D:/BTL/repo/smart-posture-monitor/data/raw/lean_left/nguoi6_ss2/frame_0031.jpg,ss2,nguoi6,lean_left,18.069101,-7.586911,-0.027580,0.163592,0.542578,0.150391,0.644540,-0.185098,0.609369,0.013201,-0.101962,0.208891,0.237069,0.566704,0.661853,0.218768,0.182412,0.355030
D:/BTL/repo/smart-posture-monitor/data/raw/lean_left/nguoi6_ss2/frame_0032.jpg,ss2,nguoi6,lean_left,17.844818,-6.803125,-0.025200,0.152627,0.548724,0.139956,0.651332,-0.189696,0.613089,0.012671,-0.102607,0.212732,0.229732,0.569556,0.666199,0.203220,0.168893,0.348322
D:/BTL/repo/smart-posture-monitor/data/raw/lean_left/nguoi6_ss2/frame_0033.jpg,ss2,nguoi6,lean_left,17.902407,-7.118894,-0.026575,0.151456,0.537328,0.140433,0.638527,-0.181730,0.601411,0.011022,-0.101198,0.214436,0.221580,0.558266,0.653787,0.203990,0.171556,0.339292
D:/BTL/repo/smart-posture-monitor/data/raw/lean_left/nguoi6_ss2/frame_0034.jpg,ss2,nguoi6,lean_left,17.709969,-6.350555,-0.024092,0.152779,0.531144,0.139185,0.633725,-0.192044,0.596606,0.013595,-0.102581,0.217808,0.228348,0.552680,0.648830,0.206999,0.170848,0.350981
D:/BTL/repo/smart-posture-monitor/data/raw/lean_left/nguoi6_ss2/frame_0035.jpg,ss2,nguoi6,lean_left,18.356607,-8.755036,-0.032678,0.163094,0.516224,0.153412,0.621201,-0.180909,0.602508,0.009681,-0.104977,0.214687,0.230901,0.541375,0.639864,0.223909,0.190229,0.354658
D:/BTL/repo/smart-posture-monitor/data/raw/lean_left/nguoi6_ss2/frame_0036.jpg,ss2,nguoi6,lean_left,17.374424,-6.893414,-0.025705,0.157352,0.520981,0.143646,0.625249,-0.194009,0.599824,0.013706,-0.104268,0.214165,0.234492,0.544225,0.641538,0.215207,0.177669,0.360099
D:/BTL/repo/smart-posture-monitor/data/raw/lean_left/nguoi6_ss2/frame_0037.jpg,ss2,nguoi6,lean_left,17.293478,-6.801324,-0.025271,0.152652,0.526260,0.139043,0.632780,-0.201892,0.603105,0.013609,-0.106520,0.213388,0.238771,0.547953,0.647876,0.207838,0.170834,0.362777
D:/BTL/repo/smart-posture-monitor/data/raw/lean_left/nguoi6_ss2/frame_0038.jpg,ss2,nguoi6,lean_left,17.329065,-7.477927,-0.027515,0.169798,0.529990,0.155947,0.636823,-0.185112,0.611261,0.013852,-0.106832,0.211418,0.239498,0.556526,0.655639,0.229681,0.190406,0.364096
D:/BTL/repo/smart-posture-monitor/data/raw/lean_left/nguoi6_ss2/frame_0039.jpg,ss2,nguoi6,lean_left,17.796003,-8.179982,-0.030198,0.178449,0.523435,0.164723,0.632248,-0.183011,0.607884,0.013727,-0.108812,0.212239,0.245881,0.553018,0.653353,0.242588,0.201739,0.371194
D:/BTL/repo/smart-posture-monitor/data/raw/lean_left/nguoi6_ss2/frame_0040.jpg,ss2,nguoi6,lean_left,16.529667,-6.647265,-0.024318,0.188726,0.533210,0.172868,0.641661,-0.172521,0.613403,0.015858,-0.108451,0.210078,0.244421,0.565623,0.664539,0.253591,0.209535,0.370041
D:/BTL/repo/smart-posture-monitor/data/raw/lean_left/nguoi6_ss2/frame_0041.jpg,ss2,nguoi6,lean_left,16.506582,-6.510333,-0.023674,0.221736,0.566716,0.198568,0.670852,-0.161441,0.623646,0.023168,-0.104136,0.208794,0.262997,0.608551,0.699622,0.286297,0.233063,0.387382
D:/BTL/repo/smart-posture-monitor/data/raw/lean_left/nguoi6_ss2/frame_0042.jpg,ss2,nguoi6,lean_left,15.021812,-9.047304,-0.031577,0.244750,0.556605,0.220878,0.657387,-0.147805,0.613791,0.023872,-0.100782,0.200810,0.275992,0.608039,0.693502,0.317423,0.261425,0.396699
D:/BTL/repo/smart-posture-monitor/data/raw/lean_left/nguoi6_ss2/frame_0043.jpg,ss2,nguoi6,lean_left,14.754938,-5.098499,-0.017851,0.226448,0.556648,0.198513,0.656877,-0.155640,0.593057,0.027936,-0.100229,0.200866,0.264325,0.600946,0.686217,0.294964,0.236097,0.383820
D:/BTL/repo/smart-posture-monitor/data/raw/lean_left/nguoi6_ss2/frame_0044.jpg,ss2,nguoi6,lean_left,14.197131,-5.736838,-0.020626,0.243167,0.556471,0.214028,0.663696,-0.156786,0.608129,0.029139,-0.107225,0.206346,0.276132,0.607281,0.697353,0.315535,0.252164,0.403275
D:/BTL/repo/smart-posture-monitor/data/raw/lean_left/nguoi6_ss2/frame_0045.jpg,ss2,nguoi6,lean_left,14.517985,-5.136264,-0.018623,0.250760,0.559857,0.220192,0.667184,-0.151295,0.605790,0.030568,-0.107328,0.208020,0.277068,0.613449,0.702581,0.323696,0.258256,0.404671
D:/BTL/repo/smart-posture-monitor/data/raw/lean_left/nguoi6_ss2/frame_0046.jpg,ss2,nguoi6,lean_left,13.439421,-3.760340,-0.013321,0.197325,0.575833,0.170194,0.672762,-0.173386,0.603956,0.027131,-0.096928,0.203110,0.253727,0.608705,0.693956,0.253814,0.200362,0.371777
D:/BTL/repo/smart-posture-monitor/data/raw/lean_left/nguoi6_ss2/frame_0047.jpg,ss2,nguoi6,lean_left,13.238008,-2.480667,-0.008906,0.175166,0.577620,0.146894,0.671812,-0.192041,0.589790,0.028272,-0.094192,0.205761,0.251485,0.603595,0.687684,0.225842,0.173675,0.367408
D:/BTL/repo/smart-posture-monitor/data/raw/lean_left/nguoi6_ss2/frame_0048.jpg,ss2,nguoi6,lean_left,14.949742,-4.853333,-0.017951,0.168176,0.587591,0.144032,0.679513,-0.198321,0.602968,0.024144,-0.091922,0.212169,0.251627,0.611185,0.694610,0.214977,0.169118,0.366819
D:/BTL/repo/smart-posture-monitor/data/raw/lean_left/nguoi6_ss2/frame_0049.jpg,ss2,nguoi6,lean_left,15.227640,-7.611366,-0.028169,0.182208,0.578343,0.164577,0.674199,-0.179160,0.620375,0.017631,-0.095856,0.212675,0.247822,0.606366,0.693995,0.234462,0.193653,0.363804
D:/BTL/repo/smart-posture-monitor/data/raw/lean_left/nguoi6_ss2/frame_0050.jpg,ss2,nguoi6,lean_left,14.515941,-6.715390,-0.024907,0.175280,0.580375,0.156330,0.676705,-0.187305,0.619618,0.018950,-0.096330,0.212994,0.247825,0.606266,0.694528,0.225374,0.183736,0.364702
D:/BTL/repo/smart-posture-monitor/data/raw/lean_left/nguoi6_ss2/frame_0051.jpg,ss2,nguoi6,lean_left,13.269737,-4.759973,-0.017116,0.189663,0.569656,0.165008,0.668255,-0.183639,0.608454,0.024655,-0.098599,0.206260,0.255199,0.600400,0.688325,0.245803,0.195243,0.375313
D:/BTL/repo/smart-posture-monitor/data/raw/lean_left/nguoi6_ss2/frame_0052.jpg,ss2,nguoi6,lean_left,14.097158,-5.728546,-0.020819,0.195383,0.576057,0.170280,0.673531,-0.183431,0.606554,0.025103,-0.097474,0.208576,0.261649,0.608289,0.694722,0.251356,0.200314,0.380040
D:/BTL/repo/smart-posture-monitor/data/raw/lean_left/nguoi6_ss2/frame_0053.jpg,ss2,nguoi6,lean_left,15.596630,-5.070558,-0.017967,0.219931,0.599952,0.188484,0.697133,-0.169225,0.620344,0.031447,-0.097180,0.203282,0.270429,0.638993,0.722163,0.275043,0.216230,0.389690
D:/BTL/repo/smart-posture-monitor/data/raw/lean_left/nguoi6_ss2/frame_0054.jpg,ss2,nguoi6,lean_left,14.986762,0.410711,0.001444,0.210890,0.637168,0.165959,0.726258,-0.188128,0.602208,0.044931,-0.089090,0.201511,0.281759,0.671162,0.744979,0.254955,0.185973,0.400547
D:/BTL/repo/smart-posture-monitor/data/raw/lean_left/nguoi6_ss2/frame_0055.jpg,ss2,nguoi6,lean_left,12.481092,-4.719286,-0.018712,0.121542,0.644607,0.116445,0.732085,-0.183723,0.612933,0.005096,-0.087478,0.227437,0.226764,0.655965,0.741288,0.147956,0.130579,0.306904
D:/BTL/repo/smart-posture-monitor/data/raw/lean_left/nguoi6_ss2/frame_0056.jpg,ss2,nguoi6,lean_left,12.184364,-5.071610,-0.019707,0.109893,0.619072,0.109366,0.712652,-0.181127,0.621122,0.000528,-0.093580,0.222932,0.206121,0.628750,0.720995,0.137301,0.124965,0.291028
D:/BTL/repo/smart-posture-monitor/data/raw/lean_left/nguoi6_ss2/frame_0057.jpg,ss2,nguoi6,lean_left,15.408859,-1.652941,-0.005043,0.309350,0.636735,0.250065,0.723638,-0.145172,0.604064,0.059286,-0.086902,0.174820,0.331190,0.707905,0.765626,0.365131,0.276648,0.455695
D:/BTL/repo/smart-posture-monitor/data/raw/lean_left/nguoi6_ss2/frame_0058.jpg,ss2,nguoi6,lean_left,15.495605,-5.362798,-0.013195,0.361264,0.633697,0.296930,0.716047,-0.113247,0.611609,0.064334,-0.082350,0.141177,0.357574,0.729441,0.775171,0.420568,0.327079,0.475024
D:/BTL/repo/smart-posture-monitor/data/raw/lean_left/nguoi6_ss2/frame_0059.jpg,ss2,nguoi6,lean_left,15.300156,-8.207259,-0.020265,0.368989,0.600340,0.311665,0.689413,-0.102180,0.612937,0.057324,-0.089072,0.141957,0.354340,0.704671,0.756588,0.441727,0.350261,0.471337
D:/BTL/repo/smart-posture-monitor/data/raw/lean_left/nguoi6_ss2/frame_0060.jpg,ss2,nguoi6,lean_left,14.604981,-7.866882,-0.023789,0.340865,0.608323,0.290322,0.700092,-0.122727,0.622048,0.050542,-0.091769,0.173805,0.339108,0.697313,0.757902,0.409046,0.324995,0.463794
D:/BTL/repo/smart-posture-monitor/data/raw/lean_left/nguoi6_ss2/frame_0061.jpg,ss2,nguoi6,lean_left,11.991282,-10.506330,-0.034233,0.277626,0.665310,0.231172,0.738719,-0.158233,0.625648,0.046455,-0.073409,0.187738,0.324380,0.720911,0.774045,0.321907,0.253270,0.437660
D:/BTL/repo/smart-posture-monitor/data/raw/lean_left/nguoi6_ss2/frame_0062.jpg,ss2,nguoi6,lean_left,13.703296,-1.694000,-0.006108,0.153875,0.582678,0.129322,0.674597,-0.191605,0.588206,0.024553,-0.091918,0.206631,0.235318,0.602654,0.686881,0.198094,0.152836,0.345524
D:/BTL/repo/smart-posture-monitor/data/raw/lean_left/nguoi6_ss2/frame_0063.jpg,ss2,nguoi6,lean_left,13.766159,-1.594262,-0.006103,0.098431,0.558271,0.089093,0.659041,-0.200826,0.577336,0.009338,-0.100770,0.219350,0.199215,0.566882,0.665036,0.130710,0.107302,0.299863
D:/BTL/repo/smart-posture-monitor/data/raw/lean_left/nguoi6_ss2/frame_0064.jpg,ss2,nguoi6,lean_left,12.800326,0.765538,0.002955,0.089621,0.543889,0.074385,0.646365,-0.219159,0.564479,0.015236,-0.102476,0.221179,0.199854,0.551224,0.650632,0.120823,0.090790,0.309466
D:/BTL/repo/smart-posture-monitor/data/raw/lean_left/nguoi7_ss1/frame_0001.jpg,ss1,nguoi7,lean_left,0.606974,4.613368,0.014652,0.307071,0.482133,0.240395,0.599241,-0.211463,0.525170,0.066676,-0.117108,0.182169,0.367186,0.571616,0.645662,0.420813,0.299452,0.520317
D:/BTL/repo/smart-posture-monitor/data/raw/lean_left/nguoi7_ss1/frame_0002.jpg,ss1,nguoi7,lean_left,1.071571,6.069772,0.020023,0.313025,0.482411,0.244310,0.602746,-0.206822,0.523672,0.068715,-0.120336,0.189359,0.363603,0.575069,0.650377,0.427995,0.303021,0.521482
D:/BTL/repo/smart-posture-monitor/data/raw/lean_left/nguoi7_ss1/frame_0003.jpg,ss1,nguoi7,lean_left,1.168864,5.454242,0.016418,0.327342,0.483860,0.257194,0.599155,-0.195118,0.520139,0.070148,-0.115296,0.172729,0.373120,0.584186,0.652025,0.444702,0.319089,0.523719
D:/BTL/repo/smart-posture-monitor/data/raw/lean_left/nguoi7_ss1/frame_0004.jpg,ss1,nguoi7,lean_left,1.385725,7.269641,0.021205,0.353142,0.500726,0.277112,0.612624,-0.176555,0.517653,0.076030,-0.111897,0.167580,0.380033,0.612728,0.672383,0.467413,0.337641,0.529967
D:/BTL/repo/smart-posture-monitor/data/raw/lean_left/nguoi7_ss1/frame_0005.jpg,ss1,nguoi7,lean_left,0.916488,7.070988,0.020016,0.346965,0.488481,0.270723,0.602710,-0.179986,0.511849,0.076242,-0.114229,0.162597,0.378760,0.599165,0.660720,0.465842,0.333557,0.527469
D:/BTL/repo/smart-posture-monitor/data/raw/lean_left/nguoi7_ss1/frame_0006.jpg,ss1,nguoi7,lean_left,1.399065,6.854757,0.019284,0.344498,0.486402,0.269671,0.599569,-0.182430,0.512486,0.074827,-0.113167,0.161570,0.379871,0.596042,0.657423,0.463904,0.333353,0.527574
D:/BTL/repo/smart-posture-monitor/data/raw/lean_left/nguoi7_ss1/frame_0007.jpg,ss1,nguoi7,lean_left,1.276439,5.727926,0.016222,0.353842,0.483716,0.279618,0.600494,-0.173572,0.517984,0.074224,-0.116778,0.162534,0.379689,0.599320,0.662404,0.476025,0.344414,0.528526
D:/BTL/repo/smart-posture-monitor/data/raw/lean_left/nguoi7_ss1/frame_0008.jpg,ss1,nguoi7,lean_left,1.302152,7.277497,0.021140,0.341706,0.487771,0.267414,0.599714,-0.185770,0.511539,0.074292,-0.111942,0.166884,0.378457,0.595553,0.656633,0.460012,0.330715,0.528011
D:/BTL/repo/smart-posture-monitor/data/raw/lean_left/nguoi7_ss1/frame_0009.jpg,ss1,nguoi7,lean_left,1.335619,6.622147,0.019123,0.342182,0.484538,0.268658,0.598174,-0.185053,0.514917,0.073524,-0.113636,0.165823,0.378595,0.593182,0.655736,0.462029,0.332634,0.528109
D:/BTL/repo/smart-posture-monitor/data/raw/lean_left/nguoi7_ss1/frame_0010.jpg,ss1,nguoi7,lean_left,1.348995,8.119695,0.024516,0.344446,0.481977,0.267922,0.599633,-0.196499,0.512262,0.076525,-0.117656,0.173573,0.385885,0.592406,0.656766,0.465855,0.331324,0.541793
D:/BTL/repo/smart-posture-monitor/data/raw/lean_left/nguoi7_ss1/frame_0011.jpg,ss1,nguoi7,lean_left,1.394422,6.624018,0.019834,0.340212,0.478133,0.266946,0.595397,-0.193766,0.515298,0.073267,-0.117263,0.171938,0.381821,0.586818,0.652501,0.462604,0.331545,0.535270
D:/BTL/repo/smart-posture-monitor/data/raw/lean_left/nguoi7_ss1/frame_0012.jpg,ss1,nguoi7,lean_left,1.250715,6.117805,0.018474,0.340304,0.479789,0.266860,0.597308,-0.195272,0.516119,0.073444,-0.117519,0.173348,0.382775,0.588221,0.654210,0.461962,0.330840,0.536807
D:/BTL/repo/smart-posture-monitor/data/raw/lean_left/nguoi7_ss1/frame_0013.jpg,ss1,nguoi7,lean_left,1.374821,7.475643,0.022288,0.339533,0.480932,0.265585,0.599650,-0.191432,0.519142,0.073947,-0.118718,0.171305,0.378503,0.588709,0.655832,0.460532,0.328631,0.532338
D:/BTL/repo/smart-posture-monitor/data/raw/lean_left/nguoi7_ss1/frame_0014.jpg,ss1,nguoi7,lean_left,1.118645,7.334557,0.022201,0.330517,0.482854,0.257893,0.597421,-0.197837,0.514140,0.072624,-0.114567,0.173901,0.376475,0.585141,0.650708,0.448945,0.320432,0.529279
D:/BTL/repo/smart-posture-monitor/data/raw/lean_left/nguoi7_ss1/frame_0015.jpg,ss1,nguoi7,lean_left,1.076272,7.165505,0.020627,0.343750,0.481465,0.269029,0.597153,-0.188623,0.514358,0.074722,-0.115688,0.165362,0.382546,0.591585,0.654957,0.465270,0.333386,0.533389
D:/BTL/repo/smart-posture-monitor/data/raw/lean_left/nguoi7_ss1/frame_0016.jpg,ss1,nguoi7,lean_left,1.893829,6.929475,0.019718,0.347467,0.486908,0.273029,0.601032,-0.185682,0.519064,0.074437,-0.114124,0.163436,0.384413,0.598175,0.660140,0.467143,0.336730,0.534117
D:/BTL/repo/smart-posture-monitor/data/raw/lean_left/nguoi7_ss1/frame_0017.jpg,ss1,nguoi7,lean_left,1.402094,6.658063,0.019345,0.341745,0.483502,0.267976,0.597923,-0.191467,0.515952,0.073769,-0.114421,0.166849,0.383458,0.592085,0.655227,0.461984,0.331929,0.534198
D:/BTL/repo/smart-posture-monitor/data/raw/lean_left/nguoi7_ss1/frame_0018.jpg,ss1,nguoi7,lean_left,1.491284,7.489233,0.022187,0.340747,0.479563,0.266164,0.597451,-0.194852,0.516501,0.074583,-0.117888,0.170221,0.383054,0.588293,0.654057,0.462588,0.329991,0.536870
D:/BTL/repo/smart-posture-monitor/data/raw/lean_left/nguoi7_ss1/frame_0019.jpg,ss1,nguoi7,lean_left,1.631487,6.670311,0.019948,0.336754,0.482385,0.262385,0.599803,-0.199497,0.516663,0.074369,-0.117418,0.171737,0.383637,0.588302,0.654683,0.456584,0.324894,0.537346
D:/BTL/repo/smart-posture-monitor/data/raw/lean_left/nguoi7_ss1/frame_0020.jpg,ss1,nguoi7,lean_left,1.099889,7.902846,0.023738,0.334726,0.489145,0.259524,0.604542,-0.203399,0.517742,0.075202,-0.115397,0.172648,0.384785,0.592710,0.657893,0.451174,0.320131,0.538885
D:/BTL/repo/smart-posture-monitor/data/raw/lean_left/nguoi7_ss1/frame_0021.jpg,ss1,nguoi7,lean_left,1.825130,8.502434,0.025731,0.325557,0.482171,0.251416,0.595481,-0.200801,0.505979,0.074141,-0.113310,0.174036,0.374089,0.581787,0.646380,0.443294,0.313477,0.526896
D:/BTL/repo/smart-posture-monitor/data/raw/lean_left/nguoi7_ss1/frame_0022.jpg,ss1,nguoi7,lean_left,1.489175,8.068547,0.025642,0.323576,0.482373,0.249550,0.599461,-0.204558,0.508681,0.074026,-0.117088,0.182688,0.371931,0.580849,0.649329,0.440820,0.310105,0.528789
D:/BTL/repo/smart-posture-monitor/data/raw/lean_left/nguoi7_ss1/frame_0023.jpg,ss1,nguoi7,lean_left,1.569331,7.651701,0.023617,0.334186,0.476237,0.261141,0.595734,-0.197168,0.515755,0.073046,-0.119498,0.177370,0.376635,0.581792,0.650457,0.456279,0.324723,0.532822
D:/BTL/repo/smart-posture-monitor/data/raw/lean_left/nguoi7_ss1/frame_0024.jpg,ss1,nguoi7,lean_left,1.592318,7.592999,0.022821,0.339600,0.483561,0.264903,0.601962,-0.194987,0.519159,0.074697,-0.118401,0.172709,0.381041,0.590897,0.657672,0.459426,0.327120,0.535771
D:/BTL/repo/smart-posture-monitor/data/raw/lean_left/nguoi7_ss1/frame_0025.jpg,ss1,nguoi7,lean_left,1.690966,7.955090,0.024903,0.328463,0.484365,0.254404,0.599709,-0.200244,0.509268,0.074059,-0.115344,0.179937,0.373773,0.585232,0.651439,0.445824,0.315681,0.529294
D:/BTL/repo/smart-posture-monitor/data/raw/lean_left/nguoi7_ss1/frame_0026.jpg,ss1,nguoi7,lean_left,1.407085,7.716230,0.024030,0.329761,0.478396,0.255088,0.594942,-0.203933,0.505837,0.074673,-0.116546,0.178971,0.378285,0.581038,0.647322,0.450009,0.317928,0.534399
D:/BTL/repo/smart-posture-monitor/data/raw/lean_left/nguoi7_ss1/frame_0027.jpg,ss1,nguoi7,lean_left,1.466866,6.371302,0.019927,0.328936,0.478869,0.255915,0.596135,-0.205322,0.511672,0.073022,-0.117266,0.179569,0.379394,0.580960,0.648745,0.448809,0.318526,0.535265
D:/BTL/repo/smart-posture-monitor/data/raw/lean_left/nguoi7_ss1/frame_0028.jpg,ss1,nguoi7,lean_left,1.308439,7.504905,0.022817,0.322179,0.486404,0.248703,0.598402,-0.205001,0.507871,0.073477,-0.111997,0.174696,0.375534,0.583428,0.648026,0.437395,0.309431,0.527618
D:/BTL/repo/smart-posture-monitor/data/raw/lean_left/nguoi7_ss1/frame_0029.jpg,ss1,nguoi7,lean_left,1.314823,6.525272,0.019318,0.331121,0.480047,0.256622,0.596126,-0.200494,0.509795,0.074499,-0.116079,0.169987,0.380478,0.583169,0.649015,0.450909,0.319352,0.532447
D:/BTL/repo/smart-posture-monitor/data/raw/lean_left/nguoi7_ss1/frame_0030.jpg,ss1,nguoi7,lean_left,1.323007,6.507215,0.020149,0.328067,0.482937,0.253890,0.599806,-0.203675,0.510622,0.074177,-0.116869,0.177794,0.377620,0.583829,0.651328,0.445975,0.315055,0.532462
D:/BTL/repo/smart-posture-monitor/data/raw/lean_left/nguoi7_ss1/frame_0031.jpg,ss1,nguoi7,lean_left,1.333740,6.913306,0.021631,0.327853,0.482593,0.253552,0.601094,-0.204920,0.512282,0.074301,-0.118501,0.179709,0.377418,0.583424,0.652382,0.445869,0.314273,0.533599
D:/BTL/repo/smart-posture-monitor/data/raw/lean_left/nguoi7_ss1/frame_0032.jpg,ss1,nguoi7,lean_left,1.463543,7.738011,0.024608,0.327793,0.480783,0.253396,0.599752,-0.202818,0.510398,0.074397,-0.118969,0.182765,0.373693,0.581894,0.651085,0.446591,0.314497,0.531436
D:/BTL/repo/smart-posture-monitor/data/raw/lean_left/nguoi7_ss1/frame_0033.jpg,ss1,nguoi7,lean_left,1.469360,6.264261,0.019693,0.324746,0.478573,0.251651,0.597397,-0.206144,0.511547,0.073096,-0.118825,0.180482,0.375857,0.578353,0.648237,0.443887,0.313174,0.531913
D:/BTL/repo/smart-posture-monitor/data/raw/lean_left/nguoi7_ss1/frame_0034.jpg,ss1,nguoi7,lean_left,1.771790,7.917204,0.025041,0.331512,0.478917,0.257675,0.598059,-0.201149,0.512934,0.073836,-0.119142,0.181794,0.375872,0.582461,0.651207,0.451879,0.319983,0.533746
D:/BTL/repo/smart-posture-monitor/data/raw/lean_left/nguoi7_ss1/frame_0035.jpg,ss1,nguoi7,lean_left,1.417226,7.660582,0.024112,0.327449,0.479384,0.253229,0.598096,-0.204177,0.511129,0.074221,-0.118712,0.180877,0.375326,0.580545,0.649495,0.446792,0.314802,0.532573
D:/BTL/repo/smart-posture-monitor/data/raw/lean_left/nguoi7_ss1/frame_0036.jpg,ss1,nguoi7,lean_left,1.103770,8.432221,0.027266,0.328534,0.477042,0.252121,0.598768,-0.208733,0.507091,0.076412,-0.121726,0.185937,0.377056,0.579227,0.649683,0.449132,0.313310,0.538106
D:/BTL/repo/smart-posture-monitor/data/raw/lean_left/nguoi7_ss1/frame_0037.jpg,ss1,nguoi7,lean_left,1.268549,6.657484,0.021254,0.327006,0.479568,0.253775,0.597613,-0.204915,0.509322,0.073230,-0.118045,0.183325,0.375759,0.580446,0.649263,0.446177,0.315585,0.532752
D:/BTL/repo/smart-posture-monitor/data/raw/lean_left/nguoi7_ss1/frame_0038.jpg,ss1,nguoi7,lean_left,1.155268,8.403198,0.025995,0.321664,0.489907,0.246704,0.604026,-0.207466,0.510853,0.074960,-0.114119,0.177881,0.374859,0.586069,0.652465,0.435273,0.305439,0.529545
D:/BTL/repo/smart-posture-monitor/data/raw/lean_left/nguoi7_ss1/frame_0039.jpg,ss1,nguoi7,lean_left,1.521467,6.762340,0.021248,0.333202,0.485119,0.258973,0.602863,-0.201309,0.514310,0.074229,-0.117744,0.180449,0.378788,0.588527,0.656133,0.451146,0.320010,0.535307
D:/BTL/repo/smart-posture-monitor/data/raw/lean_left/nguoi7_ss1/frame_0040.jpg,ss1,nguoi7,lean_left,1.083800,8.035625,0.025552,0.319604,0.484189,0.244421,0.600353,-0.210064,0.504935,0.075183,-0.116164,0.182787,0.373253,0.580160,0.648202,0.435237,0.303849,0.530074
D:/BTL/repo/smart-posture-monitor/data/raw/lean_left/nguoi7_ss1/frame_0041.jpg,ss1,nguoi7,lean_left,1.589617,7.361295,0.022811,0.321581,0.488412,0.247968,0.603529,-0.202930,0.512028,0.073613,-0.115117,0.178036,0.371354,0.584774,0.652484,0.435813,0.307055,0.525042
D:/BTL/repo/smart-posture-monitor/data/raw/lean_left/nguoi7_ss1/frame_0042.jpg,ss1,nguoi7,lean_left,1.401795,7.645305,0.023721,0.323365,0.492298,0.247380,0.609411,-0.203935,0.512532,0.075985,-0.117113,0.178297,0.372783,0.589001,0.657707,0.436289,0.304647,0.527688
D:/BTL/repo/smart-posture-monitor/data/raw/lean_left/nguoi7_ss1/frame_0043.jpg,ss1,nguoi7,lean_left,1.244765,7.868133,0.024016,0.324256,0.485550,0.248834,0.600476,-0.202071,0.506045,0.075422,-0.114926,0.175434,0.373229,0.583867,0.649992,0.440262,0.308968,0.526726
D:/BTL/repo/smart-posture-monitor/data/raw/lean_left/nguoi7_ss1/frame_0044.jpg,ss1,nguoi7,lean_left,1.048340,9.322373,0.028229,0.327297,0.490349,0.250619,0.603845,-0.201989,0.507229,0.076679,-0.113495,0.174263,0.375795,0.589547,0.653788,0.441824,0.310043,0.529555
D:/BTL/repo/smart-posture-monitor/data/raw/lean_left/nguoi7_ss1/frame_0045.jpg,ss1,nguoi7,lean_left,1.620629,8.884529,0.026447,0.333137,0.492476,0.256708,0.606320,-0.199772,0.513906,0.076429,-0.113844,0.171238,0.380226,0.594569,0.658424,0.447830,0.316344,0.533340
D:/BTL/repo/smart-posture-monitor/data/raw/lean_left/nguoi7_ss1/frame_0046.jpg,ss1,nguoi7,lean_left,1.505381,9.928184,0.029292,0.327240,0.488733,0.250081,0.603086,-0.203734,0.510207,0.077159,-0.114353,0.169895,0.378317,0.588172,0.652881,0.442457,0.309644,0.531409
D:/BTL/repo/smart-posture-monitor/data/raw/lean_left/nguoi7_ss1/frame_0047.jpg,ss1,nguoi7,lean_left,1.622907,9.224266,0.028101,0.330285,0.492973,0.253460,0.607544,-0.201423,0.511467,0.076825,-0.114571,0.175304,0.377387,0.593389,0.658294,0.444237,0.312229,0.532030
D:/BTL/repo/smart-posture-monitor/data/raw/lean_left/nguoi7_ss1/frame_0048.jpg,ss1,nguoi7,lean_left,1.987957,7.555138,0.023415,0.329635,0.494759,0.255808,0.608056,-0.198030,0.515331,0.073828,-0.113297,0.178091,0.374435,0.594513,0.659674,0.442692,0.314783,0.528066
D:/BTL/repo/smart-posture-monitor/data/raw/lean_left/nguoi7_ss1/frame_0049.jpg,ss1,nguoi7,lean_left,1.952753,9.600290,0.029445,0.320675,0.486929,0.243394,0.601844,-0.206647,0.503287,0.077281,-0.114915,0.176554,0.372555,0.583037,0.649197,0.435357,0.302213,0.527575
D:/BTL/repo/smart-posture-monitor/data/raw/lean_left/nguoi7_ss1/frame_0050.jpg,ss1,nguoi7,lean_left,1.789441,8.289109,0.025397,0.324631,0.481726,0.249564,0.597651,-0.200418,0.504929,0.075067,-0.115925,0.176162,0.371542,0.580900,0.647664,0.442373,0.310662,0.525562
D:/BTL/repo/smart-posture-monitor/data/raw/lean_left/nguoi7_ss1/frame_0051.jpg,ss1,nguoi7,lean_left,1.353571,9.596490,0.029821,0.323288,0.485361,0.244699,0.603268,-0.210647,0.504929,0.078589,-0.117907,0.178879,0.376517,0.583173,0.651007,0.439179,0.303323,0.534294
D:/BTL/repo/smart-posture-monitor/data/raw/lean_left/nguoi7_ss1/frame_0052.jpg,ss1,nguoi7,lean_left,1.522494,10.600397,0.034577,0.309309,0.480378,0.232845,0.598255,-0.214420,0.498800,0.076463,-0.117877,0.187963,0.364275,0.571345,0.641971,0.424297,0.290834,0.524052
D:/BTL/repo/smart-posture-monitor/data/raw/lean_left/nguoi7_ss1/frame_0053.jpg,ss1,nguoi7,lean_left,1.845737,7.448266,0.024150,0.307245,0.472829,0.235033,0.594212,-0.208681,0.504802,0.072212,-0.121383,0.186294,0.359764,0.563886,0.639006,0.424919,0.294566,0.516917
D:/BTL/repo/smart-posture-monitor/data/raw/lean_left/nguoi7_ss1/frame_0054.jpg,ss1,nguoi7,lean_left,1.762686,9.643895,0.030199,0.309861,0.479422,0.234360,0.599389,-0.207010,0.504967,0.075501,-0.119967,0.180268,0.361324,0.570841,0.643577,0.425377,0.292305,0.517502
D:/BTL/repo/smart-posture-monitor/data/raw/lean_left/nguoi7_ss1/frame_0055.jpg,ss1,nguoi7,lean_left,2.143162,8.530007,0.027329,0.318734,0.480551,0.244048,0.602149,-0.207480,0.512165,0.074686,-0.121598,0.184248,0.368416,0.576646,0.649725,0.435743,0.302890,0.527164
D:/BTL/repo/smart-posture-monitor/data/raw/lean_left/nguoi7_ss1/frame_0056.jpg,ss1,nguoi7,lean_left,1.351990,6.046183,0.019295,0.328412,0.475477,0.255970,0.597608,-0.202233,0.516442,0.072442,-0.122131,0.183185,0.374021,0.577869,0.650120,0.449677,0.318141,0.532224
D:/BTL/repo/smart-posture-monitor/data/raw/lean_left/nguoi7_ss1/frame_0057.jpg,ss1,nguoi7,lean_left,1.690037,-0.436159,-0.001338,0.334014,0.464350,0.275567,0.586311,-0.175833,0.541047,0.058447,-0.121961,0.175808,0.366390,0.572002,0.647841,0.461443,0.344449,0.515584
D:/BTL/repo/smart-posture-monitor/data/raw/lean_left/nguoi7_ss1/frame_0058.jpg,ss1,nguoi7,lean_left,1.386895,1.536489,0.004663,0.341783,0.467022,0.280779,0.587780,-0.176232,0.540571,0.061003,-0.120758,0.173900,0.372804,0.578727,0.651400,0.469562,0.349963,0.523210
D:/BTL/repo/smart-posture-monitor/data/raw/lean_left/nguoi7_ss1/frame_0059.jpg,ss1,nguoi7,lean_left,1.465936,0.837269,0.002542,0.329234,0.460934,0.270253,0.582838,-0.181335,0.539015,0.058981,-0.121904,0.173941,0.367102,0.566441,0.642446,0.457180,0.339428,0.516505
D:/BTL/repo/smart-posture-monitor/data/raw/lean_left/nguoi7_ss1/frame_0060.jpg,ss1,nguoi7,lean_left,1.025824,1.626620,0.005066,0.328751,0.460114,0.267956,0.581677,-0.186334,0.530779,0.060795,-0.121563,0.178477,0.368277,0.565493,0.640429,0.456960,0.337129,0.519909
D:/BTL/repo/smart-posture-monitor/data/raw/lean_left/nguoi7_ss1/frame_0061.jpg,ss1,nguoi7,lean_left,1.412437,1.697094,0.005411,0.317282,0.461401,0.258954,0.581044,-0.190852,0.530665,0.058329,-0.119643,0.182702,0.361651,0.559963,0.636136,0.442269,0.326777,0.512834
D:/BTL/repo/smart-posture-monitor/data/raw/lean_left/nguoi7_ss1/frame_0062.jpg,ss1,nguoi7,lean_left,1.479602,1.628946,0.005126,0.324028,0.453036,0.265131,0.575418,-0.186393,0.529700,0.058897,-0.122382,0.180318,0.363969,0.556988,0.633562,0.454341,0.335851,0.516147
D:/BTL/repo/smart-posture-monitor/data/raw/lean_left/nguoi7_ss1/frame_0063.jpg,ss1,nguoi7,lean_left,1.576073,1.996091,0.006434,0.326016,0.455987,0.267299,0.579402,-0.185899,0.533568,0.058717,-0.123415,0.184730,0.363396,0.560545,0.638088,0.455466,0.337101,0.517760
D:/BTL/repo/smart-posture-monitor/data/raw/lean_left/nguoi7_ss1/frame_0064.jpg,ss1,nguoi7,lean_left,1.652459,1.900920,0.005979,0.333169,0.455204,0.273778,0.580359,-0.183006,0.538246,0.059391,-0.125156,0.180261,0.368785,0.564103,0.641694,0.464598,0.344347,0.522812
D:/BTL/repo/smart-posture-monitor/data/raw/lean_left/nguoi7_ss1/frame_0065.jpg,ss1,nguoi7,lean_left,1.578419,3.973238,0.012805,0.339106,0.465313,0.274798,0.593675,-0.187397,0.544543,0.064308,-0.128362,0.184803,0.372475,0.575768,0.654190,0.467142,0.341142,0.532431
D:/BTL/repo/smart-posture-monitor/data/raw/lean_left/nguoi7_ss1/frame_0066.jpg,ss1,nguoi7,lean_left,1.588585,-1.466608,-0.004266,0.351616,0.469086,0.293528,0.589145,-0.159184,0.549483,0.058088,-0.120059,0.166680,0.371756,0.586238,0.658218,0.480265,0.364043,0.517088
D:/BTL/repo/smart-posture-monitor/data/raw/lean_left/nguoi7_ss1/frame_0067.jpg,ss1,nguoi7,lean_left,0.996358,-4.191177,-0.011439,0.376810,0.473958,0.323070,0.594711,-0.112886,0.568559,0.053740,-0.120754,0.156512,0.359325,0.605493,0.676798,0.507004,0.394971,0.498749
D:/BTL/repo/smart-posture-monitor/data/raw/lean_left/nguoi8_ss1/frame_0002.jpg,ss1,nguoi8,lean_left,14.923390,0.100036,0.000403,-0.142882,0.629742,-0.113244,0.736669,-0.327387,0.659840,-0.029638,-0.106926,0.230780,0.124995,0.645748,0.745322,-0.175976,-0.126492,0.186944
D:/BTL/repo/smart-posture-monitor/data/raw/lean_left/nguoi8_ss1/frame_0003.jpg,ss1,nguoi8,lean_left,15.158825,-0.454098,-0.001816,-0.132723,0.621100,-0.103953,0.728719,-0.316602,0.663066,-0.028771,-0.107618,0.229177,0.118520,0.635123,0.736096,-0.165059,-0.117074,0.188607
D:/BTL/repo/smart-posture-monitor/data/raw/lean_left/nguoi8_ss1/frame_0004.jpg,ss1,nguoi8,lean_left,17.131439,-0.786001,-0.003042,-0.102361,0.612745,-0.072114,0.718877,-0.281530,0.655090,-0.030247,-0.106132,0.221755,0.118224,0.621236,0.722485,-0.128780,-0.082165,0.184105
D:/BTL/repo/smart-posture-monitor/data/raw/lean_left/nguoi8_ss1/frame_0005.jpg,ss1,nguoi8,lean_left,16.167845,-2.466655,-0.009917,-0.070058,0.622017,-0.042163,0.727902,-0.278837,0.656541,-0.027895,-0.105885,0.230435,0.143535,0.625949,0.729122,-0.087580,-0.047708,0.211614
D:/BTL/repo/smart-posture-monitor/data/raw/lean_left/nguoi8_ss1/frame_0006.jpg,ss1,nguoi8,lean_left,16.017994,-2.534399,-0.010130,-0.081248,0.623187,-0.051653,0.731943,-0.280969,0.667934,-0.029594,-0.108756,0.229079,0.134054,0.628461,0.733763,-0.101370,-0.058205,0.204673
D:/BTL/repo/smart-posture-monitor/data/raw/lean_left/nguoi8_ss1/frame_0007.jpg,ss1,nguoi8,lean_left,15.941632,-2.839468,-0.011183,-0.090611,0.629620,-0.057005,0.737388,-0.276965,0.677797,-0.033606,-0.107767,0.225754,0.125479,0.636107,0.739588,-0.112261,-0.063895,0.192481
D:/BTL/repo/smart-posture-monitor/data/raw/lean_left/nguoi8_ss1/frame_0008.jpg,ss1,nguoi8,lean_left,15.949075,-1.822719,-0.007090,-0.100207,0.618217,-0.068054,0.727384,-0.281514,0.667807,-0.032153,-0.109168,0.222900,0.120008,0.626285,0.730561,-0.125426,-0.076946,0.187967
D:/BTL/repo/smart-posture-monitor/data/raw/lean_left/nguoi8_ss1/frame_0009.jpg,ss1,nguoi8,lean_left,16.937201,-3.761074,-0.014299,-0.107516,0.610420,-0.073279,0.715068,-0.281965,0.667687,-0.034237,-0.104647,0.217982,0.113839,0.619817,0.718813,-0.135503,-0.083785,0.183608
D:/BTL/repo/smart-posture-monitor/data/raw/lean_left/nguoi8_ss1/frame_0010.jpg,ss1,nguoi8,lean_left,16.096191,-3.745306,-0.014351,-0.110251,0.603220,-0.078950,0.708525,-0.295191,0.663161,-0.031301,-0.105304,0.219692,0.118871,0.613213,0.712910,-0.139891,-0.090790,0.194411
D:/BTL/repo/smart-posture-monitor/data/raw/lean_left/nguoi8_ss1/frame_0011.jpg,ss1,nguoi8,lean_left,16.654020,-1.267649,-0.004827,-0.115859,0.597754,-0.086750,0.702642,-0.295883,0.644895,-0.029108,-0.104888,0.218181,0.116761,0.608879,0.707977,-0.147704,-0.100256,0.186094
D:/BTL/repo/smart-posture-monitor/data/raw/lean_left/nguoi8_ss1/frame_0012.jpg,ss1,nguoi8,lean_left,16.243668,-1.548903,-0.006064,-0.103223,0.604753,-0.077345,0.708512,-0.302120,0.640539,-0.025878,-0.103759,0.224344,0.133156,0.613499,0.712722,-0.130872,-0.088956,0.202091
D:/BTL/repo/smart-posture-monitor/data/raw/lean_left/nguoi8_ss1/frame_0013.jpg,ss1,nguoi8,lean_left,19.891808,-2.426719,-0.009443,-0.118958,0.610106,-0.082319,0.712179,-0.295711,0.646106,-0.036638,-0.102073,0.223012,0.124149,0.621595,0.716921,-0.149781,-0.094318,0.180382
D:/BTL/repo/smart-posture-monitor/data/raw/lean_left/nguoi8_ss1/frame_0014.jpg,ss1,nguoi8,lean_left,21.047504,-0.953753,-0.003616,-0.117396,0.598988,-0.082482,0.703031,-0.285297,0.640094,-0.034915,-0.104044,0.217210,0.114325,0.610383,0.707853,-0.149457,-0.095319,0.172859
D:/BTL/repo/smart-posture-monitor/data/raw/lean_left/nguoi8_ss1/frame_0015.jpg,ss1,nguoi8,lean_left,19.485832,-1.979878,-0.007712,-0.108183,0.584841,-0.078027,0.689838,-0.293404,0.636155,-0.030157,-0.104997,0.223231,0.118706,0.594763,0.694237,-0.139797,-0.091331,0.192197
D:/BTL/repo/smart-posture-monitor/data/raw/lean_left/nguoi8_ss1/frame_0016.jpg,ss1,nguoi8,lean_left,18.187155,-1.392676,-0.005342,-0.109597,0.604309,-0.079765,0.711047,-0.294026,0.644776,-0.029832,-0.106738,0.219790,0.125108,0.614167,0.715507,-0.138923,-0.091505,0.188816
D:/BTL/repo/smart-posture-monitor/data/raw/lean_left/nguoi8_ss1/frame_0017.jpg,ss1,nguoi8,lean_left,20.100929,-0.213446,-0.000830,-0.118437,0.614031,-0.086030,0.713661,-0.299196,0.629882,-0.032407,-0.099631,0.222916,0.132036,0.625349,0.718828,-0.148564,-0.098406,0.181452
D:/BTL/repo/smart-posture-monitor/data/raw/lean_left/nguoi8_ss1/frame_0018.jpg,ss1,nguoi8,lean_left,15.871478,-0.816838,-0.003258,-0.143515,0.593179,-0.120228,0.698992,-0.339956,0.641592,-0.023287,-0.105813,0.228540,0.120864,0.610293,0.709256,-0.183142,-0.138993,0.202318
D:/BTL/repo/smart-posture-monitor/data/raw/lean_left/nguoi8_ss1/frame_0019.jpg,ss1,nguoi8,lean_left,18.525974,-1.463095,-0.005623,-0.107414,0.619116,-0.076353,0.718416,-0.293949,0.639783,-0.031061,-0.099300,0.220209,0.134890,0.628365,0.722462,-0.134233,-0.087009,0.187676
D:/BTL/repo/smart-posture-monitor/data/raw/lean_left/nguoi8_ss1/frame_0023.jpg,ss1,nguoi8,lean_left,15.724333,-3.909694,-0.014625,0.105514,0.534925,0.088672,0.642057,-0.250543,0.604825,0.016842,-0.107132,0.214488,0.236455,0.545232,0.648151,0.143303,0.108561,0.362854
D:/BTL/repo/smart-posture-monitor/data/raw/lean_left/nguoi8_ss1/frame_0024.jpg,ss1,nguoi8,lean_left,16.348623,-3.041972,-0.010463,0.214299,0.471947,0.185775,0.587009,-0.217129,0.596809,0.028524,-0.115062,0.197169,0.304492,0.518322,0.615704,0.304442,0.236879,0.449133
D:/BTL/repo/smart-posture-monitor/data/raw/lean_left/nguoi8_ss1/frame_0025.jpg,ss1,nguoi8,lean_left,17.350924,-5.951084,-0.018592,0.309829,0.436330,0.284247,0.562787,-0.143329,0.616933,0.025583,-0.126457,0.179320,0.341358,0.535143,0.630496,0.443924,0.362557,0.487821
D:/BTL/repo/smart-posture-monitor/data/raw/lean_left/nguoi8_ss1/frame_0026.jpg,ss1,nguoi8,lean_left,20.897278,-6.295019,-0.019648,0.307176,0.421225,0.280168,0.549248,-0.145752,0.603562,0.027008,-0.128023,0.179189,0.339791,0.521333,0.616577,0.447213,0.362508,0.488252
D:/BTL/repo/smart-posture-monitor/data/raw/lean_left/nguoi8_ss1/frame_0027.jpg,ss1,nguoi8,lean_left,20.663109,-4.883657,-0.016283,0.248719,0.429159,0.222162,0.560895,-0.184462,0.592573,0.026557,-0.131736,0.191268,0.312225,0.496023,0.603290,0.365682,0.288460,0.462980
D:/BTL/repo/smart-posture-monitor/data/raw/lean_left/nguoi8_ss1/frame_0028.jpg,ss1,nguoi8,lean_left,20.901257,-7.017921,-0.028177,0.008253,0.512380,0.021418,0.625044,-0.258744,0.614941,-0.013165,-0.112664,0.230618,0.167474,0.512447,0.625411,0.011528,0.026753,0.286018
D:/BTL/repo/smart-posture-monitor/data/raw/lean_left/nguoi8_ss1/frame_0029.jpg,ss1,nguoi8,lean_left,22.514324,-0.818984,-0.003250,-0.063622,0.579546,-0.043063,0.678760,-0.283880,0.596920,-0.020559,-0.099214,0.227377,0.152089,0.583028,0.680125,-0.082955,-0.051038,0.220942
D:/BTL/repo/smart-posture-monitor/data/raw/lean_left/nguoi8_ss1/frame_0030.jpg,ss1,nguoi8,lean_left,22.574034,-3.049583,-0.011921,-0.067234,0.571665,-0.038454,0.678375,-0.265113,0.626657,-0.028780,-0.106709,0.224074,0.128458,0.575605,0.679464,-0.088330,-0.045600,0.205378
D:/BTL/repo/smart-posture-monitor/data/raw/lean_left/nguoi8_ss1/frame_0031.jpg,ss1,nguoi8,lean_left,24.947956,-2.706778,-0.010163,-0.033177,0.585558,-0.008649,0.681230,-0.238761,0.614004,-0.024529,-0.095672,0.215209,0.142359,0.586497,0.681285,-0.043065,-0.010235,0.207542
D:/BTL/repo/smart-posture-monitor/data/raw/lean_left/nguoi8_ss1/frame_0032.jpg,ss1,nguoi8,lean_left,22.458021,-2.978699,-0.011711,-0.054604,0.587059,-0.030226,0.682830,-0.272034,0.605419,-0.024378,-0.095771,0.225366,0.153772,0.589593,0.683499,-0.070708,-0.035700,0.218204
D:/BTL/repo/smart-posture-monitor/data/raw/lean_left/nguoi8_ss1/frame_0033.jpg,ss1,nguoi8,lean_left,22.689791,-3.361749,-0.013236,-0.053985,0.600511,-0.026954,0.696283,-0.265445,0.622438,-0.027031,-0.095772,0.225717,0.149354,0.602932,0.696804,-0.068989,-0.031434,0.212593
D:/BTL/repo/smart-posture-monitor/data/raw/lean_left/nguoi8_ss1/frame_0034.jpg,ss1,nguoi8,lean_left,22.380533,-5.422459,-0.020764,-0.023480,0.617878,0.001852,0.705822,-0.242794,0.629058,-0.025331,-0.087944,0.219729,0.160913,0.618324,0.705824,-0.029532,0.002141,0.219599
D:/BTL/repo/smart-posture-monitor/data/raw/lean_left/nguoi8_ss1/frame_0035.jpg,ss1,nguoi8,lean_left,24.422396,-3.054182,-0.012036,-0.053028,0.597571,-0.023699,0.696995,-0.259327,0.626812,-0.029329,-0.099424,0.225897,0.144555,0.599919,0.697398,-0.067965,-0.027621,0.208361
D:/BTL/repo/smart-posture-monitor/data/raw/lean_left/nguoi8_ss1/frame_0036.jpg,ss1,nguoi8,lean_left,23.145020,-2.468955,-0.009728,-0.055894,0.576129,-0.030833,0.679394,-0.266253,0.617186,-0.025061,-0.103265,0.225817,0.139762,0.578834,0.680093,-0.073159,-0.036536,0.214328
D:/BTL/repo/smart-posture-monitor/data/raw/lean_left/nguoi8_ss1/frame_0037.jpg,ss1,nguoi8,lean_left,22.820402,-3.660773,-0.014476,-0.067238,0.566928,-0.038072,0.673516,-0.270647,0.622026,-0.029166,-0.106587,0.226721,0.133102,0.570902,0.674591,-0.088751,-0.045357,0.210739
D:/BTL/repo/smart-posture-monitor/data/raw/lean_left/nguoi8_ss1/frame_0038.jpg,ss1,nguoi8,lean_left,21.077419,-1.676346,-0.006593,-0.064551,0.553412,-0.042947,0.662773,-0.274343,0.613283,-0.021604,-0.109361,0.225389,0.129954,0.557164,0.664163,-0.086370,-0.051685,0.218168
D:/BTL/repo/smart-posture-monitor/data/raw/lean_left/nguoi8_ss1/frame_0039.jpg,ss1,nguoi8,lean_left,21.535265,-3.052579,-0.012166,-0.071714,0.565729,-0.045564,0.675510,-0.280812,0.626309,-0.026150,-0.109781,0.228461,0.133195,0.570257,0.677045,-0.094743,-0.054164,0.217697
D:/BTL/repo/smart-posture-monitor/data/raw/lean_left/nguoi8_ss1/frame_0040.jpg,ss1,nguoi8,lean_left,21.852850,-0.090010,-0.000353,-0.098795,0.565492,-0.071949,0.671635,-0.292342,0.605848,-0.026846,-0.106143,0.224931,0.126490,0.574057,0.675478,-0.130253,-0.085725,0.197709
D:/BTL/repo/smart-posture-monitor/data/raw/lean_left/nguoi8_ss1/frame_0041.jpg,ss1,nguoi8,lean_left,23.168909,-1.862180,-0.007034,-0.084749,0.574544,-0.055552,0.678171,-0.268712,0.627434,-0.029196,-0.103626,0.216452,0.118180,0.580761,0.680442,-0.110879,-0.065839,0.191415
D:/BTL/repo/smart-posture-monitor/data/raw/lean_left/nguoi8_ss1/frame_0042.jpg,ss1,nguoi8,lean_left,23.626368,-1.253930,-0.004878,-0.081680,0.572176,-0.052531,0.676646,-0.271838,0.618033,-0.029148,-0.104470,0.222906,0.123957,0.577977,0.678682,-0.107141,-0.062359,0.195609
D:/BTL/repo/smart-posture-monitor/data/raw/lean_left/nguoi8_ss1/frame_0043.jpg,ss1,nguoi8,lean_left,24.374847,-0.007207,-0.000027,-0.086689,0.566026,-0.056765,0.673148,-0.260111,0.619057,-0.029924,-0.107122,0.213398,0.110761,0.572626,0.675537,-0.114359,-0.067596,0.181349
D:/BTL/repo/smart-posture-monitor/data/raw/lean_left/nguoi8_ss1/frame_0044.jpg,ss1,nguoi8,lean_left,24.802568,-0.752335,-0.002790,-0.085612,0.575780,-0.053143,0.682846,-0.255448,0.628878,-0.032469,-0.107066,0.212447,0.110898,0.582110,0.684911,-0.111863,-0.062711,0.177943
D:/BTL/repo/smart-posture-monitor/data/raw/lean_left/nguoi8_ss1/frame_0045.jpg,ss1,nguoi8,lean_left,25.397425,-0.370759,-0.001351,-0.085024,0.572537,-0.053214,0.676305,-0.250522,0.621515,-0.031809,-0.103767,0.208806,0.108204,0.578816,0.678395,-0.111457,-0.063189,0.172594
D:/BTL/repo/smart-posture-monitor/data/raw/lean_left/nguoi8_ss1/frame_0046.jpg,ss1,nguoi8,lean_left,26.018082,-2.967423,-0.011274,-0.087428,0.586139,-0.053384,0.693050,-0.265549,0.647971,-0.034044,-0.106910,0.217783,0.115185,0.592624,0.695103,-0.113057,-0.062388,0.188547
D:/BTL/repo/smart-posture-monitor/data/raw/lean_left/nguoi8_ss1/frame_0047.jpg,ss1,nguoi8,lean_left,26.155880,-3.655564,-0.013648,-0.072207,0.568860,-0.037913,0.675805,-0.245300,0.641933,-0.034295,-0.106945,0.214058,0.108497,0.573424,0.676868,-0.095096,-0.045069,0.187885
D:/BTL/repo/smart-posture-monitor/data/raw/lean_left/nguoi8_ss1/frame_0048.jpg,ss1,nguoi8,lean_left,25.998823,-4.366907,-0.016780,-0.092385,0.581083,-0.056115,0.691207,-0.267680,0.660835,-0.036270,-0.110123,0.220369,0.108836,0.588382,0.693481,-0.120012,-0.065686,0.192584
D:/BTL/repo/smart-posture-monitor/data/raw/lean_left/nguoi8_ss1/frame_0049.jpg,ss1,nguoi8,lean_left,25.192331,-0.492283,-0.001875,-0.097251,0.579782,-0.067680,0.687889,-0.279888,0.629601,-0.029571,-0.108107,0.218240,0.118894,0.587882,0.691211,-0.126438,-0.079421,0.189310
D:/BTL/repo/smart-posture-monitor/data/raw/lean_left/nguoi8_ss1/frame_0050.jpg,ss1,nguoi8,lean_left,26.030758,0.068677,0.000257,-0.108914,0.581298,-0.077269,0.688232,-0.279921,0.625932,-0.031645,-0.106934,0.214312,0.113951,0.591413,0.692556,-0.141223,-0.090587,0.176735
D:/BTL/repo/smart-posture-monitor/data/raw/lean_left/nguoi8_ss1/frame_0051.jpg,ss1,nguoi8,lean_left,25.995607,-0.122500,-0.000471,-0.120082,0.578957,-0.089896,0.688416,-0.301386,0.623507,-0.030186,-0.109459,0.220219,0.120506,0.591279,0.694261,-0.155867,-0.105271,0.186697
D:/BTL/repo/smart-posture-monitor/data/raw/lean_left/nguoi8_ss1/frame_0052.jpg,ss1,nguoi8,lean_left,26.663036,0.027973,0.000107,-0.100404,0.578833,-0.071849,0.687175,-0.287609,0.618470,-0.028555,-0.108342,0.219698,0.126215,0.587476,0.690921,-0.130619,-0.084348,0.191355
D:/BTL/repo/smart-posture-monitor/data/raw/lean_left/nguoi8_ss1/frame_0053.jpg,ss1,nguoi8,lean_left,25.159571,-4.102043,-0.016051,-0.043942,0.589348,-0.017141,0.690588,-0.262043,0.624720,-0.026802,-0.101241,0.224387,0.152146,0.590984,0.690801,-0.056802,-0.020102,0.220951
D:/BTL/repo/smart-posture-monitor/data/raw/lean_left/nguoi8_ss1/frame_0054.jpg,ss1,nguoi8,lean_left,21.231369,-2.654193,-0.010822,-0.093037,0.579810,-0.061030,0.695678,-0.287480,0.649821,-0.032006,-0.115868,0.233689,0.121116,0.587226,0.698350,-0.121003,-0.071118,0.206663
D:/BTL/repo/smart-posture-monitor/data/raw/lean_left/nguoi8_ss1/frame_0055.jpg,ss1,nguoi8,lean_left,23.740589,0.509357,0.002074,-0.091993,0.599057,-0.064748,0.705696,-0.295545,0.621992,-0.027245,-0.106639,0.233284,0.140948,0.606080,0.708660,-0.117412,-0.074725,0.204840
D:/BTL/repo/smart-posture-monitor/data/raw/lean_left/nguoi8_ss1/frame_0056.jpg,ss1,nguoi8,lean_left,24.312983,-2.073547,-0.008498,-0.058755,0.608249,-0.032784,0.711389,-0.280592,0.632320,-0.025972,-0.103140,0.234873,0.154786,0.611081,0.712144,-0.074497,-0.037685,0.223139
D:/BTL/repo/smart-posture-monitor/data/raw/lean_left/nguoi8_ss1/frame_0057.jpg,ss1,nguoi8,lean_left,27.926971,-3.400734,-0.013261,-0.048965,0.607258,-0.015154,0.707708,-0.242466,0.641061,-0.033811,-0.100450,0.223560,0.136978,0.609229,0.707870,-0.062176,-0.017486,0.196432
D:/BTL/repo/smart-posture-monitor/data/raw/lean_left/nguoi8_ss1/frame_0058.jpg,ss1,nguoi8,lean_left,28.911543,-5.612983,-0.022048,-0.031074,0.605459,0.009191,0.707203,-0.218667,0.651068,-0.040266,-0.101745,0.225420,0.133770,0.606256,0.707263,-0.039555,0.010612,0.193058
D:/BTL/repo/smart-posture-monitor/data/raw/lean_left/nguoi8_ss1/frame_0059.jpg,ss1,nguoi8,lean_left,23.628384,-0.387039,-0.001601,-0.069109,0.602963,-0.042435,0.710502,-0.284508,0.623261,-0.026673,-0.107539,0.236935,0.151757,0.606911,0.711768,-0.088024,-0.048805,0.216354
D:/BTL/repo/smart-posture-monitor/data/raw/lean_left/nguoi8_ss1/frame_0060.jpg,ss1,nguoi8,lean_left,25.136915,1.015874,0.004090,-0.051672,0.591583,-0.030163,0.697930,-0.269824,0.610008,-0.021509,-0.106347,0.230694,0.151107,0.593835,0.698582,-0.066624,-0.035118,0.218928
D:/BTL/repo/smart-posture-monitor/data/raw/lean_left/nguoi9_ss1/frame_0001.jpg,ss1,nguoi9,lean_left,9.004447,-3.482824,-0.013232,0.085465,0.541590,0.075563,0.651872,-0.223162,0.597298,0.009902,-0.110282,0.217817,0.199627,0.548292,0.656237,0.115527,0.091732,0.313615
D:/BTL/repo/smart-posture-monitor/data/raw/lean_left/nguoi9_ss1/frame_0002.jpg,ss1,nguoi9,lean_left,10.526914,-9.328321,-0.025582,0.315609,0.552065,0.269839,0.660259,-0.139598,0.622499,0.045769,-0.108194,0.157825,0.335400,0.635912,0.713270,0.402838,0.314971,0.460624
D:/BTL/repo/smart-posture-monitor/data/raw/lean_left/nguoi9_ss1/frame_0003.jpg,ss1,nguoi9,lean_left,9.767522,-9.371614,-0.031341,0.273428,0.558386,0.238048,0.666124,-0.160108,0.624328,0.035380,-0.107738,0.192470,0.308604,0.621738,0.707381,0.351329,0.278422,0.438523
D:/BTL/repo/smart-posture-monitor/data/raw/lean_left/nguoi9_ss1/frame_0004.jpg,ss1,nguoi9,lean_left,8.158420,-6.774602,-0.023609,0.256660,0.556201,0.225286,0.668267,-0.154443,0.627983,0.031374,-0.112066,0.200138,0.285156,0.612564,0.705220,0.331989,0.263686,0.417323
D:/BTL/repo/smart-posture-monitor/data/raw/lean_left/nguoi9_ss1/frame_0005.jpg,ss1,nguoi9,lean_left,7.633396,-13.995300,-0.039528,0.352620,0.478540,0.329383,0.600960,-0.086192,0.651940,0.023237,-0.122420,0.163444,0.337725,0.594425,0.685307,0.477011,0.399511,0.471830
D:/BTL/repo/smart-posture-monitor/data/raw/lean_left/nguoi9_ss1/frame_0006.jpg,ss1,nguoi9,lean_left,8.727793,-16.122547,-0.051527,0.359601,0.491698,0.337891,0.611784,-0.081264,0.645527,0.021710,-0.120086,0.185556,0.330123,0.609163,0.698892,0.478943,0.404571,0.466931
D:/BTL/repo/smart-posture-monitor/data/raw/lean_left/nguoi9_ss1/frame_0007.jpg,ss1,nguoi9,lean_left,9.808997,-8.875463,-0.033883,0.272248,0.511630,0.250525,0.635716,-0.146954,0.632364,0.021723,-0.124087,0.219611,0.289701,0.579555,0.683299,0.366322,0.300662,0.436242
D:/BTL/repo/smart-posture-monitor/data/raw/lean_left/nguoi9_ss1/frame_0008.jpg,ss1,nguoi9,lean_left,14.616494,-15.260320,-0.057045,0.413239,0.493948,0.398522,0.621352,-0.029256,0.668867,0.014717,-0.127404,0.216733,0.323790,0.644012,0.738173,0.536753,0.462854,0.475813
D:/BTL/repo/smart-posture-monitor/data/raw/lean_left/nguoi9_ss1/frame_0009.jpg,ss1,nguoi9,lean_left,9.980612,-11.192017,-0.045847,0.293374,0.495795,0.282012,0.630482,-0.100298,0.636752,0.011362,-0.134688,0.236204,0.266974,0.576091,0.690680,0.398422,0.337412,0.418147
D:/BTL/repo/smart-posture-monitor/data/raw/lean_left/nguoi9_ss1/frame_0010.jpg,ss1,nguoi9,lean_left,4.126073,-4.387094,-0.017774,0.140117,0.494713,0.128524,0.623313,-0.210284,0.607793,0.011593,-0.128600,0.232363,0.224299,0.514173,0.636426,0.197240,0.159577,0.368195
D:/BTL/repo/smart-posture-monitor/data/raw/lean_left/nguoi9_ss1/frame_0011.jpg,ss1,nguoi9,lean_left,6.923493,-4.072971,-0.016198,0.174564,0.509169,0.151635,0.632786,-0.230512,0.610400,0.022929,-0.123618,0.228060,0.270131,0.538261,0.650701,0.240871,0.185980,0.417534
D:/BTL/repo/smart-posture-monitor/data/raw/lean_left/nguoi9_ss1/frame_0012.jpg,ss1,nguoi9,lean_left,9.608980,-3.327345,-0.013618,0.187202,0.522411,0.162272,0.644564,-0.219561,0.610697,0.024929,-0.122153,0.234623,0.267826,0.554939,0.664677,0.254329,0.196475,0.416233
D:/BTL/repo/smart-posture-monitor/data/raw/lean_left/nguoi9_ss1/frame_0013.jpg,ss1,nguoi9,lean_left,7.822761,-2.415644,-0.009736,0.182819,0.425697,0.166679,0.555282,-0.215640,0.578475,0.016140,-0.129585,0.230993,0.267553,0.463293,0.579759,0.273780,0.219997,0.426744
D:/BTL/repo/smart-posture-monitor/data/raw/lean_left/nguoi9_ss1/frame_0014.jpg,ss1,nguoi9,lean_left,7.626987,-3.346589,-0.013643,0.164303,0.415753,0.153869,0.548458,-0.220108,0.586850,0.010434,-0.132705,0.233706,0.259253,0.447042,0.569633,0.249315,0.204888,0.420769
D:/BTL/repo/smart-posture-monitor/data/raw/lean_left/nguoi9_ss1/frame_0015.jpg,ss1,nguoi9,lean_left,6.722008,-0.700328,-0.002876,0.167893,0.413046,0.150609,0.544039,-0.229475,0.567262,0.017284,-0.130993,0.235336,0.263327,0.445864,0.564501,0.255292,0.201528,0.426243
D:/BTL/repo/smart-posture-monitor/data/raw/lean_left/nguoi9_ss1/frame_0016.jpg,ss1,nguoi9,lean_left,6.182847,0.205687,0.000869,0.158922,0.405613,0.142490,0.537098,-0.237723,0.566071,0.016431,-0.131485,0.242024,0.260866,0.435636,0.555678,0.243798,0.192214,0.427871
D:/BTL/repo/smart-posture-monitor/data/raw/lean_left/nguoi9_ss1/frame_0017.jpg,ss1,nguoi9,lean_left,6.050033,-0.957713,-0.003922,0.172526,0.404983,0.155618,0.539312,-0.221819,0.564578,0.016909,-0.134329,0.234667,0.261161,0.440201,0.561315,0.264233,0.209048,0.425416
D:/BTL/repo/smart-posture-monitor/data/raw/lean_left/nguoi9_ss1/frame_0018.jpg,ss1,nguoi9,lean_left,5.961722,-0.212356,-0.000872,0.177715,0.409303,0.157126,0.544087,-0.222130,0.556946,0.020590,-0.134784,0.235376,0.261863,0.446220,0.566321,0.270767,0.210026,0.426233
D:/BTL/repo/smart-posture-monitor/data/raw/lean_left/nguoi9_ss1/frame_0019.jpg,ss1,nguoi9,lean_left,6.196047,-2.672538,-0.010742,0.164878,0.412762,0.150873,0.550333,-0.208051,0.567704,0.014005,-0.137571,0.230378,0.244156,0.444474,0.570639,0.250907,0.200618,0.403836
D:/BTL/repo/smart-posture-monitor/data/raw/lean_left/nguoi9_ss1/frame_0020.jpg,ss1,nguoi9,lean_left,6.289754,-3.291307,-0.012875,0.182902,0.430248,0.162923,0.566236,-0.205180,0.566899,0.019980,-0.135988,0.224252,0.256227,0.467511,0.589208,0.272661,0.212859,0.411439
D:/BTL/repo/smart-posture-monitor/data/raw/lean_left/nguoi9_ss1/frame_0021.jpg,ss1,nguoi9,lean_left,5.639359,-3.530370,-0.014487,0.125354,0.428824,0.115022,0.564320,-0.216645,0.555980,0.010333,-0.135497,0.235258,0.214827,0.446770,0.575923,0.188831,0.151562,0.364873
D:/BTL/repo/smart-posture-monitor/data/raw/lean_left/nguoi9_ss1/frame_0022.jpg,ss1,nguoi9,lean_left,5.478218,-3.612397,-0.015160,0.129909,0.431792,0.119484,0.569690,-0.218867,0.562995,0.010424,-0.137898,0.240614,0.218749,0.450911,0.582085,0.195001,0.156527,0.372637
D:/BTL/repo/smart-posture-monitor/data/raw/lean_left/nguoi9_ss1/frame_0023.jpg,ss1,nguoi9,lean_left,4.395997,-1.140104,-0.004867,0.093869,0.409431,0.087999,0.546205,-0.234632,0.563604,0.005870,-0.136774,0.244587,0.200920,0.420054,0.553248,0.144634,0.118381,0.362880
D:/BTL/repo/smart-posture-monitor/data/raw/lean_left/nguoi9_ss1/frame_0024.jpg,ss1,nguoi9,lean_left,4.088192,-4.302388,-0.018703,0.031111,0.409643,0.041319,0.549139,-0.253801,0.586769,-0.010209,-0.139496,0.249304,0.173144,0.410823,0.550691,0.048108,0.055589,0.335482
D:/BTL/repo/smart-posture-monitor/data/raw/lean_left/nguoi9_ss1/frame_0025.jpg,ss1,nguoi9,lean_left,3.553699,-3.407511,-0.015578,0.014946,0.368918,0.023893,0.515239,-0.274709,0.569206,-0.008947,-0.146321,0.262086,0.174029,0.369221,0.515793,0.024051,0.033269,0.352158
D:/BTL/repo/smart-posture-monitor/data/raw/lean_left/nguoi9_ss1/frame_0026.jpg,ss1,nguoi9,lean_left,5.797606,-1.279969,-0.005170,0.224607,0.348915,0.210762,0.486403,-0.204904,0.563230,0.013845,-0.137488,0.231424,0.309033,0.414957,0.530102,0.359734,0.295358,0.480011
D:/BTL/repo/smart-posture-monitor/data/raw/lean_left/nguoi9_ss1/frame_0027.jpg,ss1,nguoi9,lean_left,3.272761,1.002668,0.004599,0.025556,0.360668,0.023326,0.509732,-0.276107,0.561917,0.002229,-0.149064,0.262817,0.176658,0.361572,0.510265,0.041440,0.032660,0.362632
D:/BTL/repo/smart-posture-monitor/data/raw/lean_left/nguoi9_ss1/frame_0028.jpg,ss1,nguoi9,lean_left,3.392996,-0.559318,-0.002570,-0.000102,0.348371,0.002390,0.496085,-0.291730,0.552382,-0.002492,-0.147714,0.263259,0.171555,0.348371,0.496091,-0.000167,0.003393,0.355903
D:/BTL/repo/smart-posture-monitor/data/raw/lean_left/nguoi9_ss1/frame_0029.jpg,ss1,nguoi9,lean_left,2.959718,0.181129,0.000833,0.007845,0.355037,0.007368,0.499362,-0.290916,0.555431,0.000477,-0.144325,0.263618,0.175797,0.355124,0.499417,0.012793,0.010426,0.359744
D:/BTL/repo/smart-posture-monitor/data/raw/lean_left/nguoi9_ss1/frame_0030.jpg,ss1,nguoi9,lean_left,2.862752,-0.021327,-0.000099,0.017568,0.354817,0.016344,0.500690,-0.292167,0.556631,0.001224,-0.145873,0.266923,0.183756,0.355252,0.500957,0.028650,0.023095,0.369682
D:/BTL/repo/smart-posture-monitor/data/raw/lean_left/nguoi9_ss1/frame_0031.jpg,ss1,nguoi9,lean_left,2.954278,0.247645,0.001164,0.018735,0.353163,0.016906,0.501383,-0.294128,0.555419,0.001829,-0.148220,0.269388,0.184606,0.353660,0.501668,0.030601,0.023873,0.372546
D:/BTL/repo/smart-posture-monitor/data/raw/lean_left/nguoi9_ss1/frame_0032.jpg,ss1,nguoi9,lean_left,2.701378,1.742205,0.008055,0.018401,0.343339,0.013979,0.493078,-0.287781,0.543407,0.004422,-0.149739,0.264946,0.177857,0.343832,0.493276,0.030334,0.019904,0.365752
D:/BTL/repo/smart-posture-monitor/data/raw/lean_left/nguoi9_ss1/frame_0033.jpg,ss1,nguoi9,lean_left,2.864070,0.816708,0.003808,0.018289,0.352711,0.014845,0.498547,-0.291981,0.553504,0.003444,-0.145837,0.267134,0.182364,0.353185,0.498768,0.029885,0.021022,0.369574
D:/BTL/repo/smart-posture-monitor/data/raw/lean_left/nguoi9_ss1/frame_0034.jpg,ss1,nguoi9,lean_left,2.681572,0.351636,0.001627,0.024141,0.347737,0.021726,0.497092,-0.285176,0.563999,0.002415,-0.149356,0.265104,0.187043,0.348573,0.497567,0.039628,0.030808,0.377421
D:/BTL/repo/smart-posture-monitor/data/raw/lean_left/nguoi9_ss1/frame_0035.jpg,ss1,nguoi9,lean_left,3.033565,0.751053,0.003547,0.021819,0.345006,0.018500,0.490652,-0.291719,0.547802,0.003319,-0.145645,0.270569,0.184604,0.345695,0.491000,0.035910,0.026405,0.373407
D:/BTL/repo/smart-posture-monitor/data/raw/lean_left/nguoi9_ss1/frame_0036.jpg,ss1,nguoi9,lean_left,2.443078,2.537534,0.011822,0.032523,0.353633,0.025675,0.508198,-0.279039,0.561776,0.006848,-0.154565,0.267019,0.181369,0.355125,0.508846,0.053080,0.036002,0.374692
D:/BTL/repo/smart-posture-monitor/data/raw/lean_left/nguoi9_ss1/frame_0037.jpg,ss1,nguoi9,lean_left,3.961995,-0.417004,-0.001845,0.070616,0.402814,0.067039,0.551145,-0.249914,0.572214,0.003577,-0.148331,0.253510,0.191265,0.408957,0.555207,0.109718,0.089887,0.362540
D:/BTL/repo/smart-posture-monitor/data/raw/lean_left/nguoi9_ss1/frame_0038.jpg,ss1,nguoi9,lean_left,4.170620,-0.268481,-0.001188,0.092160,0.401018,0.084966,0.548217,-0.243931,0.565980,0.007193,-0.147199,0.253498,0.202878,0.411472,0.554763,0.143201,0.114102,0.374392
D:/BTL/repo/smart-posture-monitor/data/raw/lean_left/nguoi9_ss1/frame_0039.jpg,ss1,nguoi9,lean_left,3.904375,-0.343113,-0.001520,0.086519,0.393142,0.080305,0.541678,-0.245790,0.562042,0.006213,-0.148536,0.253806,0.200157,0.402549,0.547598,0.135541,0.108589,0.372769
D:/BTL/repo/smart-posture-monitor/data/raw/lean_left/nguoi9_ss1/frame_0040.jpg,ss1,nguoi9,lean_left,4.362643,2.251223,0.009898,0.139093,0.348075,0.124175,0.499438,-0.235697,0.549362,0.014919,-0.151362,0.251978,0.240328,0.374838,0.514643,0.226326,0.174349,0.425422
D:/BTL/repo/smart-posture-monitor/data/raw/lean_left/nguoi9_ss1/frame_0041.jpg,ss1,nguoi9,lean_left,3.176981,1.427582,0.006589,0.087569,0.336106,0.078695,0.486242,-0.261112,0.560797,0.008873,-0.150136,0.264458,0.221735,0.347326,0.492569,0.144868,0.112484,0.414807
D:/BTL/repo/smart-posture-monitor/data/raw/lean_left/nguoi9_ss1/frame_0042.jpg,ss1,nguoi9,lean_left,2.057941,-0.571074,-0.002826,0.009135,0.306862,0.010733,0.466153,-0.304028,0.543562,-0.001598,-0.159291,0.283489,0.188978,0.306998,0.466276,0.015571,0.015700,0.392553
D:/BTL/repo/smart-posture-monitor/data/raw/lean_left/nguoi9_ss1/frame_0043.jpg,ss1,nguoi9,lean_left,2.134973,-0.909372,-0.004591,0.003895,0.302841,0.006138,0.458813,-0.313599,0.538189,-0.002243,-0.155972,0.289256,0.191339,0.302866,0.458854,0.006663,0.009045,0.395210
D:/BTL/repo/smart-posture-monitor/data/raw/lean_left/nguoi9_ss1/frame_0044.jpg,ss1,nguoi9,lean_left,2.688415,-0.029316,-0.000139,-0.000922,0.312663,-0.000664,0.465370,-0.300706,0.538916,-0.000258,-0.152706,0.272289,0.179614,0.312665,0.465370,-0.001563,-0.000972,0.375580
D:/BTL/repo/smart-posture-monitor/data/raw/lean_left/nguoi9_ss1/frame_0045.jpg,ss1,nguoi9,lean_left,3.040224,-0.001736,-0.000008,-0.002966,0.316613,-0.002052,0.466409,-0.299857,0.531821,-0.000914,-0.149796,0.270745,0.175107,0.316627,0.466414,-0.005012,-0.003001,0.366686
D:/BTL/repo/smart-posture-monitor/data/raw/lean_left/nguoi9_ss1/frame_0046.jpg,ss1,nguoi9,lean_left,2.750204,0.270271,0.001269,0.014997,0.321808,0.013118,0.468255,-0.292683,0.530777,0.001879,-0.146448,0.269031,0.182560,0.322157,0.468439,0.025219,0.019148,0.371934
D:/BTL/repo/smart-posture-monitor/data/raw/lean_left/nguoi9_ss1/frame_0047.jpg,ss1,nguoi9,lean_left,3.786921,0.539066,0.002507,0.086259,0.360721,0.079948,0.519052,-0.257972,0.561045,0.006311,-0.158331,0.266492,0.209199,0.370891,0.525173,0.139437,0.110576,0.398277
D:/BTL/repo/smart-posture-monitor/data/raw/lean_left/nguoi9_ss1/frame_0048.jpg,ss1,nguoi9,lean_left,3.340195,3.162792,0.014129,0.058015,0.407833,0.045593,0.551308,-0.271130,0.553411,0.012422,-0.143475,0.256087,0.189097,0.411938,0.553190,0.089768,0.061196,0.359902
D:/BTL/repo/smart-posture-monitor/data/raw/lean_left/nguoi9_ss1/frame_0049.jpg,ss1,nguoi9,lean_left,3.236769,2.133468,0.009514,0.055443,0.408930,0.046648,0.550740,-0.266317,0.563070,0.008795,-0.141810,0.255559,0.186061,0.412671,0.552712,0.085708,0.062644,0.356776
D:/BTL/repo/smart-posture-monitor/data/raw/lean_left/nguoi9_ss1/frame_0050.jpg,ss1,nguoi9,lean_left,4.090193,0.764609,0.003317,0.080863,0.402830,0.072200,0.546445,-0.249956,0.561041,0.008663,-0.143614,0.248600,0.198534,0.410866,0.551194,0.125543,0.097226,0.366704
D:/BTL/repo/smart-posture-monitor/data/raw/lean_left/nguoi9_ss1/frame_0051.jpg,ss1,nguoi9,lean_left,4.164326,-0.328440,-0.001450,0.087003,0.394069,0.080374,0.540988,-0.247489,0.561455,0.006629,-0.146918,0.252980,0.202341,0.403560,0.546926,0.136172,0.108756,0.374036
D:/BTL/repo/smart-posture-monitor/data/raw/lean_left/nguoi9_ss1/frame_0052.jpg,ss1,nguoi9,lean_left,3.127124,0.524045,0.002336,0.074925,0.378044,0.068406,0.525744,-0.253964,0.563743,0.006519,-0.147701,0.255414,0.198569,0.385397,0.530176,0.119218,0.094062,0.377693
D:/BTL/repo/smart-posture-monitor/data/raw/lean_left/nguoi9_ss1/frame_0053.jpg,ss1,nguoi9,lean_left,3.973889,0.725609,0.003203,0.105553,0.353982,0.097613,0.507082,-0.238027,0.554457,0.007940,-0.153100,0.252959,0.214828,0.369384,0.516392,0.171433,0.136417,0.397791
D:/BTL/repo/smart-posture-monitor/data/raw/lean_left/nguoi9_ss1/frame_0054.jpg,ss1,nguoi9,lean_left,3.847195,-0.400169,-0.001768,0.099767,0.365036,0.092671,0.514497,-0.246729,0.553225,0.007096,-0.149461,0.253102,0.216190,0.378424,0.522776,0.160420,0.128615,0.394302
D:/BTL/repo/smart-posture-monitor/data/raw/lean_left/nguoi9_ss1/frame_0055.jpg,ss1,nguoi9,lean_left,3.231310,2.838973,0.012850,0.097461,0.369512,0.083302,0.518434,-0.255795,0.545496,0.014159,-0.148922,0.259435,0.212198,0.382149,0.525084,0.156073,0.115255,0.394664
D:/BTL/repo/smart-posture-monitor/data/raw/lean_left/nguoi9_ss1/frame_0056.jpg,ss1,nguoi9,lean_left,2.583699,0.785649,0.003593,0.020436,0.343311,0.017654,0.489005,-0.281672,0.543693,0.002781,-0.145695,0.262065,0.177531,0.343919,0.489324,0.033688,0.025239,0.362522
D:/BTL/repo/smart-posture-monitor/data/raw/lean_left/nguoi9_ss1/frame_0057.jpg,ss1,nguoi9,lean_left,3.178432,-4.788723,-0.023734,-0.014639,0.305776,0.003088,0.462558,-0.301877,0.551995,-0.017727,-0.156782,0.284298,0.180799,0.306126,0.462568,-0.024975,0.004533,0.378325
D:/BTL/repo/smart-posture-monitor/data/raw/lean_left/nguoi9_ss1/frame_0058.jpg,ss1,nguoi9,lean_left,1.409379,-1.593340,-0.007849,-0.030172,0.310712,-0.023410,0.464945,-0.328438,0.531937,-0.006762,-0.154233,0.282270,0.175660,0.312174,0.465534,-0.051235,-0.034278,0.371353
D:/BTL/repo/smart-posture-monitor/data/raw/lean_left/nguoi9_ss1/frame_0059.jpg,ss1,nguoi9,lean_left,2.273284,-2.606375,-0.012613,-0.019902,0.308771,-0.011784,0.464788,-0.315087,0.540747,-0.008118,-0.156018,0.277363,0.178882,0.309411,0.464938,-0.033861,-0.017261,0.375430
D:/BTL/repo/smart-posture-monitor/data/raw/lean_left/nguoi9_ss1/frame_0060.jpg,ss1,nguoi9,lean_left,2.893050,-0.034311,-0.000155,0.112542,0.336215,0.107284,0.490643,-0.226658,0.563900,0.005257,-0.154428,0.258404,0.217426,0.354550,0.502235,0.185752,0.152266,0.408530
D:/BTL/repo/smart-posture-monitor/data/raw/lean_left/nguoi9_ss1/frame_0061.jpg,ss1,nguoi9,lean_left,2.922108,-0.340567,-0.001521,0.104720,0.361987,0.099709,0.513472,-0.227081,0.558170,0.005010,-0.151485,0.255866,0.203656,0.376830,0.523063,0.168798,0.138431,0.385460
D:/BTL/repo/smart-posture-monitor/data/raw/lean_left/nguoi9_ss1/frame_0062.jpg,ss1,nguoi9,lean_left,3.513007,0.715328,0.003318,0.070964,0.355516,0.066505,0.512706,-0.261845,0.561294,0.004459,-0.157190,0.265737,0.201845,0.362530,0.517002,0.115408,0.092659,0.391288
D:/BTL/repo/smart-posture-monitor/data/raw/lean_left/nguoi9_ss1/frame_0063.jpg,ss1,nguoi9,lean_left,3.869324,-1.601895,-0.007125,0.068757,0.391360,0.067232,0.538542,-0.250828,0.558378,0.001525,-0.147182,0.254875,0.191366,0.397354,0.542723,0.108045,0.091284,0.360596
D:/BTL/repo/smart-posture-monitor/data/raw/lean_left/nguoi9_ss1/frame_0064.jpg,ss1,nguoi9,lean_left,3.501802,-0.138271,-0.000613,0.065879,0.385601,0.062002,0.534401,-0.251651,0.549975,0.003878,-0.148800,0.254052,0.187251,0.391188,0.537986,0.104123,0.084559,0.357554
D:/BTL/repo/smart-posture-monitor/data/raw/lean_left/nguoi9_ss1/frame_0065.jpg,ss1,nguoi9,lean_left,3.565708,-1.857324,-0.008260,0.073961,0.386106,0.071847,0.534298,-0.251722,0.557695,0.002115,-0.148192,0.254848,0.197155,0.393126,0.539107,0.116777,0.097931,0.368120
D:/BTL/repo/smart-posture-monitor/data/raw/lean_left/nguoi9_ss1/frame_0066.jpg,ss1,nguoi9,lean_left,3.237442,2.872344,0.013734,0.049211,0.346960,0.039070,0.508566,-0.296376,0.535619,0.010141,-0.161605,0.274065,0.201462,0.350433,0.510064,0.080775,0.054740,0.393730
D:/BTL/repo/smart-posture-monitor/data/raw/lean_left/nguoi9_ss1/frame_0067.jpg,ss1,nguoi9,lean_left,3.011396,5.000582,0.022215,-0.002415,0.339607,-0.014113,0.470356,-0.316716,0.483962,0.011698,-0.130749,0.254861,0.177387,0.339616,0.470568,-0.003995,-0.020557,0.345866
D:/BTL/repo/smart-posture-monitor/data/raw/lean_left/nguoi9_ss1/frame_0068.jpg,ss1,nguoi9,lean_left,3.179518,0.159845,0.000693,0.041494,0.434813,0.038889,0.579168,-0.252491,0.559854,0.002606,-0.144356,0.248481,0.168212,0.436788,0.580472,0.062569,0.050788,0.319472
D:/BTL/repo/smart-posture-monitor/data/raw/lean_left/nguoi9_ss1/frame_0069.jpg,ss1,nguoi9,lean_left,2.741575,1.128479,0.004903,0.025885,0.395235,0.021248,0.546353,-0.275669,0.548435,0.004636,-0.151118,0.248935,0.172534,0.396081,0.546766,0.040600,0.028684,0.338238
D:/BTL/repo/smart-posture-monitor/data/raw/lean_left/nguoi9_ss1/frame_0070.jpg,ss1,nguoi9,lean_left,3.804475,1.016988,0.004431,0.070326,0.389797,0.058655,0.537921,-0.259116,0.527110,0.011671,-0.148124,0.249668,0.193149,0.396090,0.541109,0.110668,0.079730,0.356914
D:/BTL/repo/smart-posture-monitor/data/raw/lean_left/nguoi9_ss1/frame_0071.jpg,ss1,nguoi9,lean_left,4.649572,3.631022,0.016240,0.022537,0.398216,0.010260,0.543980,-0.296396,0.528753,0.012278,-0.145764,0.256432,0.178839,0.398853,0.544077,0.035250,0.013885,0.344614
D:/BTL/repo/smart-posture-monitor/data/raw/lean_left/nguoi9_ss1/frame_0072.jpg,ss1,nguoi9,lean_left,6.105871,1.500866,0.006584,-0.010313,0.413491,-0.013808,0.559015,-0.305058,0.553142,0.003495,-0.145524,0.251390,0.165618,0.413619,0.559186,-0.015894,-0.018409,0.326155
D:/BTL/repo/smart-posture-monitor/data/raw/lean_left/nguoi9_ss1/frame_0073.jpg,ss1,nguoi9,lean_left,7.354570,0.221612,0.001020,0.014852,0.403193,0.013284,0.551944,-0.293471,0.549895,0.001568,-0.148751,0.263661,0.174932,0.403467,0.552104,0.023121,0.017836,0.341445
D:/BTL/repo/smart-posture-monitor/data/raw/lean_left/nguoi9_ss1/frame_0074.jpg,ss1,nguoi9,lean_left,7.904659,-0.499538,-0.002228,0.009737,0.400143,0.009932,0.550546,-0.287637,0.543613,-0.000196,-0.150403,0.255583,0.169973,0.400261,0.550636,0.015203,0.013354,0.330174
D:/BTL/repo/smart-posture-monitor/data/raw/lean_left/nguoi9_ss1/frame_0075.jpg,ss1,nguoi9,lean_left,7.842033,0.204590,0.000919,0.006074,0.397383,0.004934,0.549583,-0.292944,0.540008,0.001139,-0.152200,0.257233,0.169508,0.397430,0.549605,0.009509,0.006641,0.331290
D:/BTL/repo/smart-posture-monitor/data/raw/lean_left/nguoi9_ss1/frame_0076.jpg,ss1,nguoi9,lean_left,7.494975,-1.722173,-0.007580,0.018002,0.392067,0.018961,0.541757,-0.284125,0.538019,-0.000959,-0.149691,0.252220,0.177193,0.392480,0.542089,0.028328,0.025715,0.335534
D:/BTL/repo/smart-posture-monitor/data/raw/lean_left/nguoi9_ss1/frame_0077.jpg,ss1,nguoi9,lean_left,7.163781,-2.722649,-0.011759,0.044013,0.398408,0.044614,0.542626,-0.262162,0.542581,-0.000601,-0.144218,0.247544,0.183240,0.400831,0.544457,0.068780,0.060405,0.338421
D:/BTL/repo/smart-posture-monitor/data/raw/lean_left/nguoi9_ss1/frame_0078.jpg,ss1,nguoi9,lean_left,7.190115,-3.389248,-0.014554,0.040816,0.397042,0.043861,0.540248,-0.258455,0.544160,-0.003045,-0.143207,0.246179,0.179473,0.399134,0.542026,0.063877,0.059528,0.333477
D:/BTL/repo/smart-posture-monitor/data/raw/lean_left/nguoi9_ss1/frame_0079.jpg,ss1,nguoi9,lean_left,4.921148,0.532831,0.002312,0.035406,0.385908,0.028612,0.530224,-0.283453,0.536186,0.006795,-0.144316,0.248602,0.187904,0.387529,0.530995,0.056025,0.039243,0.352498
D:/BTL/repo/smart-posture-monitor/data/raw/lean_left/nguoi9_ss1/frame_0080.jpg,ss1,nguoi9,lean_left,3.861208,-0.863272,-0.003711,0.039332,0.381683,0.037790,0.530375,-0.259147,0.545684,0.001542,-0.148692,0.246333,0.174305,0.383704,0.531720,0.062483,0.051809,0.340568
D:/BTL/repo/smart-posture-monitor/data/raw/forward_slouch/nguoi10_ss1/frame_0033.jpg,ss1,nguoi10,forward_slouch,4.497499,-16.366598,-0.047557,0.421783,0.122715,0.439560,0.233382,0.007734,0.506807,-0.017777,-0.110667,0.168774,0.430611,0.439272,0.497675,0.784393,0.727031,0.564769
D:/BTL/repo/smart-posture-monitor/data/raw/forward_slouch/nguoi10_ss1/frame_0034.jpg,ss1,nguoi10,forward_slouch,7.044212,-25.180691,-0.074117,0.426559,0.093302,0.464452,0.201240,0.067263,0.532083,-0.037893,-0.107938,0.174200,0.433205,0.436643,0.506175,0.812506,0.780868,0.567118
D:/BTL/repo/smart-posture-monitor/data/raw/forward_slouch/nguoi10_ss1/frame_0035.jpg,ss1,nguoi10,forward_slouch,2.563185,-25.723213,-0.077966,0.413367,0.118835,0.447507,0.224852,0.053939,0.533825,-0.034141,-0.106017,0.179635,0.413093,0.430109,0.500821,0.774003,0.742924,0.549003
D:/BTL/repo/smart-posture-monitor/data/raw/forward_slouch/nguoi10_ss1/frame_0036.jpg,ss1,nguoi10,forward_slouch,2.163186,-28.007107,-0.078691,0.391666,0.108618,0.427948,0.209194,0.063030,0.528821,-0.036282,-0.100576,0.167577,0.403986,0.406448,0.476342,0.744849,0.729981,0.533453
D:/BTL/repo/smart-posture-monitor/data/raw/forward_slouch/nguoi10_ss1/frame_0037.jpg,ss1,nguoi10,forward_slouch,3.977977,-30.343433,-0.086896,0.424481,0.051620,0.468548,0.153722,0.125725,0.509584,-0.044067,-0.102102,0.172009,0.412005,0.427608,0.493121,0.834446,0.823765,0.546796
D:/BTL/repo/smart-posture-monitor/data/raw/forward_slouch/nguoi10_ss1/frame_0038.jpg,ss1,nguoi10,forward_slouch,4.958451,-30.841963,-0.086650,0.418874,-0.001230,0.465627,0.097932,0.134683,0.473920,-0.046753,-0.099163,0.169016,0.421223,0.418876,0.475814,0.837739,0.866791,0.553654
D:/BTL/repo/smart-posture-monitor/data/raw/forward_slouch/nguoi10_ss1/frame_0039.jpg,ss1,nguoi10,forward_slouch,5.443373,-30.132463,-0.086383,0.423602,-0.019884,0.468646,0.077139,0.130175,0.451004,-0.045044,-0.097023,0.172077,0.423170,0.424068,0.474952,0.844873,0.888445,0.554829
D:/BTL/repo/smart-posture-monitor/data/raw/forward_slouch/nguoi10_ss1/frame_0040.jpg,ss1,nguoi10,forward_slouch,5.055745,-31.776291,-0.090344,0.414224,-0.022601,0.463659,0.069658,0.144933,0.448212,-0.049435,-0.092260,0.171561,0.414201,0.414841,0.468863,0.825800,0.887606,0.542386
D:/BTL/repo/smart-posture-monitor/data/raw/forward_slouch/nguoi10_ss1/frame_0041.jpg,ss1,nguoi10,forward_slouch,4.644811,-34.115993,-0.102665,0.401697,-0.014863,0.455388,0.079114,0.137574,0.467794,-0.053690,-0.093977,0.183046,0.415196,0.401972,0.462209,0.802400,0.867832,0.550199
D:/BTL/repo/smart-posture-monitor/data/raw/forward_slouch/nguoi10_ss1/frame_0042.jpg,ss1,nguoi10,forward_slouch,4.801298,-33.702148,-0.092996,0.409218,-0.017790,0.460307,0.074910,0.150211,0.464648,-0.051089,-0.092700,0.167597,0.419043,0.409605,0.466363,0.816883,0.878448,0.547569
D:/BTL/repo/smart-posture-monitor/data/raw/forward_slouch/nguoi10_ss1/frame_0044.jpg,ss1,nguoi10,forward_slouch,4.588888,-33.098820,-0.091408,0.410059,-0.016329,0.460935,0.074999,0.149174,0.463167,-0.050876,-0.091328,0.167388,0.419137,0.410384,0.466997,0.818795,0.879295,0.545874
D:/BTL/repo/smart-posture-monitor/data/raw/forward_slouch/nguoi10_ss1/frame_0047.jpg,ss1,nguoi10,forward_slouch,4.271652,-33.147629,-0.094212,0.401101,-0.005214,0.451833,0.087761,0.144943,0.471621,-0.050731,-0.092975,0.172297,0.410506,0.401135,0.460277,0.802081,0.855760,0.541284
D:/BTL/repo/smart-posture-monitor/data/raw/forward_slouch/nguoi10_ss1/frame_0050.jpg,ss1,nguoi10,forward_slouch,3.995805,-31.623348,-0.088843,0.438303,0.011553,0.484475,0.111688,0.149643,0.486505,-0.046172,-0.100136,0.169441,0.422099,0.438455,0.497182,0.875604,0.878028,0.555791
D:/BTL/repo/smart-posture-monitor/data/raw/forward_slouch/nguoi10_ss1/frame_0051.jpg,ss1,nguoi10,forward_slouch,4.228174,-29.754564,-0.085133,0.430246,-0.007862,0.474894,0.091553,0.139961,0.461953,-0.044648,-0.099415,0.171540,0.418712,0.430318,0.483638,0.860083,0.884250,0.552260
D:/BTL/repo/smart-posture-monitor/data/raw/forward_slouch/nguoi10_ss1/frame_0058.jpg,ss1,nguoi10,forward_slouch,-1.173131,-4.771038,-0.017893,0.146816,0.237268,0.151934,0.351740,-0.161787,0.443548,-0.005118,-0.114471,0.215126,0.222534,0.279018,0.383151,0.263479,0.245925,0.371197
D:/BTL/repo/smart-posture-monitor/data/raw/forward_slouch/nguoi10_ss1/frame_0059.jpg,ss1,nguoi10,forward_slouch,4.069085,-34.527958,-0.095265,0.403189,-0.009644,0.453303,0.082431,0.150865,0.458109,-0.050114,-0.092076,0.168073,0.402490,0.403304,0.460737,0.805950,0.862121,0.531470
D:/BTL/repo/smart-posture-monitor/data/raw/forward_slouch/nguoi10_ss1/frame_0060.jpg,ss1,nguoi10,forward_slouch,3.263813,-33.440014,-0.094268,0.407823,-0.007409,0.458109,0.085577,0.145083,0.462749,-0.050286,-0.092986,0.171066,0.409048,0.407891,0.466033,0.815380,0.866643,0.538591
D:/BTL/repo/smart-posture-monitor/data/raw/forward_slouch/nguoi10_ss1/frame_0066.jpg,ss1,nguoi10,forward_slouch,3.675720,-34.885452,-0.096427,0.405009,-0.020649,0.456963,0.070391,0.148445,0.457766,-0.051954,-0.091041,0.168598,0.415123,0.405535,0.462353,0.808035,0.877043,0.542869
D:/BTL/repo/smart-posture-monitor/data/raw/forward_slouch/nguoi1_ss1/frame_0001.jpg,ss1,nguoi1,forward_slouch,2.762800,-11.540017,-0.041682,0.805010,0.686786,0.731796,0.860191,0.131678,0.846518,0.073214,-0.173405,0.208354,0.499241,1.058166,1.129360,0.723226,0.611540,0.692018
D:/BTL/repo/smart-posture-monitor/data/raw/forward_slouch/nguoi1_ss1/frame_0002.jpg,ss1,nguoi1,forward_slouch,2.028284,-13.577687,-0.044258,0.801945,0.664093,0.736251,0.825867,0.152012,0.831898,0.065695,-0.161774,0.188521,0.492876,1.041219,1.106400,0.732020,0.627738,0.671247
D:/BTL/repo/smart-posture-monitor/data/raw/forward_slouch/nguoi1_ss1/frame_0004.jpg,ss1,nguoi1,forward_slouch,1.449312,-17.101755,-0.065524,0.754013,0.582284,0.699726,0.772168,0.113859,0.823524,0.054287,-0.189885,0.222819,0.479743,0.952675,1.042046,0.747330,0.629159,0.684100
D:/BTL/repo/smart-posture-monitor/data/raw/forward_slouch/nguoi1_ss1/frame_0005.jpg,ss1,nguoi1,forward_slouch,2.087313,-15.233133,-0.057586,0.720594,0.570300,0.670645,0.750190,0.099998,0.801893,0.049948,-0.179890,0.219171,0.465477,0.918965,1.006256,0.735776,0.621040,0.662400
D:/BTL/repo/smart-posture-monitor/data/raw/forward_slouch/nguoi1_ss1/frame_0006.jpg,ss1,nguoi1,forward_slouch,-0.353462,-9.219479,-0.046039,0.454559,0.694050,0.421099,0.840617,-0.048681,0.786350,0.033460,-0.146566,0.287355,0.336942,0.829657,0.940192,0.484671,0.402709,0.511634
D:/BTL/repo/smart-posture-monitor/data/raw/forward_slouch/nguoi1_ss1/frame_0007.jpg,ss1,nguoi1,forward_slouch,1.259961,-6.790625,-0.024928,0.672948,0.650880,0.600484,0.808135,0.033932,0.773006,0.072463,-0.157255,0.210827,0.464324,0.936217,1.006809,0.667971,0.550980,0.650581
D:/BTL/repo/smart-posture-monitor/data/raw/forward_slouch/nguoi1_ss1/frame_0008.jpg,ss1,nguoi1,forward_slouch,1.554987,-10.694824,-0.040754,0.739931,0.615168,0.672811,0.802339,0.077169,0.817732,0.067120,-0.187171,0.219605,0.487772,0.962252,1.047102,0.723845,0.600259,0.693027
D:/BTL/repo/smart-posture-monitor/data/raw/forward_slouch/nguoi1_ss1/frame_0009.jpg,ss1,nguoi1,forward_slouch,1.011452,-10.411614,-0.041117,0.702274,0.605469,0.645616,0.787610,0.059925,0.822227,0.056657,-0.182141,0.227520,0.474013,0.927244,1.018405,0.707763,0.589282,0.677935
D:/BTL/repo/smart-posture-monitor/data/raw/forward_slouch/nguoi1_ss1/frame_0010.jpg,ss1,nguoi1,forward_slouch,0.811562,-10.033683,-0.040845,0.684117,0.604212,0.626027,0.786606,0.045133,0.810552,0.058090,-0.182395,0.234433,0.465484,0.912737,1.005316,0.697721,0.576929,0.671474
D:/BTL/repo/smart-posture-monitor/data/raw/forward_slouch/nguoi1_ss1/frame_0011.jpg,ss1,nguoi1,forward_slouch,0.803389,-6.777106,-0.025726,0.749803,0.661140,0.676128,0.835546,0.091783,0.815424,0.073675,-0.174406,0.218005,0.477245,0.999656,1.074843,0.707141,0.588803,0.675865
D:/BTL/repo/smart-posture-monitor/data/raw/forward_slouch/nguoi1_ss1/frame_0013.jpg,ss1,nguoi1,forward_slouch,-0.639841,-4.176130,-0.011937,0.750717,0.854326,0.658119,0.986662,0.112756,0.874223,0.092598,-0.132336,0.163924,0.478500,1.137299,1.186011,0.624296,0.522176,0.638271
D:/BTL/repo/smart-posture-monitor/data/raw/forward_slouch/nguoi1_ss1/frame_0014.jpg,ss1,nguoi1,forward_slouch,-0.698646,-8.618155,-0.031398,0.688782,0.789809,0.603567,0.936435,0.023023,0.849531,0.085215,-0.146626,0.209532,0.487872,1.047959,1.114093,0.615178,0.505188,0.668432
D:/BTL/repo/smart-posture-monitor/data/raw/forward_slouch/nguoi1_ss1/frame_0015.jpg,ss1,nguoi1,forward_slouch,-1.011853,-7.563402,-0.027652,0.665578,0.778471,0.580399,0.924652,0.013241,0.834105,0.085179,-0.146181,0.210082,0.474648,1.024213,1.091716,0.605753,0.493915,0.654705
D:/BTL/repo/smart-posture-monitor/data/raw/forward_slouch/nguoi1_ss1/frame_0016.jpg,ss1,nguoi1,forward_slouch,-1.219062,-7.981090,-0.029992,0.663535,0.770347,0.579987,0.923832,0.011139,0.842517,0.083548,-0.153485,0.216007,0.471826,1.016717,1.090803,0.607925,0.493922,0.656376
D:/BTL/repo/smart-posture-monitor/data/raw/forward_slouch/nguoi1_ss1/frame_0017.jpg,ss1,nguoi1,forward_slouch,-0.479112,-8.812959,-0.033192,0.669632,0.751098,0.587258,0.906650,0.011171,0.832969,0.082374,-0.155552,0.216648,0.477651,1.006258,1.080225,0.620016,0.504839,0.663532
D:/BTL/repo/smart-posture-monitor/data/raw/forward_slouch/nguoi1_ss1/frame_0018.jpg,ss1,nguoi1,forward_slouch,-0.115281,-11.422098,-0.046259,0.673170,0.728592,0.598790,0.893391,0.020467,0.840485,0.074380,-0.164800,0.233588,0.470033,0.991969,1.075499,0.632116,0.517315,0.662224
D:/BTL/repo/smart-posture-monitor/data/raw/forward_slouch/nguoi1_ss1/frame_0019.jpg,ss1,nguoi1,forward_slouch,-0.504805,-10.981120,-0.042037,0.640865,0.694458,0.573579,0.851280,0.016626,0.813929,0.067286,-0.156822,0.220681,0.452413,0.944976,1.026484,0.627006,0.515673,0.635569
D:/BTL/repo/smart-posture-monitor/data/raw/forward_slouch/nguoi1_ss1/frame_0020.jpg,ss1,nguoi1,forward_slouch,-1.331375,-9.888394,-0.039950,0.598334,0.641886,0.546948,0.809632,-0.007062,0.825473,0.051387,-0.167746,0.232634,0.439441,0.877509,0.977065,0.622772,0.512490,0.632621
D:/BTL/repo/smart-posture-monitor/data/raw/forward_slouch/nguoi1_ss1/frame_0021.jpg,ss1,nguoi1,forward_slouch,-0.679321,-11.979282,-0.046105,0.629091,0.722391,0.559586,0.874339,-0.000063,0.823448,0.069505,-0.151948,0.222129,0.457025,0.957916,1.038077,0.606574,0.497384,0.637219
D:/BTL/repo/smart-posture-monitor/data/raw/forward_slouch/nguoi1_ss1/frame_0022.jpg,ss1,nguoi1,forward_slouch,-1.650250,-9.322021,-0.038527,0.600317,0.694620,0.537734,0.853221,-0.016693,0.819560,0.062583,-0.158600,0.237848,0.440266,0.918084,1.008535,0.599401,0.489403,0.629533
D:/BTL/repo/smart-posture-monitor/data/raw/forward_slouch/nguoi1_ss1/frame_0023.jpg,ss1,nguoi1,forward_slouch,-1.755243,-15.898262,-0.058317,0.653958,0.545625,0.614918,0.724402,0.054319,0.814087,0.039040,-0.178776,0.212891,0.462205,0.851685,0.950201,0.709520,0.596126,0.656992
D:/BTL/repo/smart-posture-monitor/data/raw/forward_slouch/nguoi1_ss1/frame_0024.jpg,ss1,nguoi1,forward_slouch,-2.429108,-9.686861,-0.037060,0.634386,0.605795,0.582557,0.779323,0.014575,0.819992,0.051829,-0.173528,0.220250,0.459960,0.877174,0.972994,0.665488,0.550211,0.655779
D:/BTL/repo/smart-posture-monitor/data/raw/forward_slouch/nguoi1_ss1/frame_0025.jpg,ss1,nguoi1,forward_slouch,-0.236678,-12.713465,-0.050105,0.660809,0.613427,0.608345,0.790926,0.048310,0.821951,0.052464,-0.177498,0.227671,0.449030,0.901644,0.997821,0.678770,0.563302,0.647022
D:/BTL/repo/smart-posture-monitor/data/raw/forward_slouch/nguoi1_ss1/frame_0026.jpg,ss1,nguoi1,forward_slouch,-0.006117,-8.939473,-0.034919,0.649470,0.690741,0.579795,0.848024,0.013660,0.807852,0.069675,-0.157283,0.224720,0.458775,0.948122,1.027281,0.634318,0.521220,0.646506
D:/BTL/repo/smart-posture-monitor/data/raw/forward_slouch/nguoi1_ss1/frame_0027.jpg,ss1,nguoi1,forward_slouch,0.749494,-10.368746,-0.036864,0.690842,0.605816,0.635815,0.776863,0.054487,0.819637,0.055026,-0.171047,0.204822,0.481205,0.918845,1.003881,0.700918,0.587433,0.671317
D:/BTL/repo/smart-posture-monitor/data/raw/forward_slouch/nguoi1_ss1/frame_0028.jpg,ss1,nguoi1,forward_slouch,0.388617,-11.465807,-0.041267,0.683139,0.572374,0.629188,0.751468,0.051898,0.804643,0.053952,-0.179094,0.207596,0.476675,0.891230,0.980092,0.713358,0.593889,0.672618
D:/BTL/repo/smart-posture-monitor/data/raw/forward_slouch/nguoi1_ss1/frame_0029.jpg,ss1,nguoi1,forward_slouch,0.572735,-16.064777,-0.055428,0.675128,0.558477,0.628914,0.735359,0.062337,0.809328,0.046214,-0.176883,0.200301,0.472607,0.876182,0.967619,0.715794,0.600720,0.662148
D:/BTL/repo/smart-posture-monitor/data/raw/forward_slouch/nguoi1_ss1/frame_0030.jpg,ss1,nguoi1,forward_slouch,-0.958949,-10.456765,-0.041906,0.626063,0.639574,0.568823,0.808855,0.003576,0.815876,0.057240,-0.169280,0.230897,0.451930,0.894992,0.988840,0.643139,0.528606,0.646971
D:/BTL/repo/smart-posture-monitor/data/raw/forward_slouch/nguoi1_ss1/frame_0031.jpg,ss1,nguoi1,forward_slouch,-0.224764,-12.483319,-0.043164,0.689412,0.580766,0.637768,0.753125,0.074487,0.806616,0.051644,-0.172359,0.199689,0.466888,0.901431,0.986886,0.712754,0.598824,0.655088
D:/BTL/repo/smart-posture-monitor/data/raw/forward_slouch/nguoi1_ss1/frame_0032.jpg,ss1,nguoi1,forward_slouch,-0.967451,-9.979655,-0.041468,0.592294,0.700116,0.533235,0.849121,-0.021906,0.811352,0.059060,-0.149005,0.239289,0.441202,0.917047,1.002669,0.591235,0.487607,0.624192
D:/BTL/repo/smart-posture-monitor/data/raw/forward_slouch/nguoi1_ss1/frame_0033.jpg,ss1,nguoi1,forward_slouch,-1.390903,-10.019332,-0.040900,0.574687,0.684038,0.514960,0.833107,-0.034101,0.794829,0.059726,-0.149069,0.235085,0.437274,0.893405,0.979414,0.585812,0.479851,0.618787
D:/BTL/repo/smart-posture-monitor/data/raw/forward_slouch/nguoi1_ss1/frame_0034.jpg,ss1,nguoi1,forward_slouch,-1.118013,-9.779525,-0.040057,0.601669,0.684997,0.540710,0.839819,-0.018809,0.808727,0.060959,-0.154822,0.235829,0.446256,0.911716,0.998831,0.604764,0.496495,0.632695
D:/BTL/repo/smart-posture-monitor/data/raw/forward_slouch/nguoi1_ss1/frame_0035.jpg,ss1,nguoi1,forward_slouch,-0.626473,-7.305327,-0.024357,0.652956,0.837831,0.561817,0.948300,0.019845,0.796198,0.091139,-0.110469,0.191555,0.476206,1.062221,1.102230,0.573547,0.473319,0.634478
D:/BTL/repo/smart-posture-monitor/data/raw/forward_slouch/nguoi1_ss1/frame_0036.jpg,ss1,nguoi1,forward_slouch,-1.126097,-8.396915,-0.023409,0.657519,0.808064,0.568747,0.918840,0.047569,0.790837,0.088771,-0.110776,0.160306,0.463444,1.041777,1.080621,0.588398,0.488020,0.610193
D:/BTL/repo/smart-posture-monitor/data/raw/forward_slouch/nguoi1_ss1/frame_0037.jpg,ss1,nguoi1,forward_slouch,-0.106372,-3.484593,-0.008138,0.734815,0.823677,0.638403,0.942050,0.130091,0.808862,0.096412,-0.118373,0.133887,0.462336,1.103810,1.137988,0.627828,0.525478,0.604906
D:/BTL/repo/smart-posture-monitor/data/raw/forward_slouch/nguoi1_ss1/frame_0038.jpg,ss1,nguoi1,forward_slouch,-0.589260,-8.968703,-0.028740,0.655917,0.746893,0.575212,0.881706,0.014010,0.807816,0.080705,-0.134813,0.184354,0.478365,0.994020,1.052746,0.613231,0.505590,0.644791
D:/BTL/repo/smart-posture-monitor/data/raw/forward_slouch/nguoi1_ss1/frame_0039.jpg,ss1,nguoi1,forward_slouch,-1.098441,-10.077368,-0.042472,0.548084,0.687711,0.491531,0.833376,-0.052606,0.791471,0.056553,-0.145665,0.242728,0.429314,0.879399,0.967532,0.564176,0.461822,0.609585
D:/BTL/repo/smart-posture-monitor/data/raw/forward_slouch/nguoi1_ss1/frame_0040.jpg,ss1,nguoi1,forward_slouch,-2.181671,-6.703255,-0.031777,0.498813,0.639408,0.451754,0.802201,-0.073369,0.781225,0.047059,-0.162793,0.272231,0.391676,0.810960,0.920656,0.546538,0.441083,0.589494
D:/BTL/repo/smart-posture-monitor/data/raw/forward_slouch/nguoi1_ss1/frame_0041.jpg,ss1,nguoi1,forward_slouch,-2.747528,-6.020116,-0.029131,0.326907,0.668869,0.301570,0.811121,-0.109643,0.754277,0.025336,-0.142252,0.277758,0.282282,0.744482,0.865369,0.372657,0.305325,0.444826
D:/BTL/repo/smart-posture-monitor/data/raw/forward_slouch/nguoi1_ss1/frame_0042.jpg,ss1,nguoi1,forward_slouch,-1.206196,-6.066482,-0.023864,0.597894,0.694715,0.527775,0.844488,-0.029736,0.790019,0.070119,-0.149773,0.225811,0.450163,0.916573,0.995845,0.597652,0.485274,0.634825
D:/BTL/repo/smart-posture-monitor/data/raw/forward_slouch/nguoi1_ss1/frame_0043.jpg,ss1,nguoi1,forward_slouch,-1.309510,-8.557239,-0.030614,0.645116,0.717112,0.569498,0.865090,-0.001532,0.810153,0.075618,-0.147978,0.205742,0.474531,0.964585,1.035717,0.619478,0.507698,0.653307
D:/BTL/repo/smart-posture-monitor/data/raw/forward_slouch/nguoi1_ss1/frame_0044.jpg,ss1,nguoi1,forward_slouch,-0.939631,-10.522491,-0.038459,0.637199,0.709868,0.566843,0.858647,0.003574,0.811792,0.070356,-0.148779,0.210592,0.464469,0.953905,1.028876,0.617568,0.508218,0.641771
D:/BTL/repo/smart-posture-monitor/data/raw/forward_slouch/nguoi1_ss1/frame_0045.jpg,ss1,nguoi1,forward_slouch,0.029379,-10.629296,-0.038011,0.668005,0.671644,0.598100,0.828188,0.022566,0.801638,0.069905,-0.156544,0.206074,0.476448,0.947278,1.021577,0.655009,0.541420,0.658400
D:/BTL/repo/smart-posture-monitor/data/raw/forward_slouch/nguoi1_ss1/frame_0046.jpg,ss1,nguoi1,forward_slouch,0.385271,-3.724009,-0.009911,0.723259,0.789357,0.632330,0.920820,0.093553,0.821433,0.090930,-0.131463,0.152601,0.474258,1.070602,1.117027,0.635510,0.529199,0.630522
D:/BTL/repo/smart-posture-monitor/data/raw/forward_slouch/nguoi1_ss1/frame_0047.jpg,ss1,nguoi1,forward_slouch,0.106630,-6.568887,-0.023310,0.689146,0.748470,0.605883,0.895628,0.034379,0.816969,0.083263,-0.147158,0.203764,0.478884,1.017413,1.081316,0.633089,0.521204,0.658340
D:/BTL/repo/smart-posture-monitor/data/raw/forward_slouch/nguoi1_ss1/frame_0048.jpg,ss1,nguoi1,forward_slouch,-0.689776,-10.302073,-0.040260,0.663905,0.697689,0.591563,0.857061,0.016181,0.812154,0.072342,-0.159372,0.225120,0.469166,0.963088,1.041393,0.640315,0.525889,0.657760
D:/BTL/repo/smart-posture-monitor/data/raw/forward_slouch/nguoi1_ss1/frame_0049.jpg,ss1,nguoi1,forward_slouch,-0.734857,-8.262169,-0.032027,0.653522,0.667432,0.587104,0.829250,0.009461,0.810415,0.066418,-0.161818,0.222869,0.468663,0.934107,1.016044,0.647835,0.533467,0.659741
D:/BTL/repo/smart-posture-monitor/data/raw/forward_slouch/nguoi1_ss1/frame_0050.jpg,ss1,nguoi1,forward_slouch,-1.118869,-12.476089,-0.042288,0.682381,0.553754,0.628844,0.728324,0.056746,0.785584,0.053537,-0.174570,0.195750,0.477900,0.878799,0.962238,0.722615,0.603775,0.667206
D:/BTL/repo/smart-posture-monitor/data/raw/forward_slouch/nguoi1_ss1/frame_0051.jpg,ss1,nguoi1,forward_slouch,-1.950505,-10.508703,-0.039271,0.642779,0.582362,0.587978,0.756007,0.014106,0.794802,0.054802,-0.173645,0.215320,0.468409,0.867359,0.957739,0.683001,0.563747,0.663596
D:/BTL/repo/smart-posture-monitor/data/raw/forward_slouch/nguoi1_ss1/frame_0052.jpg,ss1,nguoi1,forward_slouch,-2.153377,-8.652005,-0.033337,0.633643,0.603902,0.575109,0.776988,-0.000385,0.798641,0.058534,-0.173086,0.221608,0.465978,0.875330,0.966676,0.665950,0.545878,0.663261
D:/BTL/repo/smart-posture-monitor/data/raw/forward_slouch/nguoi1_ss1/frame_0053.jpg,ss1,nguoi1,forward_slouch,-2.338770,-8.215233,-0.032957,0.613398,0.590994,0.556346,0.764911,-0.009774,0.782563,0.057052,-0.173918,0.230642,0.451984,0.851781,0.945838,0.658753,0.537224,0.651952
D:/BTL/repo/smart-posture-monitor/data/raw/forward_slouch/nguoi1_ss1/frame_0054.jpg,ss1,nguoi1,forward_slouch,-1.935306,-9.023089,-0.037318,0.629525,0.599474,0.574596,0.775896,0.000875,0.798147,0.054929,-0.176422,0.237948,0.456234,0.869294,0.965493,0.665440,0.545959,0.659296
D:/BTL/repo/smart-posture-monitor/data/raw/forward_slouch/nguoi1_ss1/frame_0055.jpg,ss1,nguoi1,forward_slouch,-1.828243,-12.191384,-0.040125,0.689919,0.593980,0.626597,0.767523,0.051005,0.796660,0.063322,-0.173544,0.190004,0.482817,0.910384,0.990816,0.706329,0.585305,0.670291
D:/BTL/repo/smart-posture-monitor/data/raw/forward_slouch/nguoi1_ss1/frame_0056.jpg,ss1,nguoi1,forward_slouch,-0.625451,-9.978350,-0.038279,0.650199,0.606885,0.593568,0.773882,0.025723,0.787881,0.056630,-0.166996,0.220912,0.459088,0.889420,0.975303,0.675292,0.560178,0.650176
D:/BTL/repo/smart-posture-monitor/data/raw/forward_slouch/nguoi1_ss1/frame_0057.jpg,ss1,nguoi1,forward_slouch,-0.984540,-8.764239,-0.035120,0.643929,0.607231,0.587365,0.779439,0.017907,0.793844,0.056564,-0.172208,0.230490,0.455570,0.885084,0.975973,0.671052,0.553547,0.653245
D:/BTL/repo/smart-posture-monitor/data/raw/forward_slouch/nguoi1_ss1/frame_0058.jpg,ss1,nguoi1,forward_slouch,-0.831070,-8.354756,-0.033987,0.654507,0.596655,0.599012,0.771421,0.026750,0.793059,0.055494,-0.174767,0.233909,0.456573,0.885650,0.976681,0.683235,0.564979,0.657763
D:/BTL/repo/smart-posture-monitor/data/raw/forward_slouch/nguoi1_ss1/frame_0059.jpg,ss1,nguoi1,forward_slouch,-0.856460,-8.397356,-0.034285,0.652860,0.613743,0.596363,0.785609,0.025077,0.799670,0.056497,-0.171866,0.234768,0.455172,0.896051,0.986321,0.673558,0.557278,0.654738
D:/BTL/repo/smart-posture-monitor/data/raw/forward_slouch/nguoi1_ss1/frame_0060.jpg,ss1,nguoi1,forward_slouch,-1.968171,-7.885683,-0.031259,0.594610,0.610217,0.543173,0.772290,-0.002927,0.787287,0.051437,-0.162072,0.227838,0.433259,0.852013,0.944176,0.635702,0.524442,0.623220
D:/BTL/repo/smart-posture-monitor/data/raw/forward_slouch/nguoi1_ss1/frame_0061.jpg,ss1,nguoi1,forward_slouch,-1.519827,-11.474431,-0.040041,0.634728,0.549084,0.584799,0.720591,0.033032,0.774793,0.049930,-0.171508,0.201280,0.454426,0.839269,0.928031,0.695224,0.576757,0.642638
D:/BTL/repo/smart-posture-monitor/data/raw/forward_slouch/nguoi1_ss1/frame_0062.jpg,ss1,nguoi1,forward_slouch,-1.389308,-8.637786,-0.033881,0.594398,0.585695,0.543734,0.751083,0.004911,0.770659,0.050664,-0.165388,0.225594,0.427314,0.834475,0.927239,0.648014,0.533532,0.617825
D:/BTL/repo/smart-posture-monitor/data/raw/forward_slouch/nguoi1_ss1/frame_0063.jpg,ss1,nguoi1,forward_slouch,-2.117877,-11.148863,-0.037394,0.650567,0.582052,0.595882,0.751579,0.031954,0.797149,0.054685,-0.169527,0.193394,0.469826,0.872939,0.959138,0.688203,0.571175,0.654942
D:/BTL/repo/smart-posture-monitor/data/raw/forward_slouch/nguoi1_ss1/frame_0064.jpg,ss1,nguoi1,forward_slouch,-2.260334,-12.502477,-0.046921,0.591345,0.656109,0.532427,0.808581,-0.013786,0.790301,0.058917,-0.152473,0.216746,0.442384,0.883271,0.968134,0.610949,0.502146,0.619831
D:/BTL/repo/smart-posture-monitor/data/raw/forward_slouch/nguoi1_ss1/frame_0065.jpg,ss1,nguoi1,forward_slouch,-1.494646,-9.291694,-0.033535,0.624785,0.699082,0.551806,0.844161,0.003673,0.785187,0.072979,-0.145079,0.207698,0.452037,0.937589,1.008513,0.614201,0.502918,0.627052
D:/BTL/repo/smart-posture-monitor/data/raw/forward_slouch/nguoi1_ss1/frame_0066.jpg,ss1,nguoi1,forward_slouch,-1.716575,-7.581861,-0.023532,0.651356,0.754048,0.571277,0.886879,0.020473,0.811615,0.080079,-0.132832,0.178352,0.470527,0.996419,1.054946,0.607214,0.501012,0.633504
D:/BTL/repo/smart-posture-monitor/data/raw/forward_slouch/nguoi1_ss1/frame_0067.jpg,ss1,nguoi1,forward_slouch,-1.599828,-10.954912,-0.040610,0.610074,0.664138,0.543459,0.813004,-0.006349,0.772899,0.066616,-0.148866,0.213696,0.448989,0.901815,0.977917,0.620380,0.508628,0.625945
D:/BTL/repo/smart-posture-monitor/data/raw/forward_slouch/nguoi1_ss1/frame_0068.jpg,ss1,nguoi1,forward_slouch,-1.590203,-10.368693,-0.038235,0.623979,0.659227,0.558580,0.808711,0.002068,0.778182,0.065399,-0.149483,0.212439,0.454745,0.907706,0.982865,0.632255,0.521313,0.633186
D:/BTL/repo/smart-posture-monitor/data/raw/forward_slouch/nguoi1_ss1/frame_0069.jpg,ss1,nguoi1,forward_slouch,-1.154582,-13.413686,-0.042026,0.656824,0.599499,0.598090,0.757634,0.037954,0.782132,0.058734,-0.158135,0.181160,0.472040,0.889279,0.965257,0.683264,0.570138,0.645256
D:/BTL/repo/smart-posture-monitor/data/raw/forward_slouch/nguoi1_ss1/frame_0070.jpg,ss1,nguoi1,forward_slouch,-1.682035,-8.742255,-0.031936,0.629497,0.650077,0.564178,0.805385,0.004635,0.785437,0.065320,-0.155308,0.210119,0.457117,0.904912,0.983332,0.640364,0.526648,0.639355
D:/BTL/repo/smart-posture-monitor/data/raw/forward_slouch/nguoi1_ss1/frame_0071.jpg,ss1,nguoi1,forward_slouch,-1.629587,-9.164940,-0.036221,0.594619,0.679447,0.534017,0.824802,-0.019369,0.788935,0.060602,-0.145355,0.227408,0.444424,0.902896,0.982585,0.602344,0.497180,0.623674
D:/BTL/repo/smart-posture-monitor/data/raw/forward_slouch/nguoi1_ss1/frame_0072.jpg,ss1,nguoi1,forward_slouch,-1.847177,-8.743656,-0.034285,0.587075,0.665250,0.526248,0.812933,-0.023775,0.781702,0.060827,-0.147683,0.225541,0.441223,0.887251,0.968399,0.603552,0.495859,0.621851
D:/BTL/repo/smart-posture-monitor/data/raw/forward_slouch/nguoi1_ss1/frame_0073.jpg,ss1,nguoi1,forward_slouch,-2.267135,-6.226690,-0.028620,0.366134,0.666343,0.332945,0.804389,-0.094295,0.748817,0.033189,-0.138046,0.263870,0.304219,0.760308,0.870571,0.413138,0.336393,0.467757
D:/BTL/repo/smart-posture-monitor/data/raw/forward_slouch/nguoi1_ss1/frame_0074.jpg,ss1,nguoi1,forward_slouch,0.214101,3.068612,0.013853,0.093862,0.553182,0.072756,0.673801,-0.241041,0.563109,0.021106,-0.120620,0.258780,0.211759,0.561088,0.677718,0.125328,0.086502,0.335050
D:/BTL/repo/smart-posture-monitor/data/raw/forward_slouch/nguoi1_ss1_2/frame_0001.jpg,ss1_2,nguoi1,forward_slouch,1.043418,-4.647097,-0.017653,0.334605,0.675194,0.280558,0.795196,-0.117316,0.676751,0.054047,-0.120003,0.217889,0.316046,0.753556,0.843238,0.378367,0.289355,0.451923
D:/BTL/repo/smart-posture-monitor/data/raw/forward_slouch/nguoi1_ss1_2/frame_0002.jpg,ss1_2,nguoi1,forward_slouch,1.593780,-5.861592,-0.022133,0.356424,0.673419,0.301319,0.792809,-0.112372,0.680502,0.055105,-0.119390,0.216724,0.329839,0.761926,0.848139,0.400921,0.309910,0.468850
D:/BTL/repo/smart-posture-monitor/data/raw/forward_slouch/nguoi1_ss1_2/frame_0003.jpg,ss1_2,nguoi1,forward_slouch,0.765346,-1.207360,-0.004213,0.354524,0.715759,0.284151,0.809061,-0.121662,0.642861,0.070373,-0.093302,0.199954,0.349108,0.798748,0.857509,0.384292,0.289349,0.481734
D:/BTL/repo/smart-posture-monitor/data/raw/forward_slouch/nguoi1_ss1_2/frame_0004.jpg,ss1_2,nguoi1,forward_slouch,1.601328,-4.859087,-0.016571,0.393863,0.686597,0.329095,0.794614,-0.089090,0.670071,0.064769,-0.108017,0.195633,0.347137,0.791546,0.860067,0.432371,0.335609,0.483236
D:/BTL/repo/smart-posture-monitor/data/raw/forward_slouch/nguoi1_ss1_2/frame_0005.jpg,ss1_2,nguoi1,forward_slouch,0.943098,-4.665481,-0.016602,0.379886,0.679380,0.315931,0.786772,-0.102660,0.657568,0.063955,-0.107392,0.204107,0.345424,0.778377,0.847834,0.421729,0.325453,0.483038
D:/BTL/repo/smart-posture-monitor/data/raw/forward_slouch/nguoi1_ss1_2/frame_0006.jpg,ss1_2,nguoi1,forward_slouch,0.329847,-3.349754,-0.012090,0.346371,0.664415,0.284867,0.773920,-0.116452,0.642467,0.061504,-0.109505,0.206904,0.328232,0.749280,0.824683,0.394062,0.298992,0.463344
D:/BTL/repo/smart-posture-monitor/data/raw/forward_slouch/nguoi1_ss1_2/frame_0007.jpg,ss1_2,nguoi1,forward_slouch,1.157924,-5.622059,-0.022054,0.313003,0.661927,0.266006,0.772632,-0.117331,0.654097,0.046997,-0.110705,0.225118,0.300667,0.732201,0.817141,0.360556,0.280704,0.430405
D:/BTL/repo/smart-posture-monitor/data/raw/forward_slouch/nguoi1_ss1_2/frame_0008.jpg,ss1_2,nguoi1,forward_slouch,1.271869,-2.599380,-0.010858,0.263347,0.649257,0.228036,0.761336,-0.127379,0.645111,0.035311,-0.112079,0.239413,0.265361,0.700633,0.794754,0.311072,0.244955,0.390749
D:/BTL/repo/smart-posture-monitor/data/raw/forward_slouch/nguoi1_ss1_2/frame_0009.jpg,ss1_2,nguoi1,forward_slouch,0.906815,-6.853535,-0.026228,0.372055,0.637003,0.318619,0.753321,-0.106888,0.653588,0.053436,-0.116318,0.219793,0.335918,0.737697,0.817931,0.430207,0.337639,0.479230
D:/BTL/repo/smart-posture-monitor/data/raw/forward_slouch/nguoi1_ss1_2/frame_0010.jpg,ss1_2,nguoi1,forward_slouch,0.115159,-6.130404,-0.020692,0.448518,0.581106,0.388730,0.713151,-0.062954,0.654873,0.059789,-0.132045,0.193764,0.361921,0.734066,0.812216,0.528990,0.417705,0.516765
D:/BTL/repo/smart-posture-monitor/data/raw/forward_slouch/nguoi1_ss1_2/frame_0011.jpg,ss1_2,nguoi1,forward_slouch,0.442401,-3.426473,-0.012082,0.425056,0.624612,0.363440,0.746960,-0.088458,0.664352,0.061616,-0.122349,0.202151,0.362025,0.755521,0.830685,0.487093,0.382359,0.515049
D:/BTL/repo/smart-posture-monitor/data/raw/forward_slouch/nguoi1_ss1_2/frame_0012.jpg,ss1_2,nguoi1,forward_slouch,0.142073,-5.650368,-0.020031,0.420455,0.587806,0.363437,0.723137,-0.090697,0.667795,0.057018,-0.135332,0.203449,0.358905,0.722702,0.809329,0.498969,0.390336,0.517373
D:/BTL/repo/smart-posture-monitor/data/raw/forward_slouch/nguoi1_ss1_2/frame_0013.jpg,ss1_2,nguoi1,forward_slouch,-0.622045,-4.770640,-0.016689,0.420218,0.595000,0.361203,0.725308,-0.084382,0.657408,0.059015,-0.130308,0.200663,0.353912,0.728429,0.810272,0.495497,0.387472,0.508445
D:/BTL/repo/smart-posture-monitor/data/raw/forward_slouch/nguoi1_ss1_2/frame_0014.jpg,ss1_2,nguoi1,forward_slouch,-0.291082,-7.260460,-0.026739,0.423112,0.554063,0.375161,0.695264,-0.077554,0.667583,0.047951,-0.141201,0.211577,0.350189,0.697144,0.790024,0.517252,0.411337,0.513374
D:/BTL/repo/smart-posture-monitor/data/raw/forward_slouch/nguoi1_ss1_2/frame_0015.jpg,ss1_2,nguoi1,forward_slouch,-1.131977,-5.580950,-0.019920,0.419923,0.566047,0.368177,0.701898,-0.079036,0.659390,0.051746,-0.135851,0.204830,0.349248,0.704801,0.792600,0.508441,0.402250,0.507615
D:/BTL/repo/smart-posture-monitor/data/raw/forward_slouch/nguoi1_ss1_2/frame_0016.jpg,ss1_2,nguoi1,forward_slouch,-0.354204,-6.776628,-0.023437,0.425977,0.577687,0.375456,0.710684,-0.062826,0.672009,0.050521,-0.132997,0.198621,0.343384,0.717760,0.803766,0.508991,0.406092,0.497821
D:/BTL/repo/smart-posture-monitor/data/raw/forward_slouch/nguoi1_ss1_2/frame_0017.jpg,ss1_2,nguoi1,forward_slouch,-0.089617,-5.504715,-0.019754,0.408872,0.616115,0.356397,0.740421,-0.083969,0.679219,0.052475,-0.124306,0.205927,0.345273,0.739442,0.821731,0.475201,0.377877,0.496864
D:/BTL/repo/smart-posture-monitor/data/raw/forward_slouch/nguoi1_ss1_2/frame_0018.jpg,ss1_2,nguoi1,forward_slouch,-0.421691,-8.559296,-0.030407,0.414754,0.608973,0.363183,0.737237,-0.078220,0.681294,0.051571,-0.128264,0.204301,0.347747,0.736797,0.821840,0.484009,0.385342,0.498251
D:/BTL/repo/smart-posture-monitor/data/raw/forward_slouch/nguoi1_ss1_2/frame_0019.jpg,ss1_2,nguoi1,forward_slouch,-1.740249,-5.712230,-0.020754,0.428856,0.645932,0.368127,0.769968,-0.088263,0.686102,0.060729,-0.124036,0.208516,0.365026,0.775336,0.853445,0.481533,0.379207,0.518677
D:/BTL/repo/smart-posture-monitor/data/raw/forward_slouch/nguoi1_ss1_2/frame_0020.jpg,ss1_2,nguoi1,forward_slouch,-0.015719,-7.368478,-0.026947,0.426225,0.628067,0.370402,0.752352,-0.077401,0.677000,0.055824,-0.124284,0.210110,0.354910,0.759037,0.838588,0.486705,0.387060,0.505998
D:/BTL/repo/smart-posture-monitor/data/raw/forward_slouch/nguoi1_ss1_2/frame_0021.jpg,ss1_2,nguoi1,forward_slouch,-1.100207,-7.974201,-0.028457,0.425136,0.649469,0.367485,0.769577,-0.067810,0.682969,0.057652,-0.120108,0.205130,0.348623,0.776242,0.852815,0.476579,0.378743,0.494083
D:/BTL/repo/smart-posture-monitor/data/raw/forward_slouch/nguoi1_ss1_2/frame_0022.jpg,ss1_2,nguoi1,forward_slouch,0.499825,-6.685547,-0.024800,0.440986,0.640933,0.383425,0.766526,-0.073978,0.689701,0.057560,-0.125593,0.213023,0.362760,0.777987,0.857075,0.494885,0.394277,0.517268
D:/BTL/repo/smart-posture-monitor/data/raw/forward_slouch/nguoi1_ss1_2/frame_0023.jpg,ss1_2,nguoi1,forward_slouch,-0.224682,-7.449223,-0.026307,0.429488,0.639804,0.374362,0.760027,-0.070833,0.687708,0.055126,-0.120224,0.202915,0.355036,0.770590,0.847224,0.484727,0.388171,0.502609
D:/BTL/repo/smart-posture-monitor/data/raw/forward_slouch/nguoi1_ss1_2/frame_0024.jpg,ss1_2,nguoi1,forward_slouch,-1.145676,-6.040692,-0.019959,0.456574,0.652605,0.395942,0.773055,-0.055674,0.700860,0.060632,-0.120450,0.189659,0.366641,0.796463,0.868553,0.503936,0.403327,0.514516
D:/BTL/repo/smart-posture-monitor/data/raw/forward_slouch/nguoi1_ss1_2/frame_0025.jpg,ss1_2,nguoi1,forward_slouch,-1.793752,-6.100327,-0.021573,0.430434,0.674336,0.364348,0.792933,-0.082064,0.684800,0.066086,-0.118597,0.202999,0.365382,0.800001,0.872635,0.471187,0.368509,0.512605
D:/BTL/repo/smart-posture-monitor/data/raw/forward_slouch/nguoi1_ss1_2/frame_0026.jpg,ss1_2,nguoi1,forward_slouch,-2.782651,-5.691179,-0.018135,0.345498,0.657191,0.285912,0.755985,-0.121401,0.645193,0.059586,-0.098794,0.182875,0.338273,0.742475,0.808245,0.395764,0.304777,0.467053
D:/BTL/repo/smart-posture-monitor/data/raw/forward_slouch/nguoi1_ss1_2/frame_0027.jpg,ss1_2,nguoi1,forward_slouch,-4.461963,-3.864002,-0.011932,0.331191,0.676886,0.266305,0.776582,-0.133722,0.654357,0.064886,-0.099696,0.177063,0.337029,0.753566,0.820974,0.374321,0.280028,0.465459
D:/BTL/repo/smart-posture-monitor/data/raw/forward_slouch/nguoi1_ss1_2/frame_0028.jpg,ss1_2,nguoi1,forward_slouch,-0.760669,-3.815297,-0.008412,0.529521,0.716535,0.446719,0.824326,0.006715,0.711204,0.082802,-0.107791,0.126427,0.394769,0.890963,0.937588,0.537184,0.429259,0.522834
D:/BTL/repo/smart-posture-monitor/data/raw/forward_slouch/nguoi1_ss1_2/frame_0029.jpg,ss1_2,nguoi1,forward_slouch,-1.439559,-5.656281,-0.015871,0.471959,0.694089,0.401535,0.806966,-0.046390,0.714720,0.070423,-0.112877,0.161023,0.381206,0.839347,0.901346,0.499691,0.396991,0.518760
D:/BTL/repo/smart-posture-monitor/data/raw/forward_slouch/nguoi1_ss1_2/frame_0030.jpg,ss1_2,nguoi1,forward_slouch,-0.354963,-5.890557,-0.021889,0.324284,0.649203,0.280587,0.764027,-0.099851,0.676020,0.043697,-0.114824,0.213286,0.291658,0.725689,0.813920,0.376679,0.297361,0.424982
D:/BTL/repo/smart-posture-monitor/data/raw/forward_slouch/nguoi1_ss1_2/frame_0031.jpg,ss1_2,nguoi1,forward_slouch,-0.090485,-3.972817,-0.016346,0.261827,0.633746,0.232213,0.749763,-0.123246,0.663429,0.029615,-0.116017,0.235931,0.255870,0.685703,0.784899,0.313944,0.251839,0.386216
D:/BTL/repo/smart-posture-monitor/data/raw/forward_slouch/nguoi1_ss1_2/frame_0032.jpg,ss1_2,nguoi1,forward_slouch,-0.230032,-3.922312,-0.014800,0.331247,0.703938,0.277028,0.807776,-0.114441,0.672900,0.054220,-0.103839,0.216365,0.317234,0.777980,0.853959,0.365384,0.282852,0.446768
D:/BTL/repo/smart-posture-monitor/data/raw/forward_slouch/nguoi1_ss1_2/frame_0033.jpg,ss1_2,nguoi1,forward_slouch,0.549206,-6.757851,-0.018187,0.461457,0.755333,0.383058,0.838411,-0.054224,0.685826,0.078399,-0.083078,0.154553,0.395133,0.885138,0.921773,0.466356,0.371145,0.520344
D:/BTL/repo/smart-posture-monitor/data/raw/forward_slouch/nguoi1_ss1_2/frame_0034.jpg,ss1_2,nguoi1,forward_slouch,0.439653,-2.949157,-0.006166,0.560497,0.698284,0.486009,0.807872,0.045760,0.721744,0.074487,-0.109588,0.119846,0.390726,0.895409,0.942795,0.568846,0.466711,0.515271
D:/BTL/repo/smart-posture-monitor/data/raw/forward_slouch/nguoi1_ss1_2/frame_0035.jpg,ss1_2,nguoi1,forward_slouch,-0.752014,-7.776587,-0.024686,0.441984,0.584598,0.387880,0.717429,-0.060536,0.679417,0.054104,-0.132831,0.182440,0.361558,0.732875,0.815571,0.521173,0.415368,0.511387
D:/BTL/repo/smart-posture-monitor/data/raw/forward_slouch/nguoi1_ss1_2/frame_0036.jpg,ss1_2,nguoi1,forward_slouch,-0.320220,-8.007208,-0.028164,0.431659,0.578619,0.383881,0.715116,-0.066186,0.686198,0.047778,-0.136497,0.202185,0.352591,0.721893,0.811638,0.514076,0.412459,0.509335
D:/BTL/repo/smart-posture-monitor/data/raw/forward_slouch/nguoi1_ss1_2/frame_0037.jpg,ss1_2,nguoi1,forward_slouch,-0.907806,-8.452340,-0.030231,0.392160,0.587408,0.346874,0.718311,-0.091185,0.683707,0.045286,-0.130902,0.205673,0.339994,0.706285,0.797679,0.470950,0.376029,0.492845
D:/BTL/repo/smart-posture-monitor/data/raw/forward_slouch/nguoi1_ss1_2/frame_0038.jpg,ss1_2,nguoi1,forward_slouch,-0.870723,-8.026474,-0.027143,0.412226,0.591325,0.362977,0.720398,-0.076144,0.683225,0.049249,-0.129072,0.194388,0.346614,0.720830,0.806675,0.489313,0.390832,0.496942
D:/BTL/repo/smart-posture-monitor/data/raw/forward_slouch/nguoi1_ss1_2/frame_0039.jpg,ss1_2,nguoi1,forward_slouch,-0.380501,-6.522211,-0.022797,0.415577,0.543901,0.371092,0.680788,-0.072401,0.669071,0.044486,-0.136887,0.200699,0.344568,0.684494,0.775359,0.514533,0.412680,0.503776
D:/BTL/repo/smart-posture-monitor/data/raw/forward_slouch/nguoi1_ss1_2/frame_0040.jpg,ss1_2,nguoi1,forward_slouch,-1.020321,-7.883191,-0.027676,0.425234,0.539609,0.378303,0.689012,-0.065019,0.677465,0.046931,-0.149403,0.201788,0.344319,0.687024,0.786035,0.526327,0.416636,0.509266
D:/BTL/repo/smart-posture-monitor/data/raw/forward_slouch/nguoi1_ss1_2/frame_0041.jpg,ss1_2,nguoi1,forward_slouch,-1.175858,-6.186572,-0.021908,0.428843,0.534239,0.384828,0.683971,-0.063161,0.688998,0.044014,-0.149732,0.203294,0.346985,0.685067,0.784799,0.532565,0.424764,0.515769
D:/BTL/repo/smart-posture-monitor/data/raw/forward_slouch/nguoi1_ss1_2/frame_0042.jpg,ss1_2,nguoi1,forward_slouch,-0.599210,-8.577446,-0.032166,0.394384,0.574179,0.352983,0.709154,-0.077315,0.678895,0.041400,-0.134974,0.215665,0.326972,0.696578,0.792146,0.479016,0.385037,0.483182
D:/BTL/repo/smart-posture-monitor/data/raw/forward_slouch/nguoi1_ss1_2/frame_0043.jpg,ss1_2,nguoi1,forward_slouch,-0.885733,-8.998123,-0.033700,0.390950,0.564660,0.352659,0.702381,-0.081602,0.687556,0.038291,-0.137721,0.215467,0.329379,0.686792,0.785943,0.479720,0.387033,0.488271
D:/BTL/repo/smart-posture-monitor/data/raw/forward_slouch/nguoi1_ss1_2/frame_0044.jpg,ss1_2,nguoi1,forward_slouch,-0.940700,-8.810616,-0.032444,0.393465,0.557189,0.356489,0.694428,-0.078130,0.685023,0.036977,-0.137239,0.211820,0.330952,0.682110,0.780586,0.485685,0.393532,0.488614
D:/BTL/repo/smart-posture-monitor/data/raw/forward_slouch/nguoi1_ss1_2/frame_0045.jpg,ss1_2,nguoi1,forward_slouch,-2.260720,-7.892059,-0.028236,0.397364,0.544886,0.360988,0.687814,-0.069429,0.696038,0.036376,-0.142928,0.205638,0.328625,0.674387,0.776788,0.495371,0.400272,0.490655
D:/BTL/repo/smart-posture-monitor/data/raw/forward_slouch/nguoi1_ss1_2/frame_0046.jpg,ss1_2,nguoi1,forward_slouch,-1.663935,-9.040559,-0.032582,0.393203,0.541908,0.357202,0.682069,-0.074758,0.684762,0.036001,-0.140161,0.207351,0.329854,0.669532,0.769943,0.492406,0.398595,0.489281
D:/BTL/repo/smart-posture-monitor/data/raw/forward_slouch/nguoi1_ss1_2/frame_0047.jpg,ss1_2,nguoi1,forward_slouch,-1.981375,-7.358993,-0.026758,0.408044,0.546244,0.370357,0.692440,-0.070441,0.703648,0.037687,-0.146196,0.208906,0.337212,0.681823,0.785262,0.505752,0.407730,0.503710
D:/BTL/repo/smart-posture-monitor/data/raw/forward_slouch/nguoi1_ss1_2/frame_0048.jpg,ss1_2,nguoi1,forward_slouch,-2.335128,-6.443974,-0.023528,0.395509,0.539726,0.358513,0.683409,-0.074752,0.691445,0.036997,-0.143683,0.209640,0.329127,0.669128,0.771738,0.495834,0.399410,0.494130
D:/BTL/repo/smart-posture-monitor/data/raw/forward_slouch/nguoi1_ss1_2/frame_0049.jpg,ss1_2,nguoi1,forward_slouch,-1.632914,-8.468494,-0.030688,0.405292,0.584550,0.361428,0.719028,-0.072286,0.689402,0.043864,-0.134478,0.208384,0.333702,0.711308,0.804755,0.485441,0.389819,0.488952
D:/BTL/repo/smart-posture-monitor/data/raw/forward_slouch/nguoi1_ss1_2/frame_0050.jpg,ss1_2,nguoi1,forward_slouch,-0.885829,-5.833915,-0.021722,0.361071,0.630895,0.313919,0.751762,-0.093221,0.676746,0.047152,-0.120867,0.213706,0.312858,0.726912,0.814672,0.421450,0.333526,0.456600
D:/BTL/repo/smart-posture-monitor/data/raw/forward_slouch/nguoi1_ss1_2/frame_0051.jpg,ss1_2,nguoi1,forward_slouch,-0.766913,-6.515949,-0.021173,0.430177,0.777141,0.359301,0.866955,-0.074617,0.709846,0.070875,-0.089814,0.186580,0.380211,0.888256,0.938461,0.431825,0.342362,0.509259
D:/BTL/repo/smart-posture-monitor/data/raw/forward_slouch/nguoi1_ss1_2/frame_0052.jpg,ss1_2,nguoi1,forward_slouch,-0.147901,-4.100498,-0.011868,0.453996,0.755462,0.377978,0.850799,-0.057129,0.708400,0.076018,-0.095337,0.165975,0.382283,0.881383,0.930982,0.460033,0.363077,0.513287
D:/BTL/repo/smart-posture-monitor/data/raw/forward_slouch/nguoi1_ss1_2/frame_0053.jpg,ss1_2,nguoi1,forward_slouch,-1.308326,-4.473078,-0.013410,0.449573,0.770508,0.371292,0.868509,-0.066318,0.717786,0.078281,-0.098000,0.171938,0.385511,0.892076,0.944545,0.450697,0.352232,0.518578
D:/BTL/repo/smart-posture-monitor/data/raw/forward_slouch/nguoi1_ss1_2/frame_0054.jpg,ss1_2,nguoi1,forward_slouch,-0.564784,-6.573942,-0.018154,0.479689,0.735529,0.403158,0.836448,-0.035139,0.709538,0.076531,-0.100919,0.158573,0.384390,0.878126,0.928538,0.489259,0.388956,0.515484
D:/BTL/repo/smart-posture-monitor/data/raw/forward_slouch/nguoi1_ss1_2/frame_0055.jpg,ss1_2,nguoi1,forward_slouch,-1.345261,-7.420086,-0.022295,0.458546,0.735677,0.385298,0.843146,-0.055801,0.719239,0.073248,-0.107469,0.172636,0.380293,0.866883,0.927012,0.471473,0.371646,0.514610
D:/BTL/repo/smart-posture-monitor/data/raw/forward_slouch/nguoi1_ss1_2/frame_0056.jpg,ss1_2,nguoi1,forward_slouch,-1.245488,-7.038164,-0.019031,0.509716,0.725692,0.432430,0.836525,-0.018869,0.728777,0.077286,-0.110833,0.155317,0.392168,0.886814,0.941684,0.517688,0.413428,0.528594
D:/BTL/repo/smart-posture-monitor/data/raw/forward_slouch/nguoi1_ss1_2/frame_0057.jpg,ss1_2,nguoi1,forward_slouch,-1.196279,-7.523016,-0.022907,0.475701,0.703596,0.406084,0.818120,-0.048057,0.719415,0.069617,-0.114524,0.174967,0.383569,0.849317,0.913359,0.498914,0.397289,0.523997
D:/BTL/repo/smart-posture-monitor/data/raw/forward_slouch/nguoi1_ss1_2/frame_0058.jpg,ss1_2,nguoi1,forward_slouch,-1.396145,-3.518191,-0.010328,0.451912,0.671996,0.383476,0.787869,-0.063424,0.702721,0.068435,-0.115873,0.168310,0.373973,0.809816,0.876237,0.491496,0.387313,0.516251
D:/BTL/repo/smart-posture-monitor/data/raw/forward_slouch/nguoi1_ss1_2/frame_0059.jpg,ss1_2,nguoi1,forward_slouch,-1.857602,-4.940149,-0.014143,0.470015,0.683061,0.399784,0.797501,-0.048328,0.707261,0.070231,-0.114440,0.164233,0.379006,0.829148,0.892096,0.502663,0.398566,0.518908
D:/BTL/repo/smart-posture-monitor/data/raw/forward_slouch/nguoi1_ss1_2/frame_0060.jpg,ss1_2,nguoi1,forward_slouch,-1.119829,-4.479493,-0.016013,0.353523,0.694440,0.297160,0.801077,-0.094580,0.680190,0.056363,-0.106637,0.205028,0.316932,0.779246,0.854417,0.390620,0.303769,0.448329
D:/BTL/repo/smart-posture-monitor/data/raw/forward_slouch/nguoi1_ss1_2/frame_0061.jpg,ss1_2,nguoi1,forward_slouch,-2.532702,-2.390049,-0.009062,0.311304,0.643776,0.260158,0.763060,-0.120827,0.658222,0.051146,-0.119284,0.217308,0.293560,0.715093,0.806190,0.364833,0.277214,0.432373
D:/BTL/repo/smart-posture-monitor/data/raw/forward_slouch/nguoi1_ss2/frame_0001.jpg,ss2,nguoi1,forward_slouch,1.889793,-6.199549,-0.017399,0.414137,0.432030,0.385577,0.544728,-0.001678,0.565674,0.028560,-0.112698,0.161114,0.307414,0.598464,0.667381,0.570607,0.483084,0.436764
D:/BTL/repo/smart-posture-monitor/data/raw/forward_slouch/nguoi1_ss2/frame_0002.jpg,ss2,nguoi1,forward_slouch,1.841346,-6.717996,-0.018810,0.407618,0.367045,0.390138,0.480922,0.007793,0.546532,0.017480,-0.113877,0.160796,0.307676,0.548520,0.619269,0.600533,0.518436,0.438264
D:/BTL/repo/smart-posture-monitor/data/raw/forward_slouch/nguoi1_ss2/frame_0003.jpg,ss2,nguoi1,forward_slouch,1.830918,-8.167532,-0.026159,0.438586,0.358615,0.423910,0.493057,-0.021700,0.598715,0.014676,-0.134442,0.184130,0.366368,0.566536,0.650235,0.640927,0.548348,0.519145
D:/BTL/repo/smart-posture-monitor/data/raw/forward_slouch/nguoi1_ss2/frame_0004.jpg,ss2,nguoi1,forward_slouch,-0.456500,-2.774003,-0.007723,0.423043,0.227006,0.415313,0.340066,0.018086,0.482644,0.007729,-0.113060,0.159586,0.346506,0.480101,0.536778,0.710851,0.625992,0.478896
D:/BTL/repo/smart-posture-monitor/data/raw/forward_slouch/nguoi1_ss2/frame_0005.jpg,ss2,nguoi1,forward_slouch,2.451106,-5.594892,-0.017652,0.456974,0.306270,0.441563,0.431062,-0.025562,0.546645,0.015412,-0.124792,0.181055,0.391852,0.550115,0.617083,0.695512,0.600541,0.539093
D:/BTL/repo/smart-posture-monitor/data/raw/forward_slouch/nguoi1_ss2/frame_0006.jpg,ss2,nguoi1,forward_slouch,2.946033,0.910092,0.002459,0.519563,0.332336,0.482115,0.453883,0.047317,0.497626,0.037448,-0.121547,0.154787,0.360233,0.616760,0.662152,0.739449,0.627689,0.500337
D:/BTL/repo/smart-posture-monitor/data/raw/forward_slouch/nguoi1_ss2/frame_0007.jpg,ss2,nguoi1,forward_slouch,1.117198,-0.014500,-0.000047,0.485733,0.351150,0.451217,0.485506,-0.027411,0.547954,0.034516,-0.134356,0.184901,0.391191,0.599369,0.662807,0.694972,0.580005,0.549590
D:/BTL/repo/smart-posture-monitor/data/raw/forward_slouch/nguoi1_ss2/frame_0008.jpg,ss2,nguoi1,forward_slouch,1.239466,-7.107901,-0.023530,0.382167,0.368184,0.364374,0.489953,-0.019383,0.534588,0.017794,-0.121769,0.190156,0.291270,0.530671,0.610592,0.569338,0.485199,0.434664
D:/BTL/repo/smart-posture-monitor/data/raw/forward_slouch/nguoi1_ss2/frame_0009.jpg,ss2,nguoi1,forward_slouch,2.642985,-7.673139,-0.028048,0.410173,0.199942,0.416220,0.336651,-0.008069,0.525225,-0.006047,-0.136709,0.210064,0.364684,0.456310,0.535325,0.712682,0.629192,0.529845
D:/BTL/repo/smart-posture-monitor/data/raw/forward_slouch/nguoi1_ss2/frame_0010.jpg,ss2,nguoi1,forward_slouch,4.901472,-6.312133,-0.023503,0.457711,0.258547,0.454490,0.395388,-0.025647,0.564827,0.003221,-0.136841,0.213771,0.405791,0.525686,0.602406,0.730015,0.635144,0.572227
D:/BTL/repo/smart-posture-monitor/data/raw/forward_slouch/nguoi1_ss2/frame_0011.jpg,ss2,nguoi1,forward_slouch,4.631789,-7.251225,-0.027654,0.459704,0.244182,0.457722,0.391397,-0.010111,0.561736,0.001982,-0.147215,0.219096,0.391782,0.520531,0.602247,0.742797,0.640939,0.567069
D:/BTL/repo/smart-posture-monitor/data/raw/forward_slouch/nguoi1_ss2/frame_0012.jpg,ss2,nguoi1,forward_slouch,2.308102,-2.101867,-0.005473,0.493317,0.436497,0.442126,0.548848,0.019417,0.524688,0.051192,-0.112351,0.149233,0.349179,0.658705,0.704776,0.648444,0.538446,0.482036
D:/BTL/repo/smart-posture-monitor/data/raw/forward_slouch/nguoi1_ss2/frame_0013.jpg,ss2,nguoi1,forward_slouch,0.572210,-5.702854,-0.013473,0.497659,0.467081,0.448103,0.572311,0.044924,0.531925,0.049556,-0.105230,0.135585,0.339013,0.682517,0.726868,0.634498,0.532788,0.457355
D:/BTL/repo/smart-posture-monitor/data/raw/forward_slouch/nguoi1_ss2/frame_0014.jpg,ss2,nguoi1,forward_slouch,2.470250,-4.348958,-0.011656,0.486408,0.431469,0.441455,0.547304,0.022222,0.540453,0.044953,-0.115834,0.153712,0.342832,0.650199,0.703152,0.644962,0.538554,0.476808
D:/BTL/repo/smart-posture-monitor/data/raw/forward_slouch/nguoi1_ss2/frame_0015.jpg,ss2,nguoi1,forward_slouch,2.458800,-7.785905,-0.022521,0.463854,0.398560,0.430576,0.520326,0.013185,0.547377,0.033278,-0.121766,0.166238,0.335410,0.611564,0.675377,0.642812,0.541229,0.474605
D:/BTL/repo/smart-posture-monitor/data/raw/forward_slouch/nguoi1_ss2/frame_0016.jpg,ss2,nguoi1,forward_slouch,4.338947,-10.623112,-0.033935,0.439829,0.183537,0.448564,0.310210,0.037477,0.499784,-0.008736,-0.126672,0.184083,0.364133,0.476587,0.545381,0.764433,0.683555,0.511761
D:/BTL/repo/smart-posture-monitor/data/raw/forward_slouch/nguoi1_ss2/frame_0017.jpg,ss2,nguoi1,forward_slouch,5.967685,-0.488113,-0.001388,0.572461,0.221332,0.553975,0.346920,0.075222,0.482805,0.018486,-0.125588,0.162957,0.419649,0.613758,0.653638,0.862170,0.758508,0.561796
D:/BTL/repo/smart-posture-monitor/data/raw/forward_slouch/nguoi1_ss2/frame_0021.jpg,ss2,nguoi1,forward_slouch,1.306575,-9.079845,-0.023022,0.605163,0.239581,0.593620,0.370067,0.144690,0.511064,0.011543,-0.130486,0.145884,0.398525,0.650862,0.699525,0.869188,0.772811,0.534545
D:/BTL/repo/smart-posture-monitor/data/raw/forward_slouch/nguoi1_ss2/frame_0022.jpg,ss2,nguoi1,forward_slouch,1.805105,-9.984802,-0.020582,0.577635,0.224122,0.565346,0.340886,0.127509,0.471049,0.012289,-0.116764,0.118707,0.397870,0.619591,0.660167,0.863507,0.771463,0.513407
D:/BTL/repo/smart-posture-monitor/data/raw/forward_slouch/nguoi1_ss2/frame_0026.jpg,ss2,nguoi1,forward_slouch,2.071385,-12.920886,-0.043464,0.749588,0.302422,0.737189,0.471792,0.155054,0.642888,0.012400,-0.169370,0.194378,0.509779,0.808296,0.875234,0.893549,0.796035,0.685119
D:/BTL/repo/smart-posture-monitor/data/raw/forward_slouch/nguoi1_ss2/frame_0027.jpg,ss2,nguoi1,forward_slouch,4.479759,-12.860504,-0.045347,0.644356,0.192390,0.651315,0.341191,0.130400,0.570285,-0.006959,-0.148801,0.203735,0.469423,0.672465,0.735270,0.919890,0.827568,0.637931
D:/BTL/repo/smart-posture-monitor/data/raw/forward_slouch/nguoi1_ss2/frame_0028.jpg,ss2,nguoi1,forward_slouch,5.480004,-13.784307,-0.054315,0.624366,0.172318,0.635214,0.332194,0.100039,0.574223,-0.010848,-0.159876,0.227957,0.475765,0.647709,0.716833,0.924984,0.824162,0.660641
D:/BTL/repo/smart-posture-monitor/data/raw/forward_slouch/nguoi1_ss2/frame_0029.jpg,ss2,nguoi1,forward_slouch,2.404915,-13.084042,-0.042319,0.549447,0.175627,0.554816,0.308173,0.112816,0.494189,-0.005369,-0.132546,0.186936,0.387749,0.576833,0.634658,0.881586,0.785902,0.540489
D:/BTL/repo/smart-posture-monitor/data/raw/forward_slouch/nguoi1_ss2/frame_0030.jpg,ss2,nguoi1,forward_slouch,1.926111,-6.602103,-0.020961,0.562772,0.279700,0.539805,0.411993,0.088504,0.498544,0.022967,-0.132293,0.182312,0.368683,0.628445,0.679063,0.812304,0.704540,0.522324
D:/BTL/repo/smart-posture-monitor/data/raw/forward_slouch/nguoi1_ss2/frame_0031.jpg,ss2,nguoi1,forward_slouch,1.219622,-6.859757,-0.022597,0.529688,0.346078,0.502486,0.482111,0.035089,0.555356,0.027203,-0.136033,0.189191,0.378581,0.632724,0.696364,0.738942,0.630271,0.537053
D:/BTL/repo/smart-posture-monitor/data/raw/forward_slouch/nguoi1_ss2/frame_0032.jpg,ss2,nguoi1,forward_slouch,1.498731,-7.160934,-0.021982,0.545238,0.330245,0.514095,0.462544,0.054731,0.523317,0.031143,-0.132299,0.176341,0.375198,0.637452,0.691549,0.762839,0.651842,0.527137
D:/BTL/repo/smart-posture-monitor/data/raw/forward_slouch/nguoi1_ss2/frame_0033.jpg,ss2,nguoi1,forward_slouch,3.783476,-8.656167,-0.026109,0.558419,0.272525,0.538772,0.405896,0.089487,0.508658,0.019647,-0.133371,0.173476,0.374440,0.621371,0.674557,0.814225,0.707514,0.525030
D:/BTL/repo/smart-posture-monitor/data/raw/forward_slouch/nguoi1_ss2/frame_0034.jpg,ss2,nguoi1,forward_slouch,2.771666,-10.802024,-0.034929,0.534598,0.181429,0.534290,0.316501,0.100458,0.484379,0.000308,-0.135072,0.186369,0.373888,0.564546,0.620998,0.865687,0.763279,0.529392
D:/BTL/repo/smart-posture-monitor/data/raw/forward_slouch/nguoi1_ss2/frame_0035.jpg,ss2,nguoi1,forward_slouch,1.001199,-2.216058,-0.005895,0.560770,0.393924,0.509663,0.512213,0.055660,0.507239,0.051108,-0.118289,0.152458,0.377913,0.685302,0.722577,0.732968,0.619853,0.517664
D:/BTL/repo/smart-posture-monitor/data/raw/forward_slouch/nguoi1_ss2/frame_0036.jpg,ss2,nguoi1,forward_slouch,-0.526714,-3.180510,-0.007966,0.534064,0.438315,0.479386,0.550791,0.042295,0.523781,0.054678,-0.112476,0.143587,0.366721,0.690901,0.730193,0.683488,0.572464,0.499141
D:/BTL/repo/smart-posture-monitor/data/raw/forward_slouch/nguoi1_ss2/frame_0037.jpg,ss2,nguoi1,forward_slouch,0.173664,-1.716380,-0.004525,0.556982,0.421701,0.501838,0.540888,0.041013,0.528341,0.055144,-0.119187,0.151059,0.385614,0.698613,0.737835,0.712466,0.597634,0.526874
D:/BTL/repo/smart-posture-monitor/data/raw/forward_slouch/nguoi1_ss2/frame_0038.jpg,ss2,nguoi1,forward_slouch,0.381882,-0.875724,-0.001917,0.643693,0.396170,0.589167,0.517509,0.138747,0.520218,0.054526,-0.121338,0.125439,0.387712,0.755838,0.784177,0.788941,0.680727,0.519960
D:/BTL/repo/smart-posture-monitor/data/raw/forward_slouch/nguoi1_ss2/frame_0039.jpg,ss2,nguoi1,forward_slouch,0.654947,-2.096068,-0.004301,0.660137,0.379945,0.610879,0.503555,0.165277,0.525055,0.049258,-0.123610,0.117596,0.387327,0.761669,0.791670,0.808456,0.704062,0.515697
D:/BTL/repo/smart-posture-monitor/data/raw/forward_slouch/nguoi1_ss2/frame_0040.jpg,ss2,nguoi1,forward_slouch,0.705896,-4.349222,-0.010967,0.623327,0.353076,0.581207,0.480733,0.119889,0.522491,0.042120,-0.127657,0.144610,0.390908,0.716380,0.754258,0.803514,0.695720,0.531179
D:/BTL/repo/smart-posture-monitor/data/raw/forward_slouch/nguoi1_ss2/frame_0041.jpg,ss2,nguoi1,forward_slouch,-0.471046,-3.841300,-0.009927,0.608426,0.368588,0.563392,0.495708,0.092097,0.532044,0.045034,-0.127120,0.148186,0.398605,0.711365,0.750425,0.783899,0.673511,0.541585
D:/BTL/repo/smart-posture-monitor/data/raw/forward_slouch/nguoi1_ss2/frame_0042.jpg,ss2,nguoi1,forward_slouch,0.248250,-5.087964,-0.013922,0.606439,0.351781,0.565881,0.481480,0.091319,0.531009,0.040558,-0.129699,0.156980,0.398660,0.701083,0.742997,0.793484,0.683617,0.545409
D:/BTL/repo/smart-posture-monitor/data/raw/forward_slouch/nguoi1_ss2/frame_0043.jpg,ss2,nguoi1,forward_slouch,-1.338179,-5.878970,-0.021009,0.495894,0.363050,0.463494,0.498826,-0.005171,0.545244,0.032400,-0.135777,0.205111,0.368404,0.614586,0.680922,0.696932,0.584804,0.533161
D:/BTL/repo/smart-posture-monitor/data/raw/forward_slouch/nguoi1_ss2/frame_0044.jpg,ss2,nguoi1,forward_slouch,-2.012362,-8.332421,-0.027897,0.469744,0.358453,0.437696,0.492286,-0.000370,0.522423,0.032048,-0.133833,0.192505,0.343212,0.590888,0.658729,0.674145,0.562853,0.497889
D:/BTL/repo/smart-posture-monitor/data/raw/forward_slouch/nguoi1_ss2/frame_0045.jpg,ss2,nguoi1,forward_slouch,-0.426501,-9.724275,-0.035719,0.453830,0.363868,0.425997,0.497843,-0.023536,0.534218,0.027833,-0.133975,0.211472,0.345812,0.581689,0.655226,0.654093,0.548028,0.506851
D:/BTL/repo/smart-posture-monitor/data/raw/forward_slouch/nguoi1_ss2/frame_0046.jpg,ss2,nguoi1,forward_slouch,0.691071,-3.789622,-0.013258,0.441085,0.368054,0.407006,0.505063,-0.012504,0.529932,0.034079,-0.137010,0.200603,0.319948,0.574473,0.648647,0.637758,0.524594,0.481609
D:/BTL/repo/smart-posture-monitor/data/raw/forward_slouch/nguoi1_ss2/frame_0047.jpg,ss2,nguoi1,forward_slouch,-0.274047,-4.744861,-0.019185,0.312970,0.369805,0.299809,0.508575,-0.075550,0.544785,0.013160,-0.138770,0.231927,0.261154,0.484465,0.590368,0.478716,0.401252,0.426105
D:/BTL/repo/smart-posture-monitor/data/raw/forward_slouch/nguoi1_ss2/frame_0048.jpg,ss2,nguoi1,forward_slouch,0.752189,-2.680723,-0.010429,0.347479,0.348550,0.329959,0.486214,-0.052401,0.531645,0.017520,-0.137664,0.222986,0.273957,0.492167,0.587603,0.535896,0.446802,0.439805
D:/BTL/repo/smart-posture-monitor/data/raw/forward_slouch/nguoi1_ss2/frame_0049.jpg,ss2,nguoi1,forward_slouch,0.726259,-3.837846,-0.013592,0.397371,0.262191,0.384446,0.391683,-0.017595,0.484939,0.012925,-0.129492,0.203065,0.312918,0.476076,0.548830,0.653328,0.558923,0.470971
D:/BTL/repo/smart-posture-monitor/data/raw/forward_slouch/nguoi1_ss2/frame_0050.jpg,ss2,nguoi1,forward_slouch,1.732896,-3.015760,-0.011569,0.403506,0.250858,0.393518,0.381226,-0.037952,0.489716,0.009988,-0.130369,0.219906,0.337668,0.475128,0.547896,0.668909,0.575629,0.501935
D:/BTL/repo/smart-posture-monitor/data/raw/forward_slouch/nguoi1_ss2/frame_0051.jpg,ss2,nguoi1,forward_slouch,1.735882,-3.517373,-0.012494,0.434222,0.345318,0.403755,0.476674,-0.017553,0.506791,0.030467,-0.131356,0.203642,0.320569,0.554791,0.624690,0.644472,0.535466,0.479765
D:/BTL/repo/smart-posture-monitor/data/raw/forward_slouch/nguoi1_ss2/frame_0052.jpg,ss2,nguoi1,forward_slouch,2.123590,-6.296265,-0.021126,0.466461,0.362520,0.433736,0.491506,0.000105,0.520463,0.032725,-0.128987,0.192631,0.338397,0.590768,0.655519,0.668147,0.559244,0.492376
D:/BTL/repo/smart-posture-monitor/data/raw/forward_slouch/nguoi1_ss2/frame_0053.jpg,ss2,nguoi1,forward_slouch,3.528093,-5.811146,-0.020997,0.484448,0.368714,0.453635,0.505667,-0.011720,0.551021,0.030812,-0.136953,0.207377,0.363873,0.608802,0.679326,0.682189,0.571619,0.528601
D:/BTL/repo/smart-posture-monitor/data/raw/forward_slouch/nguoi1_ss2/frame_0054.jpg,ss2,nguoi1,forward_slouch,2.487059,-5.079121,-0.020932,0.387668,0.269599,0.385529,0.414364,-0.060326,0.561329,0.002138,-0.144766,0.236440,0.355361,0.472197,0.565978,0.635640,0.547796,0.534607
D:/BTL/repo/smart-posture-monitor/data/raw/forward_slouch/nguoi1_ss2/frame_0055.jpg,ss2,nguoi1,forward_slouch,3.569858,-7.156201,-0.027973,0.432019,0.283513,0.427196,0.416218,-0.029981,0.546207,0.004823,-0.132705,0.224551,0.364716,0.516740,0.596435,0.682637,0.593794,0.531462
D:/BTL/repo/smart-posture-monitor/data/raw/forward_slouch/nguoi1_ss2/frame_0056.jpg,ss2,nguoi1,forward_slouch,4.075118,-2.512999,-0.006375,0.585906,0.450716,0.528886,0.570910,0.046249,0.560429,0.057020,-0.120194,0.145388,0.410241,0.739210,0.778241,0.716899,0.605027,0.550696
D:/BTL/repo/smart-posture-monitor/data/raw/forward_slouch/nguoi1_ss2/frame_0057.jpg,ss2,nguoi1,forward_slouch,1.042645,-2.920562,-0.007310,0.530187,0.452991,0.477772,0.562438,0.038227,0.543054,0.052414,-0.109447,0.143461,0.368628,0.697351,0.737972,0.671386,0.565119,0.500135
D:/BTL/repo/smart-posture-monitor/data/raw/forward_slouch/nguoi1_ss2/frame_0058.jpg,ss2,nguoi1,forward_slouch,3.974247,-6.504833,-0.020727,0.513631,0.383384,0.476298,0.520028,-0.004043,0.566511,0.037333,-0.136645,0.182963,0.391119,0.640936,0.705187,0.700085,0.585590,0.549110
D:/BTL/repo/smart-posture-monitor/data/raw/forward_slouch/nguoi1_ss2/frame_0059.jpg,ss2,nguoi1,forward_slouch,3.307816,-5.466046,-0.018174,0.515986,0.358253,0.482815,0.496161,-0.004205,0.559983,0.033171,-0.137908,0.190787,0.395862,0.628161,0.692305,0.718689,0.604496,0.557936
D:/BTL/repo/smart-posture-monitor/data/raw/forward_slouch/nguoi1_ss2/frame_0060.jpg,ss2,nguoi1,forward_slouch,1.689829,-2.783414,-0.008278,0.500673,0.336547,0.467248,0.460105,0.023484,0.509428,0.033425,-0.123558,0.170459,0.361470,0.603272,0.655757,0.719203,0.609835,0.507541
D:/BTL/repo/smart-posture-monitor/data/raw/forward_slouch/nguoi1_ss2/frame_0061.jpg,ss2,nguoi1,forward_slouch,2.623622,-3.942703,-0.012636,0.530476,0.362345,0.494986,0.497972,-0.001026,0.562699,0.035490,-0.135627,0.183769,0.408542,0.642416,0.702130,0.728701,0.614645,0.568010
D:/BTL/repo/smart-posture-monitor/data/raw/forward_slouch/nguoi1_ss2/frame_0062.jpg,ss2,nguoi1,forward_slouch,3.556766,-6.119371,-0.020517,0.512477,0.264665,0.500610,0.395557,0.018965,0.534421,0.011867,-0.130892,0.192463,0.406825,0.576784,0.638025,0.781539,0.680401,0.562425
D:/BTL/repo/smart-posture-monitor/data/raw/forward_slouch/nguoi1_ss2/frame_0063.jpg,ss2,nguoi1,forward_slouch,1.360302,-4.978258,-0.013975,0.511413,0.369575,0.475490,0.482801,0.033020,0.513586,0.035923,-0.113226,0.161045,0.363032,0.630975,0.677633,0.707070,0.605006,0.499599
D:/BTL/repo/smart-posture-monitor/data/raw/forward_slouch/nguoi1_ss2/frame_0064.jpg,ss2,nguoi1,forward_slouch,3.353791,-4.487659,-0.014495,0.490439,0.429505,0.451946,0.564494,-0.013330,0.597221,0.038493,-0.134989,0.185250,0.373804,0.651924,0.723124,0.649946,0.540195,0.530953
D:/BTL/repo/smart-posture-monitor/data/raw/forward_slouch/nguoi2_ss2/frame_0001.jpg,ss2,nguoi2,forward_slouch,5.727530,-16.894985,-0.066621,0.590388,0.558220,0.558189,0.706789,0.019780,0.753108,0.032199,-0.148569,0.229240,0.428933,0.812507,0.900625,0.659481,0.563343,0.602971
D:/BTL/repo/smart-posture-monitor/data/raw/forward_slouch/nguoi2_ss2/frame_0002.jpg,ss2,nguoi2,forward_slouch,7.753429,-20.331783,-0.076838,0.622111,0.574254,0.591857,0.723989,0.047696,0.783926,0.030254,-0.149735,0.221146,0.441003,0.846634,0.935123,0.673423,0.580288,0.611486
D:/BTL/repo/smart-posture-monitor/data/raw/forward_slouch/nguoi2_ss2/frame_0003.jpg,ss2,nguoi2,forward_slouch,6.950076,-17.808002,-0.070810,0.607166,0.603989,0.574582,0.748271,0.033987,0.785326,0.032584,-0.144282,0.231536,0.430378,0.856419,0.943427,0.647775,0.557462,0.601180
D:/BTL/repo/smart-posture-monitor/data/raw/forward_slouch/nguoi2_ss2/frame_0004.jpg,ss2,nguoi2,forward_slouch,3.337313,-8.740313,-0.041943,0.306905,0.630894,0.302515,0.768229,-0.082731,0.747177,0.004391,-0.137334,0.276022,0.252360,0.701583,0.825646,0.364485,0.317742,0.406618
D:/BTL/repo/smart-posture-monitor/data/raw/forward_slouch/nguoi2_ss2/frame_0005.jpg,ss2,nguoi2,forward_slouch,3.404401,-8.963345,-0.044195,0.294110,0.627649,0.292663,0.763193,-0.092557,0.735708,0.001447,-0.135544,0.283658,0.250087,0.693141,0.817383,0.351647,0.309498,0.401483
D:/BTL/repo/smart-posture-monitor/data/raw/forward_slouch/nguoi2_ss2/frame_0006.jpg,ss2,nguoi2,forward_slouch,2.960927,-8.036404,-0.039627,0.293727,0.627115,0.288178,0.766103,-0.101742,0.736771,0.005549,-0.138988,0.283454,0.254378,0.692494,0.818511,0.351403,0.304306,0.410391
D:/BTL/repo/smart-posture-monitor/data/raw/forward_slouch/nguoi2_ss2/frame_0010.jpg,ss2,nguoi2,forward_slouch,4.514776,-10.684185,-0.050439,0.368709,0.587029,0.358529,0.720182,-0.063684,0.715490,0.010179,-0.133153,0.272061,0.290087,0.693217,0.804491,0.446923,0.386650,0.451072
D:/BTL/repo/smart-posture-monitor/data/raw/forward_slouch/nguoi2_ss2/frame_0011.jpg,ss2,nguoi2,forward_slouch,4.831996,-10.329061,-0.049303,0.372948,0.581302,0.363318,0.717033,-0.059132,0.714862,0.009630,-0.135731,0.274974,0.288441,0.690654,0.803826,0.453761,0.392311,0.452251
D:/BTL/repo/smart-posture-monitor/data/raw/forward_slouch/nguoi2_ss2/frame_0012.jpg,ss2,nguoi2,forward_slouch,4.725110,-10.561910,-0.051001,0.348478,0.588963,0.343403,0.723785,-0.066001,0.717751,0.005075,-0.134822,0.278243,0.274457,0.684335,0.801118,0.424714,0.370861,0.434026
D:/BTL/repo/smart-posture-monitor/data/raw/forward_slouch/nguoi2_ss2/frame_0013.jpg,ss2,nguoi2,forward_slouch,8.815917,-14.902013,-0.067956,0.522359,0.547637,0.505462,0.688944,0.000448,0.738000,0.016898,-0.141307,0.264250,0.377634,0.756813,0.854479,0.611702,0.529885,0.555545
D:/BTL/repo/smart-posture-monitor/data/raw/forward_slouch/nguoi2_ss2/frame_0014.jpg,ss2,nguoi2,forward_slouch,7.506770,-19.853111,-0.071441,0.616016,0.603419,0.580345,0.740451,0.041956,0.777098,0.035670,-0.137032,0.210363,0.439460,0.862317,0.940781,0.654231,0.564941,0.599757
D:/BTL/repo/smart-posture-monitor/data/raw/forward_slouch/nguoi2_ss2/frame_0015.jpg,ss2,nguoi2,forward_slouch,8.655906,-19.620140,-0.072732,0.636733,0.605979,0.604626,0.744060,0.067653,0.788259,0.032108,-0.138081,0.216605,0.435029,0.879000,0.958748,0.666953,0.580470,0.597560
D:/BTL/repo/smart-posture-monitor/data/raw/forward_slouch/nguoi2_ss2/frame_0016.jpg,ss2,nguoi2,forward_slouch,10.005169,-23.690451,-0.086951,0.658673,0.581541,0.630886,0.723900,0.089362,0.786437,0.027787,-0.142359,0.216405,0.442850,0.878658,0.960233,0.693624,0.607096,0.605060
D:/BTL/repo/smart-posture-monitor/data/raw/forward_slouch/nguoi2_ss2/frame_0017.jpg,ss2,nguoi2,forward_slouch,8.838072,-22.222521,-0.079722,0.649832,0.589093,0.617683,0.731905,0.076779,0.784281,0.032149,-0.142811,0.210790,0.443515,0.877105,0.957715,0.684105,0.594696,0.605383
D:/BTL/repo/smart-posture-monitor/data/raw/forward_slouch/nguoi2_ss2/frame_0018.jpg,ss2,nguoi2,forward_slouch,10.146695,-19.201550,-0.070238,0.701493,0.667819,0.646038,0.798180,0.093526,0.765589,0.055456,-0.130361,0.213560,0.456719,0.968543,1.026867,0.677062,0.585171,0.615778
D:/BTL/repo/smart-posture-monitor/data/raw/forward_slouch/nguoi2_ss2/frame_0019.jpg,ss2,nguoi2,forward_slouch,10.139179,-18.398849,-0.059770,0.696918,0.717036,0.631650,0.835274,0.078530,0.779699,0.065268,-0.118237,0.189366,0.471093,0.999918,1.047217,0.651677,0.560940,0.621555
D:/BTL/repo/smart-posture-monitor/data/raw/forward_slouch/nguoi2_ss2/frame_0020.jpg,ss2,nguoi2,forward_slouch,9.702950,-21.410501,-0.078043,0.641712,0.581362,0.611060,0.717519,0.078518,0.765072,0.030652,-0.136157,0.213787,0.433110,0.865896,0.942458,0.682821,0.596543,0.592400
D:/BTL/repo/smart-posture-monitor/data/raw/forward_slouch/nguoi2_ss2/frame_0021.jpg,ss2,nguoi2,forward_slouch,8.653351,-19.608402,-0.071014,0.624753,0.562297,0.597956,0.700291,0.065839,0.766733,0.026798,-0.137994,0.211608,0.433553,0.840533,0.920847,0.681507,0.595164,0.595129
D:/BTL/repo/smart-posture-monitor/data/raw/forward_slouch/nguoi2_ss2/frame_0022.jpg,ss2,nguoi2,forward_slouch,8.678749,-20.363544,-0.075276,0.642638,0.560259,0.615390,0.705015,0.072708,0.776246,0.027249,-0.144756,0.216325,0.442556,0.852569,0.935816,0.694469,0.605127,0.609484
D:/BTL/repo/smart-posture-monitor/data/raw/forward_slouch/nguoi2_ss2/frame_0023.jpg,ss2,nguoi2,forward_slouch,9.113490,-23.722187,-0.082831,0.656904,0.526002,0.637904,0.671512,0.097766,0.778524,0.018999,-0.145510,0.205892,0.450690,0.841547,0.926203,0.721962,0.635744,0.613516
D:/BTL/repo/smart-posture-monitor/data/raw/forward_slouch/nguoi2_ss2/frame_0024.jpg,ss2,nguoi2,forward_slouch,8.837029,-22.977093,-0.078316,0.652797,0.538482,0.630465,0.682543,0.092241,0.779889,0.022332,-0.144061,0.200624,0.449651,0.846231,0.929167,0.712620,0.625636,0.610328
D:/BTL/repo/smart-posture-monitor/data/raw/forward_slouch/nguoi2_ss2/frame_0025.jpg,ss2,nguoi2,forward_slouch,8.176887,-23.469131,-0.079054,0.638975,0.527081,0.616810,0.672464,0.082053,0.770092,0.022165,-0.145383,0.198500,0.447506,0.828313,0.912503,0.709926,0.621104,0.607632
D:/BTL/repo/smart-posture-monitor/data/raw/forward_slouch/nguoi2_ss2/frame_0026.jpg,ss2,nguoi2,forward_slouch,8.536744,-21.142431,-0.077171,0.634000,0.544909,0.609284,0.687173,0.070934,0.763615,0.024717,-0.142264,0.213956,0.440203,0.835992,0.918386,0.696983,0.609073,0.604049
D:/BTL/repo/smart-posture-monitor/data/raw/forward_slouch/nguoi2_ss2/frame_0027.jpg,ss2,nguoi2,forward_slouch,7.787447,-20.709909,-0.077753,0.631864,0.564771,0.605489,0.708389,0.059175,0.779945,0.026375,-0.143618,0.219866,0.444687,0.847478,0.931897,0.684983,0.596781,0.611778
D:/BTL/repo/smart-posture-monitor/data/raw/forward_slouch/nguoi2_ss2/frame_0028.jpg,ss2,nguoi2,forward_slouch,5.691806,-16.736059,-0.060097,0.604861,0.585303,0.571845,0.722813,0.033792,0.772589,0.033016,-0.137509,0.208695,0.438570,0.841687,0.921664,0.655697,0.566417,0.600996
D:/BTL/repo/smart-posture-monitor/data/raw/forward_slouch/nguoi2_ss2/frame_0029.jpg,ss2,nguoi2,forward_slouch,5.666228,-16.494211,-0.059923,0.595912,0.597314,0.562839,0.732074,0.029505,0.773824,0.033073,-0.134760,0.211059,0.432309,0.843739,0.923429,0.643156,0.555800,0.593273
D:/BTL/repo/smart-posture-monitor/data/raw/forward_slouch/nguoi2_ss2/frame_0030.jpg,ss2,nguoi2,forward_slouch,6.419367,-21.376364,-0.074787,0.618487,0.563788,0.589646,0.703224,0.051295,0.769258,0.028841,-0.139436,0.205180,0.443743,0.836889,0.917718,0.676441,0.587947,0.603261
D:/BTL/repo/smart-posture-monitor/data/raw/forward_slouch/nguoi2_ss2/frame_0031.jpg,ss2,nguoi2,forward_slouch,5.270018,-18.934776,-0.069018,0.606427,0.600280,0.573854,0.736471,0.031575,0.781751,0.032574,-0.136191,0.212696,0.441817,0.853282,0.933647,0.649135,0.561969,0.602816
D:/BTL/repo/smart-posture-monitor/data/raw/forward_slouch/nguoi2_ss2/frame_0032.jpg,ss2,nguoi2,forward_slouch,4.771717,-17.318525,-0.064869,0.598856,0.600943,0.565231,0.738680,0.025870,0.778133,0.033625,-0.137736,0.217911,0.435401,0.848387,0.930125,0.643424,0.554734,0.599757
D:/BTL/repo/smart-posture-monitor/data/raw/forward_slouch/nguoi2_ss2/frame_0033.jpg,ss2,nguoi2,forward_slouch,6.374412,-18.514250,-0.070228,0.619686,0.580024,0.590521,0.721153,0.047092,0.779275,0.029165,-0.141128,0.221161,0.439175,0.848787,0.932082,0.668757,0.580589,0.606271
D:/BTL/repo/smart-posture-monitor/data/raw/forward_slouch/nguoi2_ss2/frame_0034.jpg,ss2,nguoi2,forward_slouch,5.757610,-18.668262,-0.068082,0.608945,0.583398,0.576237,0.724479,0.033589,0.775324,0.032708,-0.141081,0.212697,0.442213,0.843307,0.925699,0.659558,0.568885,0.606522
D:/BTL/repo/smart-posture-monitor/data/raw/forward_slouch/nguoi2_ss2/frame_0035.jpg,ss2,nguoi2,forward_slouch,6.182233,-16.775988,-0.063035,0.617756,0.584367,0.584725,0.724523,0.041559,0.772201,0.033031,-0.140155,0.218393,0.438914,0.850357,0.931041,0.665181,0.574980,0.606040
D:/BTL/repo/smart-posture-monitor/data/raw/forward_slouch/nguoi2_ss2/frame_0036.jpg,ss2,nguoi2,forward_slouch,5.768200,-17.256590,-0.064838,0.612020,0.600623,0.577763,0.738371,0.031296,0.779714,0.034257,-0.137749,0.218565,0.442194,0.857506,0.937551,0.652878,0.563977,0.607713
D:/BTL/repo/smart-posture-monitor/data/raw/forward_slouch/nguoi2_ss2/frame_0037.jpg,ss2,nguoi2,forward_slouch,6.538161,-18.350649,-0.066160,0.601278,0.582136,0.569757,0.721132,0.037919,0.771634,0.031521,-0.138995,0.210145,0.432460,0.836909,0.919051,0.654790,0.565623,0.594376
D:/BTL/repo/smart-posture-monitor/data/raw/forward_slouch/nguoi2_ss2/frame_0038.jpg,ss2,nguoi2,forward_slouch,5.364321,-15.943628,-0.058914,0.608623,0.636734,0.570067,0.773086,0.023502,0.801648,0.038556,-0.136352,0.214474,0.443454,0.880824,0.960540,0.632533,0.543861,0.607918
D:/BTL/repo/smart-posture-monitor/data/raw/forward_slouch/nguoi2_ss2/frame_0039.jpg,ss2,nguoi2,forward_slouch,6.489350,-17.628416,-0.066811,0.622269,0.608382,0.586978,0.751474,0.040740,0.790757,0.035291,-0.143092,0.220612,0.441151,0.870257,0.953549,0.656017,0.564961,0.609456
D:/BTL/repo/smart-posture-monitor/data/raw/forward_slouch/nguoi2_ss2/frame_0040.jpg,ss2,nguoi2,forward_slouch,6.227141,-16.666412,-0.064744,0.623714,0.622419,0.589474,0.760456,0.043455,0.796518,0.034239,-0.138037,0.225748,0.437902,0.881150,0.962171,0.649982,0.562925,0.605813
D:/BTL/repo/smart-posture-monitor/data/raw/forward_slouch/nguoi2_ss2/frame_0041.jpg,ss2,nguoi2,forward_slouch,6.839774,-17.888781,-0.067535,0.613324,0.589604,0.581032,0.727289,0.039197,0.772715,0.032292,-0.137685,0.219862,0.437375,0.850764,0.930886,0.659415,0.571123,0.602621
D:/BTL/repo/smart-posture-monitor/data/raw/forward_slouch/nguoi2_ss2/frame_0042.jpg,ss2,nguoi2,forward_slouch,6.067252,-16.062305,-0.061703,0.606304,0.601008,0.573782,0.741437,0.030467,0.787362,0.032521,-0.140430,0.223011,0.436423,0.853706,0.937526,0.648678,0.559791,0.605240
D:/BTL/repo/smart-posture-monitor/data/raw/forward_slouch/nguoi2_ss2/frame_0043.jpg,ss2,nguoi2,forward_slouch,5.867046,-17.864254,-0.068143,0.644621,0.648217,0.606434,0.790819,0.046764,0.823005,0.038187,-0.142602,0.222136,0.453961,0.914178,0.996573,0.651271,0.562048,0.622884
D:/BTL/repo/smart-posture-monitor/data/raw/forward_slouch/nguoi2_ss2/frame_0044.jpg,ss2,nguoi2,forward_slouch,7.204772,-17.972942,-0.075490,0.612797,0.672970,0.569525,0.794345,0.023187,0.766181,0.043272,-0.121375,0.244646,0.435006,0.910169,0.977416,0.618106,0.534860,0.596932
D:/BTL/repo/smart-posture-monitor/data/raw/forward_slouch/nguoi2_ss2/frame_0045.jpg,ss2,nguoi2,forward_slouch,7.475651,-18.216507,-0.069502,0.618726,0.621662,0.576753,0.751131,0.037253,0.751240,0.041973,-0.129470,0.222328,0.435288,0.877089,0.947017,0.646951,0.557815,0.595737
D:/BTL/repo/smart-posture-monitor/data/raw/forward_slouch/nguoi2_ss2/frame_0046.jpg,ss2,nguoi2,forward_slouch,5.913533,-16.809368,-0.062374,0.624578,0.624273,0.584996,0.762557,0.035395,0.789115,0.039582,-0.138284,0.215685,0.446390,0.883071,0.961100,0.649650,0.558884,0.611808
D:/BTL/repo/smart-posture-monitor/data/raw/forward_slouch/nguoi2_ss2/frame_0047.jpg,ss2,nguoi2,forward_slouch,7.575281,-19.283714,-0.076510,0.616713,0.592871,0.585110,0.731623,0.040262,0.768792,0.031602,-0.138752,0.231674,0.435512,0.855471,0.936817,0.660085,0.572159,0.602697
D:/BTL/repo/smart-posture-monitor/data/raw/forward_slouch/nguoi2_ss2/frame_0048.jpg,ss2,nguoi2,forward_slouch,6.892322,-18.592403,-0.076711,0.579274,0.616361,0.548004,0.752252,0.020690,0.768326,0.031270,-0.135891,0.240598,0.413893,0.845848,0.930694,0.621435,0.536255,0.578886
D:/BTL/repo/smart-posture-monitor/data/raw/forward_slouch/nguoi2_ss2/frame_0049.jpg,ss2,nguoi2,forward_slouch,7.151138,-18.974771,-0.073712,0.616410,0.631708,0.579009,0.767439,0.033945,0.785058,0.037401,-0.135731,0.226701,0.438295,0.882619,0.961360,0.640397,0.552598,0.602313
D:/BTL/repo/smart-posture-monitor/data/raw/forward_slouch/nguoi2_ss2/frame_0050.jpg,ss2,nguoi2,forward_slouch,7.177742,-19.730091,-0.075269,0.610514,0.602942,0.573344,0.740178,0.026971,0.764289,0.037170,-0.137236,0.222959,0.441645,0.858060,0.936262,0.650651,0.560011,0.605439
D:/BTL/repo/smart-posture-monitor/data/raw/forward_slouch/nguoi2_ss2/frame_0051.jpg,ss2,nguoi2,forward_slouch,7.884952,-19.933865,-0.072141,0.630201,0.601307,0.592524,0.739246,0.049735,0.769757,0.037677,-0.137939,0.211598,0.443363,0.871047,0.947402,0.664963,0.574112,0.604414
D:/BTL/repo/smart-posture-monitor/data/raw/forward_slouch/nguoi2_ss2/frame_0052.jpg,ss2,nguoi2,forward_slouch,6.290925,-18.597046,-0.066813,0.612420,0.635670,0.570216,0.771368,0.025242,0.786153,0.042204,-0.135697,0.209504,0.446079,0.882686,0.959246,0.635697,0.544674,0.606154
D:/BTL/repo/smart-posture-monitor/data/raw/forward_slouch/nguoi2_ss2/frame_0053.jpg,ss2,nguoi2,forward_slouch,7.447239,-19.653431,-0.069618,0.644562,0.601374,0.606534,0.737855,0.059106,0.773962,0.038029,-0.136481,0.206994,0.449962,0.881539,0.955151,0.674427,0.584474,0.610365
D:/BTL/repo/smart-posture-monitor/data/raw/forward_slouch/nguoi2_ss2/frame_0054.jpg,ss2,nguoi2,forward_slouch,7.844782,-17.713331,-0.061838,0.653053,0.592966,0.615098,0.727779,0.073135,0.766273,0.037955,-0.134813,0.203243,0.445223,0.882092,0.952894,0.684188,0.594756,0.605260
D:/BTL/repo/smart-posture-monitor/data/raw/forward_slouch/nguoi2_ss2/frame_0055.jpg,ss2,nguoi2,forward_slouch,8.040979,-19.830200,-0.070368,0.647295,0.598863,0.610248,0.733732,0.069324,0.767825,0.037047,-0.134869,0.207434,0.443359,0.881832,0.954340,0.677477,0.588826,0.602161
D:/BTL/repo/smart-posture-monitor/data/raw/forward_slouch/nguoi2_ss2/frame_0056.jpg,ss2,nguoi2,forward_slouch,8.077255,-19.677401,-0.069928,0.653488,0.607231,0.615208,0.743254,0.070555,0.776731,0.038280,-0.136024,0.207671,0.446884,0.892062,0.964835,0.677229,0.588062,0.607076
D:/BTL/repo/smart-posture-monitor/data/raw/forward_slouch/nguoi2_ss2/frame_0057.jpg,ss2,nguoi2,forward_slouch,7.609325,-19.107307,-0.067737,0.652096,0.601964,0.613497,0.737122,0.065641,0.771584,0.038599,-0.135158,0.206932,0.450091,0.887463,0.959024,0.678998,0.589566,0.610492
D:/BTL/repo/smart-posture-monitor/data/raw/forward_slouch/nguoi2_ss2/frame_0058.jpg,ss2,nguoi2,forward_slouch,7.224622,-18.913273,-0.067088,0.645673,0.605611,0.607541,0.743549,0.059034,0.781391,0.038132,-0.137937,0.206974,0.450628,0.885245,0.960193,0.673005,0.582698,0.612408
D:/BTL/repo/smart-posture-monitor/data/raw/forward_slouch/nguoi2_ss2/frame_0059.jpg,ss2,nguoi2,forward_slouch,7.135242,-19.080164,-0.067818,0.636825,0.601597,0.598912,0.737315,0.053284,0.771600,0.037913,-0.135718,0.207463,0.447596,0.876051,0.949910,0.669232,0.579425,0.607800
D:/BTL/repo/smart-posture-monitor/data/raw/forward_slouch/nguoi2_ss2/frame_0060.jpg,ss2,nguoi2,forward_slouch,8.304792,-19.885021,-0.070086,0.648209,0.583883,0.611376,0.721729,0.066919,0.763507,0.036833,-0.137846,0.206054,0.447623,0.872407,0.945872,0.685740,0.594888,0.608410
D:/BTL/repo/smart-posture-monitor/data/raw/forward_slouch/nguoi2_ss2/frame_0061.jpg,ss2,nguoi2,forward_slouch,7.774942,-19.110319,-0.067241,0.642816,0.595342,0.604703,0.732695,0.062226,0.768050,0.038114,-0.137353,0.205386,0.445447,0.876154,0.950004,0.676356,0.585460,0.605734
D:/BTL/repo/smart-posture-monitor/data/raw/forward_slouch/nguoi2_ss2/frame_0062.jpg,ss2,nguoi2,forward_slouch,7.663610,-20.475515,-0.072975,0.648487,0.602720,0.610312,0.739823,0.056416,0.776480,0.038175,-0.137103,0.208616,0.456178,0.885329,0.959072,0.676292,0.586213,0.617042
D:/BTL/repo/smart-posture-monitor/data/raw/forward_slouch/nguoi2_ss2/frame_0063.jpg,ss2,nguoi2,forward_slouch,7.878352,-20.479088,-0.074989,0.636428,0.594001,0.601845,0.732816,0.054677,0.775888,0.034583,-0.138815,0.214337,0.446807,0.870562,0.948281,0.672838,0.583425,0.609522
D:/BTL/repo/smart-posture-monitor/data/raw/forward_slouch/nguoi2_ss2/frame_0064.jpg,ss2,nguoi2,forward_slouch,8.087789,-19.569178,-0.070209,0.643061,0.593965,0.605767,0.731740,0.057894,0.770418,0.037294,-0.137775,0.209615,0.449134,0.875398,0.949946,0.677220,0.586613,0.611192
D:/BTL/repo/smart-posture-monitor/data/raw/forward_slouch/nguoi2_ss2/frame_0065.jpg,ss2,nguoi2,forward_slouch,7.967995,-18.536194,-0.065170,0.645867,0.584545,0.609653,0.722762,0.069833,0.766442,0.036214,-0.138217,0.204998,0.442778,0.871113,0.945548,0.683883,0.593246,0.604071
D:/BTL/repo/smart-posture-monitor/data/raw/forward_slouch/nguoi2_ss2/frame_0066.jpg,ss2,nguoi2,forward_slouch,7.564438,-19.538593,-0.068834,0.640766,0.599502,0.604963,0.732666,0.064088,0.772060,0.035803,-0.133164,0.205819,0.443919,0.877487,0.950147,0.672894,0.585652,0.601942
D:/BTL/repo/smart-posture-monitor/data/raw/forward_slouch/nguoi2_ss2/frame_0067.jpg,ss2,nguoi2,forward_slouch,7.525263,-16.410536,-0.042753,0.778462,0.781463,0.699896,0.902566,0.143304,0.826441,0.078566,-0.121103,0.151329,0.493733,1.103036,1.142138,0.668789,0.577021,0.636749
D:/BTL/repo/smart-posture-monitor/data/raw/forward_slouch/nguoi2_ss2/frame_0068.jpg,ss2,nguoi2,forward_slouch,8.667819,-17.306046,-0.058912,0.683070,0.640804,0.632283,0.771214,0.099077,0.757941,0.050787,-0.130411,0.198041,0.440744,0.936597,0.997273,0.679027,0.587500,0.595625
D:/BTL/repo/smart-posture-monitor/data/raw/forward_slouch/nguoi3_ss1/frame_0001.jpg,ss1,nguoi3,forward_slouch,-8.626680,-6.243587,-0.020642,0.670132,0.474528,0.581846,0.616282,0.039824,0.536111,0.088286,-0.141754,0.189802,0.456738,0.821129,0.847554,0.758585,0.623375,0.633309
D:/BTL/repo/smart-posture-monitor/data/raw/forward_slouch/nguoi3_ss1/frame_0002.jpg,ss1,nguoi3,forward_slouch,-9.523528,-2.531888,-0.007377,0.625679,0.428779,0.536130,0.562606,0.024612,0.484028,0.089549,-0.133826,0.166982,0.435941,0.758502,0.777149,0.757758,0.615257,0.603600
D:/BTL/repo/smart-posture-monitor/data/raw/forward_slouch/nguoi3_ss1/frame_0003.jpg,ss1,nguoi3,forward_slouch,-8.867116,-4.699231,-0.014738,0.634124,0.460921,0.547961,0.595815,0.031846,0.512988,0.086163,-0.134894,0.179896,0.435902,0.783940,0.809479,0.744169,0.607753,0.604524
D:/BTL/repo/smart-posture-monitor/data/raw/forward_slouch/nguoi3_ss1/frame_0004.jpg,ss1,nguoi3,forward_slouch,-6.882919,-1.369319,-0.004703,0.620318,0.464811,0.531413,0.608116,0.010898,0.520507,0.088905,-0.143306,0.196799,0.431623,0.775141,0.807592,0.732784,0.588411,0.611960
D:/BTL/repo/smart-posture-monitor/data/raw/forward_slouch/nguoi3_ss1/frame_0006.jpg,ss1,nguoi3,forward_slouch,-0.168076,-13.259539,-0.046957,0.527290,0.636256,0.471828,0.761773,-0.021740,0.718127,0.055462,-0.125517,0.204728,0.399610,0.826351,0.896058,0.571524,0.472513,0.555101
D:/BTL/repo/smart-posture-monitor/data/raw/forward_slouch/nguoi3_ss1/frame_0007.jpg,ss1,nguoi3,forward_slouch,-4.507358,-4.058895,-0.018214,0.351518,0.472999,0.293139,0.615247,-0.145845,0.520233,0.058378,-0.142248,0.257325,0.327629,0.589315,0.681513,0.478312,0.354700,0.499600
D:/BTL/repo/smart-posture-monitor/data/raw/forward_slouch/nguoi3_ss1/frame_0009.jpg,ss1,nguoi3,forward_slouch,-10.036171,-4.829082,-0.018001,0.588494,0.580401,0.492192,0.718321,-0.064626,0.596812,0.096302,-0.137919,0.213829,0.468815,0.826554,0.870768,0.646457,0.506557,0.653326
D:/BTL/repo/smart-posture-monitor/data/raw/forward_slouch/nguoi3_ss1/frame_0010.jpg,ss1,nguoi3,forward_slouch,-7.402903,-4.795090,-0.017385,0.608055,0.537607,0.519316,0.679469,-0.033454,0.580816,0.088739,-0.141862,0.207968,0.461799,0.811635,0.855200,0.683228,0.545280,0.642962
D:/BTL/repo/smart-posture-monitor/data/raw/forward_slouch/nguoi3_ss1/frame_0011.jpg,ss1,nguoi3,forward_slouch,-9.725448,-6.235113,-0.021368,0.570977,0.489860,0.488768,0.614293,-0.037679,0.522474,0.082209,-0.124433,0.196746,0.440741,0.752315,0.785016,0.682714,0.549657,0.609528
D:/BTL/repo/smart-posture-monitor/data/raw/forward_slouch/nguoi3_ss1/frame_0015.jpg,ss1,nguoi3,forward_slouch,-7.800344,-10.099783,-0.032700,0.635604,0.493757,0.572029,0.647400,0.019977,0.646664,0.063575,-0.153643,0.186473,0.460578,0.804853,0.863912,0.726263,0.600953,0.634332
D:/BTL/repo/smart-posture-monitor/data/raw/forward_slouch/nguoi3_ss1/frame_0020.jpg,ss1,nguoi3,forward_slouch,-3.522807,-20.551382,-0.048531,0.914666,0.527943,0.860296,0.690381,0.296596,0.733741,0.054371,-0.162438,0.138246,0.499342,1.056096,1.103057,0.838647,0.746719,0.651432
D:/BTL/repo/smart-posture-monitor/data/raw/forward_slouch/nguoi3_ss1/frame_0024.jpg,ss1,nguoi3,forward_slouch,-0.530594,-23.511629,-0.058282,0.966731,0.549680,0.912397,0.715184,0.313023,0.761523,0.054335,-0.165503,0.146095,0.532668,1.112078,1.159291,0.845248,0.757581,0.687177
D:/BTL/repo/smart-posture-monitor/data/raw/forward_slouch/nguoi3_ss1/frame_0025.jpg,ss1,nguoi3,forward_slouch,-5.677548,-11.656333,-0.035286,0.771776,0.615454,0.694586,0.760422,0.120073,0.722766,0.077190,-0.144967,0.174649,0.492106,0.987129,1.029898,0.740079,0.631155,0.660479
D:/BTL/repo/smart-posture-monitor/data/raw/forward_slouch/nguoi3_ss1/frame_0026.jpg,ss1,nguoi3,forward_slouch,1.323765,-16.458183,-0.058092,0.933029,0.466103,0.876485,0.646357,0.233301,0.691619,0.056544,-0.180254,0.205043,0.545105,1.042974,1.089038,0.870713,0.772677,0.735171
D:/BTL/repo/smart-posture-monitor/data/raw/forward_slouch/nguoi3_ss1/frame_0027.jpg,ss1,nguoi3,forward_slouch,1.455398,-16.110676,-0.061365,0.906111,0.443549,0.852943,0.626385,0.197048,0.688718,0.053168,-0.182837,0.221140,0.550577,1.008848,1.058239,0.873027,0.771934,0.750252
D:/BTL/repo/smart-posture-monitor/data/raw/forward_slouch/nguoi3_ss1/frame_0028.jpg,ss1,nguoi3,forward_slouch,0.696205,-15.306683,-0.054266,0.866613,0.404861,0.811931,0.584003,0.183394,0.639190,0.054682,-0.179143,0.205563,0.530144,0.956520,1.000146,0.879138,0.773956,0.722286
D:/BTL/repo/smart-posture-monitor/data/raw/forward_slouch/nguoi3_ss1/frame_0029.jpg,ss1,nguoi3,forward_slouch,1.286579,-15.827447,-0.061090,0.892177,0.410544,0.841568,0.597230,0.189561,0.672034,0.050609,-0.186686,0.223984,0.546057,0.982103,1.031950,0.883691,0.780493,0.749697
D:/BTL/repo/smart-posture-monitor/data/raw/forward_slouch/nguoi3_ss1/frame_0030.jpg,ss1,nguoi3,forward_slouch,-0.970536,-13.837324,-0.054827,0.872867,0.458066,0.812605,0.642902,0.155954,0.685462,0.060262,-0.184836,0.229241,0.545567,0.985759,1.036170,0.856630,0.746719,0.752113
D:/BTL/repo/smart-posture-monitor/data/raw/forward_slouch/nguoi3_ss1/frame_0031.jpg,ss1,nguoi3,forward_slouch,-1.426668,-13.889266,-0.056872,0.869823,0.468175,0.813178,0.650725,0.145260,0.701376,0.056646,-0.182550,0.236922,0.553367,0.987816,1.041490,0.850998,0.743398,0.761167
D:/BTL/repo/smart-posture-monitor/data/raw/forward_slouch/nguoi3_ss1/frame_0032.jpg,ss1,nguoi3,forward_slouch,-1.090439,-14.399648,-0.057912,0.873143,0.472266,0.815256,0.655246,0.147906,0.703175,0.057887,-0.182980,0.232874,0.554895,0.992680,1.045940,0.850198,0.742297,0.761110
D:/BTL/repo/smart-posture-monitor/data/raw/forward_slouch/nguoi3_ss1/frame_0033.jpg,ss1,nguoi3,forward_slouch,-5.678911,-12.236176,-0.044554,0.749694,0.578897,0.672043,0.734577,0.055155,0.699167,0.077650,-0.155680,0.210217,0.517393,0.947186,0.995613,0.746813,0.628762,0.704875
D:/BTL/repo/smart-posture-monitor/data/raw/forward_slouch/nguoi3_ss1/frame_0034.jpg,ss1,nguoi3,forward_slouch,-6.056084,-9.139785,-0.041453,0.659048,0.605914,0.587745,0.777819,-0.049096,0.747098,0.071303,-0.171906,0.260968,0.510613,0.895252,0.974909,0.681430,0.554480,0.722082
D:/BTL/repo/smart-posture-monitor/data/raw/forward_slouch/nguoi3_ss1/frame_0035.jpg,ss1,nguoi3,forward_slouch,-6.766256,-5.977871,-0.026228,0.621322,0.530480,0.555310,0.700497,-0.063611,0.688422,0.066012,-0.170016,0.251846,0.494325,0.816976,0.893904,0.696296,0.563962,0.702907
D:/BTL/repo/smart-posture-monitor/data/raw/forward_slouch/nguoi3_ss1/frame_0036.jpg,ss1,nguoi3,forward_slouch,-9.176373,-2.749222,-0.009994,0.559967,0.522200,0.481075,0.672004,-0.087652,0.626018,0.078892,-0.149804,0.208362,0.467455,0.765674,0.826452,0.655987,0.516888,0.655888
D:/BTL/repo/smart-posture-monitor/data/raw/forward_slouch/nguoi3_ss1/frame_0037.jpg,ss1,nguoi3,forward_slouch,-8.944384,-2.547570,-0.012254,0.378227,0.539502,0.326864,0.681007,-0.200030,0.623844,0.051364,-0.141505,0.275679,0.394303,0.658876,0.755388,0.477627,0.368531,0.584375
D:/BTL/repo/smart-posture-monitor/data/raw/forward_slouch/nguoi3_ss1/frame_0038.jpg,ss1,nguoi3,forward_slouch,-6.795489,-2.011435,-0.010933,0.174836,0.430826,0.153343,0.600142,-0.244696,0.550249,0.021493,-0.169316,0.311480,0.248636,0.464950,0.619423,0.260872,0.194079,0.436198
D:/BTL/repo/smart-posture-monitor/data/raw/forward_slouch/nguoi3_ss1/frame_0039.jpg,ss1,nguoi3,forward_slouch,-5.014424,-6.783430,-0.035650,0.211149,0.411958,0.195206,0.584103,-0.228684,0.577557,0.015943,-0.172146,0.301817,0.275119,0.462918,0.615859,0.318719,0.249169,0.469975
D:/BTL/repo/smart-posture-monitor/data/raw/forward_slouch/nguoi3_ss1/frame_0040.jpg,ss1,nguoi3,forward_slouch,-6.026547,-4.302770,-0.017894,0.599923,0.498807,0.534685,0.673681,-0.056524,0.682864,0.065238,-0.174874,0.238507,0.472293,0.780203,0.860078,0.699024,0.560101,0.681763
D:/BTL/repo/smart-posture-monitor/data/raw/forward_slouch/nguoi3_ss1/frame_0041.jpg,ss1,nguoi3,forward_slouch,-6.675104,-5.700336,-0.023648,0.653095,0.548290,0.578422,0.717386,-0.043797,0.688358,0.074673,-0.169097,0.238087,0.505418,0.852733,0.921529,0.707550,0.573576,0.710828
D:/BTL/repo/smart-posture-monitor/data/raw/forward_slouch/nguoi3_ss1/frame_0042.jpg,ss1,nguoi3,forward_slouch,-8.714039,-4.536961,-0.023248,0.421066,0.505684,0.365145,0.669000,-0.157506,0.600895,0.055921,-0.163316,0.293900,0.384518,0.658037,0.762163,0.538944,0.411178,0.586353
D:/BTL/repo/smart-posture-monitor/data/raw/forward_slouch/nguoi3_ss1/frame_0043.jpg,ss1,nguoi3,forward_slouch,-8.763692,-2.031524,-0.011151,0.335171,0.462433,0.289141,0.637288,-0.202911,0.580999,0.046029,-0.174855,0.314550,0.340542,0.571125,0.699814,0.463718,0.343072,0.550989
D:/BTL/repo/smart-posture-monitor/data/raw/forward_slouch/nguoi3_ss1/frame_0044.jpg,ss1,nguoi3,forward_slouch,-9.045910,-4.508039,-0.021666,0.435648,0.498235,0.372088,0.662413,-0.173708,0.603201,0.063560,-0.164178,0.275652,0.414359,0.661836,0.759763,0.557662,0.420489,0.618330
D:/BTL/repo/smart-posture-monitor/data/raw/forward_slouch/nguoi3_ss1/frame_0045.jpg,ss1,nguoi3,forward_slouch,-7.464121,-3.038548,-0.011526,0.562826,0.528521,0.477115,0.687152,-0.106259,0.627584,0.085711,-0.158631,0.217445,0.479278,0.772080,0.836550,0.654743,0.507009,0.676378
D:/BTL/repo/smart-posture-monitor/data/raw/forward_slouch/nguoi3_ss1/frame_0046.jpg,ss1,nguoi3,forward_slouch,-11.887459,0.349938,0.001291,0.477412,0.578219,0.384668,0.719546,-0.174596,0.615188,0.092744,-0.141327,0.211353,0.465296,0.749840,0.815914,0.556978,0.411614,0.653056
D:/BTL/repo/smart-posture-monitor/data/raw/forward_slouch/nguoi3_ss1/frame_0047.jpg,ss1,nguoi3,forward_slouch,-6.249338,-3.325644,-0.014567,0.678290,0.512837,0.596351,0.692705,-0.059495,0.659104,0.081938,-0.179868,0.251112,0.532075,0.850340,0.914043,0.742111,0.597479,0.752144
D:/BTL/repo/smart-posture-monitor/data/raw/forward_slouch/nguoi3_ss1/frame_0048.jpg,ss1,nguoi3,forward_slouch,-8.429139,-5.699457,-0.024093,0.595534,0.544265,0.515334,0.707150,-0.091075,0.654200,0.080200,-0.162885,0.242607,0.490035,0.806775,0.875003,0.670696,0.530005,0.695354
D:/BTL/repo/smart-posture-monitor/data/raw/forward_slouch/nguoi3_ss1/frame_0049.jpg,ss1,nguoi3,forward_slouch,-8.415090,-7.000939,-0.028825,0.615389,0.546803,0.541339,0.715570,-0.072008,0.694952,0.074050,-0.168768,0.236489,0.497219,0.823223,0.897267,0.683365,0.546735,0.703180
D:/BTL/repo/smart-posture-monitor/data/raw/forward_slouch/nguoi3_ss1/frame_0050.jpg,ss1,nguoi3,forward_slouch,-7.083645,-5.204140,-0.020824,0.628261,0.520954,0.554927,0.686464,-0.058074,0.671278,0.073334,-0.165511,0.229582,0.499339,0.816152,0.882710,0.706214,0.569954,0.702604
D:/BTL/repo/smart-posture-monitor/data/raw/forward_slouch/nguoi3_ss1/frame_0051.jpg,ss1,nguoi3,forward_slouch,-7.677377,-5.330060,-0.021534,0.623579,0.548991,0.541757,0.715011,-0.071600,0.672216,0.081822,-0.166020,0.231814,0.500824,0.830808,0.897074,0.687800,0.547297,0.706016
D:/BTL/repo/smart-posture-monitor/data/raw/forward_slouch/nguoi3_ss1/frame_0052.jpg,ss1,nguoi3,forward_slouch,-7.666958,-4.094475,-0.014887,0.585426,0.546468,0.500469,0.699304,-0.073547,0.637254,0.084957,-0.152836,0.208492,0.475146,0.800844,0.859939,0.662122,0.521337,0.665198
D:/BTL/repo/smart-posture-monitor/data/raw/forward_slouch/nguoi3_ss1/frame_0053.jpg,ss1,nguoi3,forward_slouch,-8.717370,-2.211344,-0.008071,0.573586,0.556072,0.487594,0.705112,-0.084593,0.636614,0.085992,-0.149040,0.209167,0.473273,0.798885,0.857281,0.648131,0.508256,0.663089
D:/BTL/repo/smart-posture-monitor/data/raw/forward_slouch/nguoi3_ss1/frame_0054.jpg,ss1,nguoi3,forward_slouch,-8.072066,-5.439975,-0.019153,0.585716,0.560463,0.500827,0.709892,-0.071688,0.647299,0.084888,-0.149429,0.202027,0.477443,0.810667,0.868778,0.654862,0.517137,0.663114
D:/BTL/repo/smart-posture-monitor/data/raw/forward_slouch/nguoi3_ss1/frame_0055.jpg,ss1,nguoi3,forward_slouch,-8.291979,-7.626580,-0.027266,0.596895,0.548392,0.517058,0.698760,-0.061955,0.651009,0.079837,-0.150368,0.205443,0.481132,0.810566,0.869261,0.669455,0.534998,0.666793
D:/BTL/repo/smart-posture-monitor/data/raw/forward_slouch/nguoi3_ss1/frame_0056.jpg,ss1,nguoi3,forward_slouch,-8.708195,-6.199968,-0.022557,0.598225,0.564108,0.515547,0.714686,-0.070898,0.659096,0.082678,-0.150578,0.208863,0.487235,0.822247,0.881229,0.662036,0.526963,0.675832
D:/BTL/repo/smart-posture-monitor/data/raw/forward_slouch/nguoi3_ss1/frame_0057.jpg,ss1,nguoi3,forward_slouch,-8.417088,-7.745756,-0.031037,0.605793,0.554274,0.528486,0.718473,-0.068591,0.681545,0.077306,-0.164200,0.230282,0.485827,0.821099,0.891909,0.672651,0.535549,0.686288
D:/BTL/repo/smart-posture-monitor/data/raw/forward_slouch/nguoi3_ss1/frame_0058.jpg,ss1,nguoi3,forward_slouch,-5.168588,-8.666264,-0.036136,0.716908,0.493778,0.646390,0.675755,-0.000892,0.684867,0.070518,-0.181977,0.239823,0.528816,0.870502,0.935128,0.773952,0.639305,0.742800
D:/BTL/repo/smart-posture-monitor/data/raw/forward_slouch/nguoi3_ss1/frame_0059.jpg,ss1,nguoi3,forward_slouch,-6.994311,-7.946081,-0.032574,0.691817,0.489782,0.614492,0.668602,-0.015611,0.653415,0.077325,-0.178820,0.235630,0.514383,0.847642,0.908091,0.762528,0.621327,0.726107
D:/BTL/repo/smart-posture-monitor/data/raw/forward_slouch/nguoi3_ss1/frame_0060.jpg,ss1,nguoi3,forward_slouch,-6.938434,-6.102334,-0.025383,0.672753,0.498791,0.593859,0.672789,-0.036534,0.643316,0.078893,-0.173997,0.238777,0.513416,0.837490,0.897393,0.746558,0.604897,0.723862
D:/BTL/repo/smart-posture-monitor/data/raw/forward_slouch/nguoi3_ss1/frame_0061.jpg,ss1,nguoi3,forward_slouch,-6.190637,-5.784057,-0.024143,0.702388,0.505775,0.623115,0.686023,-0.026404,0.668090,0.079273,-0.180248,0.239563,0.531195,0.865539,0.926768,0.759668,0.619078,0.746649
D:/BTL/repo/smart-posture-monitor/data/raw/forward_slouch/nguoi4_ss1/frame_0001.jpg,ss1,nguoi4,forward_slouch,-2.209966,2.047969,0.008116,0.385219,0.263008,0.345859,0.400691,-0.146342,0.442053,0.039360,-0.137683,0.227122,0.381427,0.466441,0.529313,0.636501,0.506649,0.560905
D:/BTL/repo/smart-posture-monitor/data/raw/forward_slouch/nguoi4_ss1/frame_0002.jpg,ss1,nguoi4,forward_slouch,-2.159738,1.167267,0.005066,0.398679,0.213197,0.367046,0.366760,-0.137256,0.444245,0.031633,-0.153563,0.248687,0.388318,0.452104,0.518879,0.687573,0.551310,0.583617
D:/BTL/repo/smart-posture-monitor/data/raw/forward_slouch/nguoi4_ss1/frame_0003.jpg,ss1,nguoi4,forward_slouch,-2.494735,2.022034,0.008737,0.385416,0.213269,0.354294,0.363781,-0.151148,0.443655,0.031122,-0.150512,0.247633,0.390889,0.440488,0.507800,0.668638,0.536647,0.583934
D:/BTL/repo/smart-posture-monitor/data/raw/forward_slouch/nguoi4_ss1/frame_0005.jpg,ss1,nguoi4,forward_slouch,1.949034,-12.048603,-0.044809,0.862910,0.246413,0.875486,0.440824,0.209987,0.720068,-0.012577,-0.194410,0.214662,0.616575,0.897403,0.980205,0.946346,0.865335,0.806633
D:/BTL/repo/smart-posture-monitor/data/raw/forward_slouch/nguoi4_ss1/frame_0014.jpg,ss1,nguoi4,forward_slouch,2.344079,-9.859368,-0.034751,0.671091,0.241713,0.676224,0.403856,0.102375,0.630814,-0.005133,-0.162143,0.202947,0.518152,0.713294,0.787641,0.899639,0.802995,0.689085
D:/BTL/repo/smart-posture-monitor/data/raw/forward_slouch/nguoi4_ss1/frame_0029.jpg,ss1,nguoi4,forward_slouch,-0.814961,-3.376355,-0.012482,0.645108,0.653126,0.600373,0.810507,-0.024770,0.834175,0.044735,-0.157381,0.211943,0.519648,0.918007,1.008647,0.649222,0.549955,0.693913
D:/BTL/repo/smart-posture-monitor/data/raw/forward_slouch/nguoi4_ss1/frame_0030.jpg,ss1,nguoi4,forward_slouch,1.319373,-0.759028,-0.003221,0.451378,0.016406,0.439857,0.174820,-0.067239,0.348968,0.011521,-0.158414,0.243120,0.422392,0.451676,0.473325,0.900204,0.771102,0.616085
D:/BTL/repo/smart-posture-monitor/data/raw/forward_slouch/nguoi4_ss1/frame_0031.jpg,ss1,nguoi4,forward_slouch,0.260126,-0.072330,-0.000305,0.474651,0.053588,0.455971,0.208918,-0.079268,0.369380,0.018680,-0.155329,0.241306,0.444500,0.477666,0.501554,0.916841,0.765026,0.637613
D:/BTL/repo/smart-posture-monitor/data/raw/forward_slouch/nguoi4_ss1/frame_0033.jpg,ss1,nguoi4,forward_slouch,-0.440378,-0.945397,-0.004136,0.472907,0.082953,0.456075,0.237924,-0.085470,0.396925,0.016831,-0.154971,0.250663,0.444833,0.480127,0.514405,0.889172,0.743290,0.640596
D:/BTL/repo/smart-posture-monitor/data/raw/forward_slouch/nguoi4_ss1/frame_0034.jpg,ss1,nguoi4,forward_slouch,0.367656,-0.641832,-0.002858,0.459705,0.067235,0.443173,0.227544,-0.084631,0.386464,0.016532,-0.160308,0.255136,0.430115,0.464595,0.498175,0.883671,0.735700,0.631038
D:/BTL/repo/smart-posture-monitor/data/raw/forward_slouch/nguoi4_ss1/frame_0035.jpg,ss1,nguoi4,forward_slouch,1.536625,-1.851158,-0.008400,0.455755,0.058751,0.444512,0.219059,-0.076326,0.392529,0.011244,-0.160307,0.260029,0.425967,0.459526,0.495557,0.884011,0.743605,0.628106
D:/BTL/repo/smart-posture-monitor/data/raw/forward_slouch/nguoi4_ss1/frame_0036.jpg,ss1,nguoi4,forward_slouch,0.130397,0.250807,0.001109,0.432139,0.090161,0.415456,0.241129,-0.097834,0.386120,0.016683,-0.150968,0.253239,0.413157,0.441445,0.480361,0.823644,0.691159,0.607012
D:/BTL/repo/smart-posture-monitor/data/raw/forward_slouch/nguoi4_ss1/frame_0037.jpg,ss1,nguoi4,forward_slouch,0.751820,-0.759540,-0.003297,0.473151,0.092415,0.454029,0.248765,-0.074765,0.396311,0.019122,-0.156350,0.248729,0.429951,0.482092,0.517712,0.881293,0.732951,0.626550
D:/BTL/repo/smart-posture-monitor/data/raw/forward_slouch/nguoi4_ss1/frame_0038.jpg,ss1,nguoi4,forward_slouch,1.555761,-0.862263,-0.003799,0.467735,0.070354,0.452756,0.227808,-0.069897,0.392008,0.014978,-0.157454,0.252449,0.428379,0.472996,0.506838,0.892889,0.746958,0.626505
D:/BTL/repo/smart-posture-monitor/data/raw/forward_slouch/nguoi4_ss1/frame_0039.jpg,ss1,nguoi4,forward_slouch,0.980657,-1.548179,-0.006691,0.470639,0.080442,0.455792,0.234618,-0.069467,0.397473,0.014846,-0.154176,0.247638,0.432012,0.477464,0.512632,0.888333,0.745420,0.626277
D:/BTL/repo/smart-posture-monitor/data/raw/forward_slouch/nguoi4_ss1/frame_0042.jpg,ss1,nguoi4,forward_slouch,0.803754,0.697029,0.002910,0.476622,0.046703,0.460414,0.198571,-0.064475,0.365591,0.016208,-0.151867,0.239235,0.438904,0.478905,0.501409,0.925511,0.778249,0.628074
D:/BTL/repo/smart-posture-monitor/data/raw/forward_slouch/nguoi4_ss1/frame_0043.jpg,ss1,nguoi4,forward_slouch,0.317493,-2.368149,-0.009985,0.473765,0.085271,0.458362,0.238519,-0.067617,0.396283,0.015404,-0.153248,0.241657,0.433093,0.481378,0.516708,0.888276,0.745471,0.624358
D:/BTL/repo/smart-posture-monitor/data/raw/forward_slouch/nguoi4_ss1/frame_0044.jpg,ss1,nguoi4,forward_slouch,1.447482,-0.474325,-0.002016,0.458995,0.048833,0.447584,0.202078,-0.062226,0.377897,0.011412,-0.153245,0.243579,0.425583,0.461586,0.491087,0.896472,0.760126,0.616404
D:/BTL/repo/smart-posture-monitor/data/raw/forward_slouch/nguoi4_ss1/frame_0045.jpg,ss1,nguoi4,forward_slouch,0.773212,0.039933,0.000168,0.472463,0.060574,0.457999,0.212046,-0.062259,0.380871,0.014464,-0.151472,0.240839,0.434052,0.476330,0.504705,0.907808,0.765020,0.623312
D:/BTL/repo/smart-posture-monitor/data/raw/forward_slouch/nguoi4_ss1/frame_0046.jpg,ss1,nguoi4,forward_slouch,1.457007,0.183756,0.000769,0.467486,0.054485,0.451261,0.208975,-0.061022,0.373126,0.016225,-0.154490,0.239654,0.425551,0.470650,0.497300,0.905569,0.759361,0.617132
D:/BTL/repo/smart-posture-monitor/data/raw/forward_slouch/nguoi4_ss1/frame_0047.jpg,ss1,nguoi4,forward_slouch,2.655217,0.565351,0.002347,0.464009,0.035795,0.452011,0.183484,-0.057219,0.365862,0.011998,-0.147689,0.237901,0.431293,0.465388,0.487832,0.913913,0.779876,0.616946
D:/BTL/repo/smart-posture-monitor/data/raw/forward_slouch/nguoi4_ss1/frame_0048.jpg,ss1,nguoi4,forward_slouch,1.858415,-1.654142,-0.006754,0.468632,0.055890,0.457866,0.203146,-0.052785,0.383903,0.010766,-0.147256,0.233980,0.431823,0.471953,0.500909,0.906152,0.771701,0.616010
D:/BTL/repo/smart-posture-monitor/data/raw/forward_slouch/nguoi4_ss1/frame_0049.jpg,ss1,nguoi4,forward_slouch,1.778389,-0.719471,-0.002948,0.477444,0.059252,0.462811,0.210810,-0.054542,0.383600,0.014633,-0.151558,0.234761,0.435126,0.481107,0.508562,0.915839,0.771555,0.623066
D:/BTL/repo/smart-posture-monitor/data/raw/forward_slouch/nguoi4_ss1/frame_0050.jpg,ss1,nguoi4,forward_slouch,0.625003,-0.593732,-0.002443,0.467907,0.063134,0.454348,0.210326,-0.060483,0.380786,0.013560,-0.147192,0.235798,0.431510,0.472147,0.500668,0.899142,0.762026,0.616521
D:/BTL/repo/smart-posture-monitor/data/raw/forward_slouch/nguoi4_ss1/frame_0051.jpg,ss1,nguoi4,forward_slouch,1.452128,0.043145,0.000183,0.456837,0.048025,0.446031,0.194622,-0.066098,0.374497,0.010806,-0.146597,0.242757,0.430202,0.459354,0.486643,0.893470,0.763876,0.616478
D:/BTL/repo/smart-posture-monitor/data/raw/forward_slouch/nguoi4_ss1/frame_0053.jpg,ss1,nguoi4,forward_slouch,1.206967,0.268651,0.001135,0.468477,0.046907,0.454827,0.196821,-0.066173,0.373790,0.013651,-0.149914,0.241959,0.437648,0.470820,0.495586,0.913098,0.772963,0.626660
D:/BTL/repo/smart-posture-monitor/data/raw/forward_slouch/nguoi4_ss1/frame_0054.jpg,ss1,nguoi4,forward_slouch,1.215984,1.348975,0.005653,0.456306,0.045467,0.443528,0.191319,-0.070975,0.372280,0.012777,-0.145852,0.240135,0.435182,0.458566,0.483032,0.894327,0.763251,0.620348
D:/BTL/repo/smart-posture-monitor/data/raw/forward_slouch/nguoi4_ss1/frame_0056.jpg,ss1,nguoi4,forward_slouch,2.043765,1.227782,0.005187,0.444311,0.040068,0.433638,0.187077,-0.068693,0.373536,0.010673,-0.147009,0.242078,0.425613,0.446114,0.472271,0.876555,0.753698,0.611862
D:/BTL/repo/smart-posture-monitor/data/raw/forward_slouch/nguoi4_ss1/frame_0059.jpg,ss1,nguoi4,forward_slouch,1.401477,0.730889,0.003069,0.447727,0.060378,0.435596,0.206835,-0.069208,0.381606,0.012132,-0.146458,0.240598,0.423007,0.451780,0.482208,0.869787,0.741555,0.608613
D:/BTL/repo/smart-posture-monitor/data/raw/forward_slouch/nguoi4_ss1/frame_0060.jpg,ss1,nguoi4,forward_slouch,1.432749,-0.557852,-0.002349,0.454316,0.046800,0.443982,0.196800,-0.063560,0.378259,0.010334,-0.150000,0.241281,0.426849,0.456720,0.485644,0.890062,0.759660,0.614866
D:/BTL/repo/smart-posture-monitor/data/raw/forward_slouch/nguoi4_ss1/frame_0061.jpg,ss1,nguoi4,forward_slouch,1.792415,0.879477,0.003720,0.455814,0.046971,0.443324,0.193249,-0.068750,0.370412,0.012490,-0.146278,0.242377,0.429944,0.458228,0.483613,0.892480,0.761527,0.616264
D:/BTL/repo/smart-posture-monitor/data/raw/forward_slouch/nguoi4_ss1/frame_0062.jpg,ss1,nguoi4,forward_slouch,1.690449,-0.893071,-0.003734,0.452291,0.041466,0.445255,0.189043,-0.058626,0.385014,0.007035,-0.147577,0.239541,0.430383,0.454188,0.483725,0.889983,0.767164,0.615680
D:/BTL/repo/smart-posture-monitor/data/raw/forward_slouch/nguoi4_ss1/frame_0063.jpg,ss1,nguoi4,forward_slouch,0.919910,0.684239,0.002919,0.441433,0.043425,0.431073,0.189689,-0.073744,0.372833,0.010360,-0.146264,0.244448,0.424809,0.443563,0.470963,0.869523,0.748375,0.611487
D:/BTL/repo/smart-posture-monitor/data/raw/forward_slouch/nguoi5_ss2/frame_0021.jpg,ss2,nguoi5,forward_slouch,-4.309964,14.407880,0.072613,-0.304975,0.451876,-0.317034,0.616209,-0.581570,0.520260,0.012059,-0.164332,0.291825,0.136889,0.545162,0.692982,-0.430968,-0.380558,0.284923
D:/BTL/repo/smart-posture-monitor/data/raw/forward_slouch/nguoi5_ss2/frame_0037.jpg,ss2,nguoi5,forward_slouch,2.705345,4.679939,0.025279,-0.136651,0.313999,-0.147325,0.491962,-0.513649,0.541165,0.010673,-0.177963,0.309836,0.220762,0.342445,0.513547,-0.229647,-0.207738,0.440150
D:/BTL/repo/smart-posture-monitor/data/raw/forward_slouch/nguoi5_ss2/frame_0038.jpg,ss2,nguoi5,forward_slouch,1.213469,4.862183,0.026356,-0.236040,0.305922,-0.236901,0.485580,-0.547672,0.531759,0.000861,-0.179658,0.310947,0.166778,0.386397,0.540287,-0.393025,-0.330226,0.384860
D:/BTL/repo/smart-posture-monitor/data/raw/forward_slouch/nguoi5_ss2/frame_0039.jpg,ss2,nguoi5,forward_slouch,1.882905,1.585461,0.008528,-0.294261,0.375353,-0.273186,0.560210,-0.564334,0.580295,-0.021075,-0.184857,0.308231,0.139237,0.476948,0.623270,-0.450447,-0.350421,0.339030
D:/BTL/repo/smart-posture-monitor/data/raw/forward_slouch/nguoi5_ss2/frame_0041.jpg,ss2,nguoi5,forward_slouch,4.739589,1.909841,0.010230,-0.209626,0.695387,-0.196126,0.818646,-0.518085,0.621236,-0.013501,-0.123260,0.306964,0.255716,0.726296,0.841812,-0.239968,-0.201379,0.317246
D:/BTL/repo/smart-posture-monitor/data/raw/forward_slouch/nguoi5_ss2/frame_0042.jpg,ss2,nguoi5,forward_slouch,2.254189,5.153378,0.026639,-0.367179,0.645466,-0.328100,0.790012,-0.586050,0.632289,-0.039079,-0.144546,0.296577,0.181686,0.742595,0.855434,-0.422040,-0.335997,0.219267
D:/BTL/repo/smart-posture-monitor/data/raw/forward_slouch/nguoi6_ss2/frame_0001.jpg,ss2,nguoi6,forward_slouch,-3.238249,3.009910,0.014400,0.345842,0.443425,0.307084,0.595008,-0.149515,0.582710,0.038758,-0.151583,0.274239,0.319710,0.562346,0.669578,0.485569,0.377205,0.514567
D:/BTL/repo/smart-posture-monitor/data/raw/forward_slouch/nguoi6_ss2/frame_0002.jpg,ss2,nguoi6,forward_slouch,-1.353896,2.135451,0.009139,0.385752,0.407172,0.340753,0.547959,-0.127924,0.532305,0.044998,-0.140787,0.245271,0.346305,0.560886,0.645269,0.551959,0.432926,0.528698
D:/BTL/repo/smart-posture-monitor/data/raw/forward_slouch/nguoi6_ss2/frame_0003.jpg,ss2,nguoi6,forward_slouch,-0.619394,0.901743,0.003652,0.421411,0.357827,0.386381,0.499985,-0.100303,0.541767,0.035030,-0.142158,0.232078,0.373215,0.552836,0.631882,0.622098,0.504940,0.553190
D:/BTL/repo/smart-posture-monitor/data/raw/forward_slouch/nguoi6_ss2/frame_0004.jpg,ss2,nguoi6,forward_slouch,0.209289,0.940052,0.003735,0.396983,0.386679,0.362157,0.525781,-0.116524,0.565878,0.034826,-0.139102,0.227670,0.367267,0.554181,0.638438,0.576614,0.466283,0.543877
D:/BTL/repo/smart-posture-monitor/data/raw/forward_slouch/nguoi6_ss2/frame_0005.jpg,ss2,nguoi6,forward_slouch,-1.252195,0.943577,0.003932,0.357946,0.361347,0.328486,0.504162,-0.130109,0.551011,0.029460,-0.142815,0.238746,0.342732,0.508623,0.601733,0.542670,0.437292,0.523612
D:/BTL/repo/smart-posture-monitor/data/raw/forward_slouch/nguoi6_ss2/frame_0006.jpg,ss2,nguoi6,forward_slouch,-1.712448,0.649300,0.002676,0.352420,0.337397,0.326424,0.478796,-0.126714,0.538298,0.025996,-0.141399,0.236178,0.340536,0.487890,0.579481,0.548502,0.445816,0.519549
D:/BTL/repo/smart-posture-monitor/data/raw/forward_slouch/nguoi6_ss2/frame_0007.jpg,ss2,nguoi6,forward_slouch,-1.749617,1.091495,0.004515,0.342644,0.345207,0.315911,0.488970,-0.137844,0.537904,0.026733,-0.143763,0.237008,0.339159,0.486388,0.582144,0.531234,0.428736,0.517688
D:/BTL/repo/smart-posture-monitor/data/raw/forward_slouch/nguoi6_ss2/frame_0008.jpg,ss2,nguoi6,forward_slouch,-0.942897,1.624719,0.006884,0.352277,0.339358,0.325566,0.484630,-0.129542,0.545462,0.026711,-0.145272,0.242814,0.339883,0.489145,0.583832,0.547239,0.442235,0.524051
D:/BTL/repo/smart-posture-monitor/data/raw/forward_slouch/nguoi6_ss2/frame_0009.jpg,ss2,nguoi6,forward_slouch,-1.110772,2.547519,0.010764,0.376532,0.337434,0.345173,0.486153,-0.122331,0.538490,0.031359,-0.148719,0.242166,0.351314,0.505607,0.596229,0.579926,0.464807,0.537854
D:/BTL/repo/smart-posture-monitor/data/raw/forward_slouch/nguoi6_ss2/frame_0010.jpg,ss2,nguoi6,forward_slouch,-0.923235,0.364369,0.001509,0.360432,0.321844,0.337635,0.465610,-0.120158,0.531298,0.022797,-0.143766,0.237304,0.345591,0.483213,0.575144,0.567852,0.465238,0.524250
D:/BTL/repo/smart-posture-monitor/data/raw/forward_slouch/nguoi6_ss2/frame_0011.jpg,ss2,nguoi6,forward_slouch,-1.153512,0.983231,0.004167,0.356483,0.319211,0.332405,0.465871,-0.128377,0.528978,0.024078,-0.146661,0.242836,0.345585,0.478514,0.572302,0.564045,0.458804,0.528291
D:/BTL/repo/smart-posture-monitor/data/raw/forward_slouch/nguoi6_ss2/frame_0012.jpg,ss2,nguoi6,forward_slouch,-0.795979,0.315140,0.001337,0.356795,0.326791,0.333834,0.473356,-0.123142,0.537340,0.022961,-0.146565,0.243009,0.341646,0.483834,0.579233,0.560209,0.457151,0.524090
D:/BTL/repo/smart-posture-monitor/data/raw/forward_slouch/nguoi6_ss2/frame_0013.jpg,ss2,nguoi6,forward_slouch,-1.107261,0.081569,0.000346,0.350125,0.325892,0.327969,0.471131,-0.129891,0.535875,0.022156,-0.145238,0.243073,0.342531,0.478324,0.574045,0.551746,0.451070,0.523935
D:/BTL/repo/smart-posture-monitor/data/raw/forward_slouch/nguoi6_ss2/frame_0014.jpg,ss2,nguoi6,forward_slouch,-1.296018,0.287751,0.001207,0.349607,0.319607,0.328373,0.461232,-0.133363,0.530143,0.021234,-0.141625,0.240287,0.348596,0.473681,0.566183,0.554510,0.455994,0.526864
D:/BTL/repo/smart-posture-monitor/data/raw/forward_slouch/nguoi6_ss2/frame_0015.jpg,ss2,nguoi6,forward_slouch,-1.075329,0.568442,0.002415,0.350676,0.311292,0.329378,0.456710,-0.131324,0.527789,0.021298,-0.145418,0.243441,0.346610,0.468910,0.563093,0.560590,0.459271,0.528390
D:/BTL/repo/smart-posture-monitor/data/raw/forward_slouch/nguoi6_ss2/frame_0016.jpg,ss2,nguoi6,forward_slouch,-1.170623,1.386000,0.005816,0.351502,0.311991,0.328114,0.456706,-0.130725,0.523455,0.023389,-0.144716,0.240466,0.345731,0.469992,0.562352,0.561332,0.457721,0.526555
D:/BTL/repo/smart-posture-monitor/data/raw/forward_slouch/nguoi6_ss2/frame_0017.jpg,ss2,nguoi6,forward_slouch,-0.962489,0.759555,0.003313,0.338238,0.317939,0.316900,0.464929,-0.136372,0.529859,0.021339,-0.146990,0.249916,0.335009,0.464210,0.562658,0.539785,0.440254,0.519774
D:/BTL/repo/smart-posture-monitor/data/raw/forward_slouch/nguoi6_ss2/frame_0018.jpg,ss2,nguoi6,forward_slouch,-1.109678,-0.458892,-0.001867,0.372663,0.320263,0.346078,0.466830,-0.114663,0.523226,0.026585,-0.146567,0.233053,0.348658,0.491372,0.581120,0.584926,0.474771,0.527903
D:/BTL/repo/smart-posture-monitor/data/raw/forward_slouch/nguoi6_ss2/frame_0019.jpg,ss2,nguoi6,forward_slouch,-0.146490,1.951387,0.007353,0.383575,0.572449,0.311144,0.684270,-0.136000,0.547439,0.072431,-0.111821,0.215936,0.364435,0.689077,0.751689,0.468639,0.351363,0.520177
D:/BTL/repo/smart-posture-monitor/data/raw/forward_slouch/nguoi6_ss2/frame_0020.jpg,ss2,nguoi6,forward_slouch,-0.124940,0.364864,0.001329,0.386034,0.564233,0.319289,0.675081,-0.133112,0.564578,0.066744,-0.110848,0.208759,0.364945,0.683653,0.746780,0.474807,0.362739,0.519145
D:/BTL/repo/smart-posture-monitor/data/raw/forward_slouch/nguoi6_ss2/frame_0021.jpg,ss2,nguoi6,forward_slouch,-1.000061,-1.990786,-0.008132,0.370350,0.348338,0.346789,0.491845,-0.117612,0.551595,0.023561,-0.143507,0.234101,0.351856,0.508428,0.601810,0.565786,0.464111,0.528602
D:/BTL/repo/smart-posture-monitor/data/raw/forward_slouch/nguoi6_ss2/frame_0022.jpg,ss2,nguoi6,forward_slouch,-0.402674,4.756150,0.018183,0.362860,0.549691,0.292230,0.667155,-0.146396,0.541322,0.070630,-0.117464,0.219296,0.349434,0.658656,0.728350,0.456537,0.336965,0.509325
D:/BTL/repo/smart-posture-monitor/data/raw/forward_slouch/nguoi6_ss2/frame_0023.jpg,ss2,nguoi6,forward_slouch,-1.576509,0.971979,0.004024,0.340081,0.460559,0.299159,0.594433,-0.155608,0.577840,0.040922,-0.133874,0.237214,0.336493,0.572512,0.665468,0.470512,0.368550,0.509374
D:/BTL/repo/smart-posture-monitor/data/raw/forward_slouch/nguoi6_ss2/frame_0024.jpg,ss2,nguoi6,forward_slouch,-2.158311,4.268864,0.018109,0.333217,0.385290,0.293222,0.525399,-0.182323,0.537709,0.039996,-0.140108,0.243287,0.354882,0.509394,0.601683,0.498147,0.386819,0.537599
D:/BTL/repo/smart-posture-monitor/data/raw/forward_slouch/nguoi6_ss2/frame_0025.jpg,ss2,nguoi6,forward_slouch,-2.155227,5.328010,0.022845,0.339094,0.359812,0.300334,0.505419,-0.181104,0.537187,0.038760,-0.145607,0.246020,0.361549,0.494418,0.587919,0.518835,0.403135,0.549608
D:/BTL/repo/smart-posture-monitor/data/raw/forward_slouch/nguoi6_ss2/frame_0026.jpg,ss2,nguoi6,forward_slouch,-2.626506,5.078155,0.021878,0.352085,0.362267,0.314347,0.506455,-0.169075,0.540252,0.037738,-0.144188,0.247172,0.363088,0.505175,0.596080,0.534597,0.419577,0.550715
D:/BTL/repo/smart-posture-monitor/data/raw/forward_slouch/nguoi6_ss2/frame_0027.jpg,ss2,nguoi6,forward_slouch,-2.509066,5.526311,0.023331,0.355394,0.361703,0.315602,0.505421,-0.166774,0.534230,0.039792,-0.143718,0.242266,0.364063,0.507084,0.595865,0.539186,0.421500,0.549932
D:/BTL/repo/smart-posture-monitor/data/raw/forward_slouch/nguoi6_ss2/frame_0028.jpg,ss2,nguoi6,forward_slouch,-3.373440,3.367956,0.013571,0.372558,0.355807,0.332347,0.500010,-0.152779,0.530894,0.040210,-0.144204,0.231009,0.371735,0.515167,0.600387,0.564372,0.443617,0.553746
D:/BTL/repo/smart-posture-monitor/data/raw/forward_slouch/nguoi6_ss2/frame_0029.jpg,ss2,nguoi6,forward_slouch,-2.607829,3.109669,0.012751,0.376100,0.332071,0.338427,0.477049,-0.147978,0.516558,0.037673,-0.144978,0.235045,0.371897,0.501719,0.584900,0.582489,0.460974,0.555602
D:/BTL/repo/smart-posture-monitor/data/raw/forward_slouch/nguoi6_ss2/frame_0030.jpg,ss2,nguoi6,forward_slouch,-2.298498,4.201139,0.017071,0.382029,0.322982,0.342302,0.470253,-0.143566,0.511544,0.039728,-0.147270,0.233024,0.373012,0.500264,0.581643,0.595452,0.468691,0.558396
D:/BTL/repo/smart-posture-monitor/data/raw/forward_slouch/nguoi6_ss2/frame_0031.jpg,ss2,nguoi6,forward_slouch,-4.141096,2.979853,0.011916,0.375515,0.385745,0.336164,0.526847,-0.130071,0.547628,0.039351,-0.141102,0.229226,0.352791,0.538341,0.624959,0.551392,0.436567,0.530870
D:/BTL/repo/smart-posture-monitor/data/raw/forward_slouch/nguoi6_ss2/frame_0032.jpg,ss2,nguoi6,forward_slouch,-1.721225,0.682303,0.002789,0.380246,0.378393,0.338740,0.519621,-0.146718,0.531593,0.041506,-0.141228,0.234202,0.368608,0.536440,0.620282,0.561240,0.442587,0.548782
D:/BTL/repo/smart-posture-monitor/data/raw/forward_slouch/nguoi6_ss2/frame_0033.jpg,ss2,nguoi6,forward_slouch,-2.034223,1.477197,0.006027,0.374563,0.342471,0.336982,0.488230,-0.145481,0.518363,0.037581,-0.145759,0.233784,0.367109,0.507527,0.593233,0.574506,0.454245,0.548983
D:/BTL/repo/smart-posture-monitor/data/raw/forward_slouch/nguoi6_ss2/frame_0034.jpg,ss2,nguoi6,forward_slouch,-1.982440,0.584408,0.002398,0.360233,0.340891,0.325226,0.485077,-0.151413,0.515474,0.035007,-0.144186,0.235076,0.360494,0.495958,0.584014,0.556884,0.441632,0.540612
D:/BTL/repo/smart-posture-monitor/data/raw/forward_slouch/nguoi6_ss2/frame_0035.jpg,ss2,nguoi6,forward_slouch,-1.908879,1.279401,0.005247,0.367426,0.341512,0.331282,0.486468,-0.146534,0.517656,0.036144,-0.144956,0.235011,0.361922,0.501630,0.588557,0.565891,0.448267,0.543306
D:/BTL/repo/smart-posture-monitor/data/raw/forward_slouch/nguoi6_ss2/frame_0036.jpg,ss2,nguoi6,forward_slouch,-1.486522,0.014593,0.000060,0.367667,0.320104,0.335994,0.466809,-0.142941,0.512509,0.031673,-0.146705,0.237440,0.363106,0.487489,0.575155,0.578452,0.462713,0.545655
D:/BTL/repo/smart-posture-monitor/data/raw/forward_slouch/nguoi6_ss2/frame_0037.jpg,ss2,nguoi6,forward_slouch,-1.969334,0.484793,0.002006,0.373081,0.331048,0.338852,0.477620,-0.148546,0.519403,0.034229,-0.146572,0.237138,0.371306,0.498781,0.585612,0.579193,0.461221,0.554592
D:/BTL/repo/smart-posture-monitor/data/raw/forward_slouch/nguoi6_ss2/frame_0038.jpg,ss2,nguoi6,forward_slouch,-1.637010,-0.019911,-0.000081,0.376000,0.323142,0.343133,0.469501,-0.141796,0.518156,0.032867,-0.146359,0.232308,0.371966,0.495779,0.581525,0.587584,0.470028,0.553302
D:/BTL/repo/smart-posture-monitor/data/raw/forward_slouch/nguoi6_ss2/frame_0039.jpg,ss2,nguoi6,forward_slouch,-1.811125,1.112275,0.004485,0.387661,0.323478,0.351275,0.470060,-0.140155,0.513431,0.036386,-0.146582,0.231046,0.378686,0.504895,0.586814,0.602334,0.479406,0.560956
D:/BTL/repo/smart-posture-monitor/data/raw/forward_slouch/nguoi6_ss2/frame_0040.jpg,ss2,nguoi6,forward_slouch,-1.783358,1.574734,0.006336,0.382870,0.319510,0.347051,0.465156,-0.139793,0.508743,0.035818,-0.145646,0.230577,0.374529,0.498674,0.580357,0.598603,0.476711,0.555865
D:/BTL/repo/smart-posture-monitor/data/raw/forward_slouch/nguoi6_ss2/frame_0041.jpg,ss2,nguoi6,forward_slouch,-2.285892,-0.411400,-0.001645,0.399715,0.325935,0.366140,0.469842,-0.132165,0.521076,0.033575,-0.143907,0.229160,0.387025,0.515758,0.595659,0.615919,0.496829,0.566548
D:/BTL/repo/smart-posture-monitor/data/raw/forward_slouch/nguoi6_ss2/frame_0042.jpg,ss2,nguoi6,forward_slouch,-1.860847,-0.369429,-0.001468,0.399597,0.314660,0.368954,0.457344,-0.126367,0.519687,0.030643,-0.142684,0.227606,0.386463,0.508615,0.587614,0.622750,0.506212,0.564513
D:/BTL/repo/smart-posture-monitor/data/raw/forward_slouch/nguoi6_ss2/frame_0043.jpg,ss2,nguoi6,forward_slouch,-1.559854,-0.266788,-0.001074,0.398348,0.304537,0.367373,0.451141,-0.128162,0.514886,0.030975,-0.146604,0.230604,0.385452,0.501422,0.581800,0.627508,0.507451,0.566974
D:/BTL/repo/smart-posture-monitor/data/raw/forward_slouch/nguoi6_ss2/frame_0044.jpg,ss2,nguoi6,forward_slouch,-1.702471,-0.672296,-0.002709,0.398230,0.306319,0.368744,0.451044,-0.127335,0.517286,0.029486,-0.144726,0.230838,0.386159,0.502412,0.582592,0.626243,0.509101,0.566327
D:/BTL/repo/smart-posture-monitor/data/raw/forward_slouch/nguoi6_ss2/frame_0045.jpg,ss2,nguoi6,forward_slouch,-2.148975,-0.627323,-0.002567,0.394792,0.307044,0.363816,0.453680,-0.131014,0.512528,0.030977,-0.146636,0.234494,0.381953,0.500137,0.581539,0.621439,0.502028,0.564532
D:/BTL/repo/smart-posture-monitor/data/raw/forward_slouch/nguoi6_ss2/frame_0046.jpg,ss2,nguoi6,forward_slouch,-2.071722,-0.556065,-0.002279,0.401909,0.308688,0.370298,0.455895,-0.130093,0.515285,0.031611,-0.147207,0.234841,0.387381,0.506773,0.587334,0.629374,0.508490,0.570709
D:/BTL/repo/smart-posture-monitor/data/raw/forward_slouch/nguoi6_ss2/frame_0047.jpg,ss2,nguoi6,forward_slouch,-1.819723,-0.787852,-0.003194,0.401013,0.306513,0.370206,0.452657,-0.129322,0.515181,0.030807,-0.146144,0.232296,0.388203,0.504739,0.584765,0.629622,0.509999,0.569911
D:/BTL/repo/smart-posture-monitor/data/raw/forward_slouch/nguoi6_ss2/frame_0048.jpg,ss2,nguoi6,forward_slouch,-1.977894,0.409408,0.001671,0.402831,0.308897,0.370638,0.456650,-0.128544,0.518337,0.032194,-0.147753,0.233871,0.387329,0.507632,0.588134,0.630393,0.508507,0.571161
D:/BTL/repo/smart-posture-monitor/data/raw/forward_slouch/nguoi6_ss2/frame_0049.jpg,ss2,nguoi6,forward_slouch,-2.055701,-1.097012,-0.004445,0.407587,0.313239,0.372633,0.465325,-0.123588,0.516124,0.034955,-0.152086,0.232170,0.383248,0.514049,0.596140,0.633535,0.506505,0.568603
D:/BTL/repo/smart-posture-monitor/data/raw/forward_slouch/nguoi6_ss2/frame_0050.jpg,ss2,nguoi6,forward_slouch,-2.065265,0.267714,0.001094,0.402814,0.310937,0.369372,0.459225,-0.131168,0.516587,0.033441,-0.148288,0.234037,0.387870,0.508862,0.589342,0.629087,0.505764,0.572213
D:/BTL/repo/smart-posture-monitor/data/raw/forward_slouch/nguoi6_ss2/frame_0051.jpg,ss2,nguoi6,forward_slouch,-1.888733,0.919243,0.003761,0.407119,0.303751,0.373934,0.451621,-0.129216,0.512770,0.033185,-0.147871,0.234419,0.391068,0.507947,0.586335,0.638990,0.514842,0.575625
D:/BTL/repo/smart-posture-monitor/data/raw/forward_slouch/nguoi6_ss2/frame_0052.jpg,ss2,nguoi6,forward_slouch,-2.320895,1.054510,0.004343,0.399984,0.298969,0.366382,0.448609,-0.132050,0.507513,0.033602,-0.149640,0.235999,0.385323,0.499370,0.579212,0.633087,0.507552,0.571446
D:/BTL/repo/smart-posture-monitor/data/raw/forward_slouch/nguoi6_ss2/frame_0053.jpg,ss2,nguoi6,forward_slouch,-1.959718,0.320429,0.001316,0.404286,0.299847,0.371978,0.449570,-0.127342,0.512754,0.032308,-0.149724,0.235392,0.386928,0.503344,0.583508,0.637950,0.513607,0.572676
D:/BTL/repo/smart-posture-monitor/data/raw/forward_slouch/nguoi6_ss2/frame_0054.jpg,ss2,nguoi6,forward_slouch,-1.291553,0.128537,0.000542,0.419817,0.285039,0.389251,0.436675,-0.120151,0.515066,0.030565,-0.151635,0.241749,0.396411,0.507438,0.584980,0.666867,0.540183,0.586922
D:/BTL/repo/smart-posture-monitor/data/raw/forward_slouch/nguoi6_ss2/frame_0055.jpg,ss2,nguoi6,forward_slouch,-1.459398,0.601865,0.002535,0.418660,0.284725,0.386204,0.436954,-0.128438,0.513734,0.032456,-0.152229,0.241373,0.401619,0.506305,0.583166,0.665656,0.536543,0.593095
D:/BTL/repo/smart-posture-monitor/data/raw/forward_slouch/nguoi6_ss2/frame_0056.jpg,ss2,nguoi6,forward_slouch,-1.258987,0.102366,0.000433,0.422169,0.279744,0.390764,0.433407,-0.119682,0.511272,0.031405,-0.153662,0.242525,0.396940,0.506442,0.583556,0.673297,0.543646,0.589244
D:/BTL/repo/smart-posture-monitor/data/raw/forward_slouch/nguoi6_ss2/frame_0057.jpg,ss2,nguoi6,forward_slouch,-1.693007,0.745916,0.003216,0.414595,0.281599,0.384744,0.433185,-0.125616,0.512105,0.029850,-0.151587,0.247069,0.395130,0.501185,0.579377,0.662700,0.536844,0.587334
D:/BTL/repo/smart-posture-monitor/data/raw/forward_slouch/nguoi6_ss2/frame_0058.jpg,ss2,nguoi6,forward_slouch,-1.207074,1.371308,0.005801,0.419005,0.277094,0.388335,0.428213,-0.116545,0.507873,0.030670,-0.151119,0.242383,0.392504,0.502341,0.578075,0.671181,0.543624,0.583157
D:/BTL/repo/smart-posture-monitor/data/raw/forward_slouch/nguoi6_ss2/frame_0059.jpg,ss2,nguoi6,forward_slouch,-1.458246,0.516242,0.002181,0.420540,0.282956,0.390795,0.433379,-0.118452,0.515027,0.029746,-0.150423,0.242057,0.396942,0.506871,0.583556,0.669145,0.543696,0.586830
D:/BTL/repo/smart-posture-monitor/data/raw/forward_slouch/nguoi6_ss2/frame_0060.jpg,ss2,nguoi6,forward_slouch,-1.527462,0.915400,0.003815,0.420700,0.285201,0.389978,0.434114,-0.119707,0.514169,0.030723,-0.148913,0.238824,0.398802,0.508260,0.583556,0.667841,0.542371,0.586913
D:/BTL/repo/smart-posture-monitor/data/raw/forward_slouch/nguoi6_ss2/frame_0061.jpg,ss2,nguoi6,forward_slouch,-1.522250,1.040582,0.004503,0.435452,0.271585,0.404677,0.428792,-0.117135,0.518341,0.030775,-0.157207,0.247970,0.408301,0.513202,0.589598,0.694928,0.561891,0.605178
D:/BTL/repo/smart-posture-monitor/data/raw/forward_slouch/nguoi6_ss2/frame_0062.jpg,ss2,nguoi6,forward_slouch,-0.713435,-1.750073,-0.007207,0.454013,0.268197,0.427436,0.420651,-0.095570,0.524256,0.026577,-0.152454,0.235996,0.417224,0.527311,0.599708,0.718883,0.591509,0.606306
D:/BTL/repo/smart-posture-monitor/data/raw/forward_slouch/nguoi6_ss2/frame_0063.jpg,ss2,nguoi6,forward_slouch,-2.214144,-1.874389,-0.007644,0.378729,0.450818,0.333716,0.593759,-0.138547,0.578279,0.045013,-0.142941,0.233687,0.356006,0.588789,0.681114,0.520780,0.406935,0.532748
D:/BTL/repo/smart-posture-monitor/data/raw/forward_slouch/nguoi6_ss2/frame_0064.jpg,ss2,nguoi6,forward_slouch,-1.896616,0.834349,0.003505,0.376233,0.411788,0.329172,0.554857,-0.142716,0.531722,0.047061,-0.143069,0.240715,0.352193,0.557782,0.645152,0.538184,0.417135,0.532627
D:/BTL/repo/smart-posture-monitor/data/raw/forward_slouch/nguoi6_ss2/frame_0065.jpg,ss2,nguoi6,forward_slouch,-0.049529,-0.480533,-0.002129,0.340304,0.393596,0.292924,0.545490,-0.156427,0.508432,0.047380,-0.151894,0.253840,0.324682,0.520312,0.619164,0.503157,0.378967,0.509832
D:/BTL/repo/smart-posture-monitor/data/raw/forward_slouch/nguoi6_ss2/frame_0066.jpg,ss2,nguoi6,forward_slouch,-2.750284,-0.674887,-0.003021,0.345127,0.430237,0.301689,0.571294,-0.160855,0.537422,0.043438,-0.141056,0.256490,0.336175,0.551558,0.646059,0.491074,0.379685,0.517210
D:/BTL/repo/smart-posture-monitor/data/raw/forward_slouch/nguoi6_ss2/frame_0067.jpg,ss2,nguoi6,forward_slouch,-1.932942,2.479145,0.011962,0.272312,0.400624,0.233672,0.553753,-0.184953,0.514279,0.038640,-0.153129,0.276540,0.282477,0.484410,0.601037,0.409232,0.304724,0.471178
D:/BTL/repo/smart-posture-monitor/data/raw/forward_slouch/nguoi7_ss1/frame_0001.jpg,ss1,nguoi7,forward_slouch,5.882448,-8.226576,-0.029361,0.600967,0.434849,0.567330,0.583882,0.039257,0.663203,0.033637,-0.149033,0.205197,0.431401,0.741792,0.814114,0.737316,0.628848,0.606353
D:/BTL/repo/smart-posture-monitor/data/raw/forward_slouch/nguoi7_ss1/frame_0002.jpg,ss1,nguoi7,forward_slouch,6.436480,-6.404785,-0.021141,0.600679,0.479183,0.556746,0.622862,0.045226,0.663375,0.043933,-0.143680,0.189515,0.418426,0.768395,0.835418,0.710818,0.601208,0.585196
D:/BTL/repo/smart-posture-monitor/data/raw/forward_slouch/nguoi7_ss1/frame_0003.jpg,ss1,nguoi7,forward_slouch,6.492600,-5.951425,-0.020463,0.621589,0.461435,0.579999,0.607183,0.049256,0.665006,0.041590,-0.145748,0.197353,0.435208,0.774142,0.839684,0.735615,0.626549,0.607459
D:/BTL/repo/smart-posture-monitor/data/raw/forward_slouch/nguoi7_ss1/frame_0004.jpg,ss1,nguoi7,forward_slouch,6.856071,-10.433292,-0.038340,0.591449,0.460943,0.554778,0.616973,0.024162,0.681957,0.036671,-0.156030,0.211716,0.428961,0.749853,0.829719,0.714864,0.602571,0.608820
D:/BTL/repo/smart-posture-monitor/data/raw/forward_slouch/nguoi7_ss1/frame_0005.jpg,ss1,nguoi7,forward_slouch,6.629354,-10.158486,-0.036640,0.567880,0.448316,0.534308,0.601035,0.015542,0.671680,0.033571,-0.152719,0.207745,0.419795,0.723515,0.804194,0.704743,0.594246,0.595791
D:/BTL/repo/smart-posture-monitor/data/raw/forward_slouch/nguoi7_ss1/frame_0006.jpg,ss1,nguoi7,forward_slouch,6.645556,-7.678875,-0.026817,0.614771,0.462316,0.574005,0.612329,0.039453,0.674356,0.040766,-0.150013,0.200697,0.437811,0.769207,0.839302,0.730486,0.619513,0.613149
D:/BTL/repo/smart-posture-monitor/data/raw/forward_slouch/nguoi7_ss1/frame_0007.jpg,ss1,nguoi7,forward_slouch,7.082768,-10.925891,-0.039460,0.602806,0.469361,0.567727,0.619385,0.042731,0.685712,0.035079,-0.150024,0.208190,0.425348,0.763986,0.840209,0.718044,0.611297,0.600409
D:/BTL/repo/smart-posture-monitor/data/raw/forward_slouch/nguoi7_ss1/frame_0008.jpg,ss1,nguoi7,forward_slouch,8.039307,-13.238220,-0.053784,0.541573,0.482412,0.518172,0.638237,0.021401,0.705013,0.023401,-0.155826,0.234864,0.384534,0.725274,0.822100,0.663666,0.563178,0.565801
D:/BTL/repo/smart-posture-monitor/data/raw/forward_slouch/nguoi7_ss1/frame_0009.jpg,ss1,nguoi7,forward_slouch,6.664266,-12.130783,-0.045706,0.558251,0.471232,0.527285,0.625201,0.018910,0.688911,0.030966,-0.153969,0.217498,0.404125,0.730550,0.817867,0.683609,0.576780,0.581612
D:/BTL/repo/smart-posture-monitor/data/raw/forward_slouch/nguoi7_ss1/frame_0010.jpg,ss1,nguoi7,forward_slouch,6.233056,-10.263502,-0.037348,0.631513,0.457448,0.595609,0.609941,0.066732,0.676684,0.035904,-0.152493,0.209614,0.428452,0.779787,0.852513,0.744506,0.636559,0.605840
D:/BTL/repo/smart-posture-monitor/data/raw/forward_slouch/nguoi7_ss1/frame_0011.jpg,ss1,nguoi7,forward_slouch,7.046174,-11.086370,-0.044042,0.618688,0.456296,0.582899,0.615395,0.036651,0.682966,0.035789,-0.159100,0.229039,0.436250,0.768753,0.847633,0.736688,0.624591,0.624617
D:/BTL/repo/smart-posture-monitor/data/raw/forward_slouch/nguoi7_ss1/frame_0012.jpg,ss1,nguoi7,forward_slouch,7.670018,-11.478054,-0.043943,0.593427,0.452598,0.560502,0.610621,0.030083,0.683613,0.032925,-0.158023,0.220827,0.425286,0.746325,0.828867,0.721257,0.610122,0.608872
D:/BTL/repo/smart-posture-monitor/data/raw/forward_slouch/nguoi7_ss1/frame_0013.jpg,ss1,nguoi7,forward_slouch,7.650435,-10.689668,-0.039371,0.593591,0.473218,0.557286,0.624836,0.037204,0.682554,0.036305,-0.151617,0.212255,0.417533,0.759135,0.837250,0.709201,0.600662,0.594465
D:/BTL/repo/smart-posture-monitor/data/raw/forward_slouch/nguoi7_ss1/frame_0014.jpg,ss1,nguoi7,forward_slouch,7.065250,-6.504665,-0.022801,0.617920,0.486140,0.570192,0.636453,0.042973,0.669332,0.047728,-0.150314,0.201275,0.427769,0.786229,0.854513,0.718810,0.604832,0.603426
D:/BTL/repo/smart-posture-monitor/data/raw/forward_slouch/nguoi7_ss1/frame_0015.jpg,ss1,nguoi7,forward_slouch,6.339914,-9.273147,-0.031939,0.622218,0.488907,0.578603,0.635246,0.059251,0.673052,0.043615,-0.146339,0.198206,0.422109,0.791319,0.859255,0.720141,0.611677,0.592319
D:/BTL/repo/smart-posture-monitor/data/raw/forward_slouch/nguoi7_ss1/frame_0016.jpg,ss1,nguoi7,forward_slouch,6.733130,-10.276664,-0.043414,0.549749,0.468741,0.519342,0.629087,0.011358,0.681262,0.030407,-0.160346,0.243348,0.389456,0.722456,0.815761,0.678274,0.568451,0.578818
D:/BTL/repo/smart-posture-monitor/data/raw/forward_slouch/nguoi7_ss1/frame_0017.jpg,ss1,nguoi7,forward_slouch,6.256300,-10.212500,-0.044368,0.584002,0.464618,0.550032,0.626723,0.013203,0.680712,0.033970,-0.162105,0.250242,0.414912,0.746276,0.833857,0.707226,0.594128,0.610335
D:/BTL/repo/smart-posture-monitor/data/raw/forward_slouch/nguoi7_ss1/frame_0018.jpg,ss1,nguoi7,forward_slouch,8.094659,-2.959961,-0.008155,0.724635,0.449329,0.667752,0.590199,0.143657,0.612861,0.056883,-0.140870,0.157922,0.445627,0.852638,0.891194,0.802112,0.694850,0.603554
D:/BTL/repo/smart-posture-monitor/data/raw/forward_slouch/nguoi7_ss1/frame_0019.jpg,ss1,nguoi7,forward_slouch,6.681034,-9.972407,-0.037855,0.634129,0.459547,0.596881,0.616184,0.066564,0.676710,0.037248,-0.156638,0.218594,0.424713,0.783136,0.857875,0.744975,0.634352,0.607692
D:/BTL/repo/smart-posture-monitor/data/raw/forward_slouch/nguoi7_ss1/frame_0020.jpg,ss1,nguoi7,forward_slouch,6.957767,-8.840139,-0.032907,0.649502,0.460650,0.608775,0.617919,0.073816,0.674136,0.040727,-0.157270,0.214126,0.431006,0.796273,0.867428,0.754065,0.641913,0.613996
D:/BTL/repo/smart-posture-monitor/data/raw/forward_slouch/nguoi7_ss1/frame_0021.jpg,ss1,nguoi7,forward_slouch,7.324899,-10.762435,-0.038845,0.648977,0.454036,0.612378,0.605678,0.081375,0.671534,0.036600,-0.151642,0.208017,0.431330,0.792035,0.861308,0.757582,0.650567,0.607846
D:/BTL/repo/smart-posture-monitor/data/raw/forward_slouch/nguoi7_ss1/frame_0022.jpg,ss1,nguoi7,forward_slouch,7.312360,-9.338745,-0.033225,0.655718,0.445826,0.619716,0.599184,0.093594,0.671341,0.036001,-0.153358,0.204747,0.428719,0.792923,0.862015,0.766489,0.658929,0.605673
D:/BTL/repo/smart-posture-monitor/data/raw/forward_slouch/nguoi7_ss1/frame_0023.jpg,ss1,nguoi7,forward_slouch,6.962417,-8.905387,-0.032578,0.652449,0.451378,0.614683,0.602368,0.084710,0.663826,0.037766,-0.150989,0.210447,0.428405,0.793367,0.860629,0.761264,0.653842,0.606185
D:/BTL/repo/smart-posture-monitor/data/raw/forward_slouch/nguoi7_ss1/frame_0024.jpg,ss1,nguoi7,forward_slouch,7.030430,-7.978491,-0.027509,0.650806,0.446573,0.610925,0.594559,0.089197,0.650592,0.039882,-0.147986,0.198188,0.425697,0.789289,0.852484,0.763067,0.655203,0.597518
D:/BTL/repo/smart-posture-monitor/data/raw/forward_slouch/nguoi7_ss1/frame_0025.jpg,ss1,nguoi7,forward_slouch,7.289012,-8.579756,-0.025556,0.646941,0.503634,0.596143,0.638281,0.059335,0.673507,0.050798,-0.134646,0.171306,0.452671,0.819866,0.873378,0.728013,0.622956,0.611668
D:/BTL/repo/smart-posture-monitor/data/raw/forward_slouch/nguoi7_ss1/frame_0026.jpg,ss1,nguoi7,forward_slouch,9.134657,-8.988965,-0.037641,0.545086,0.477288,0.514316,0.632757,0.002352,0.688225,0.030771,-0.155469,0.240910,0.394693,0.724516,0.815415,0.669504,0.562580,0.582285
D:/BTL/repo/smart-posture-monitor/data/raw/forward_slouch/nguoi7_ss1/frame_0027.jpg,ss1,nguoi7,forward_slouch,8.386999,-8.972563,-0.034047,0.586340,0.505287,0.545967,0.649852,0.025014,0.685896,0.040373,-0.144565,0.218303,0.413576,0.774022,0.848757,0.685492,0.579928,0.589667
D:/BTL/repo/smart-posture-monitor/data/raw/forward_slouch/nguoi7_ss1/frame_0028.jpg,ss1,nguoi7,forward_slouch,9.086388,-10.678952,-0.042163,0.588043,0.489129,0.553341,0.640032,0.034089,0.690035,0.034701,-0.150902,0.227533,0.408482,0.764880,0.846066,0.695941,0.590295,0.589261
D:/BTL/repo/smart-posture-monitor/data/raw/forward_slouch/nguoi7_ss1/frame_0029.jpg,ss1,nguoi7,forward_slouch,7.775958,-10.641458,-0.039650,0.595458,0.468193,0.558489,0.617834,0.032070,0.674206,0.036969,-0.149641,0.214717,0.422491,0.757479,0.832844,0.713491,0.605013,0.599873
D:/BTL/repo/smart-posture-monitor/data/raw/forward_slouch/nguoi7_ss1/frame_0030.jpg,ss1,nguoi7,forward_slouch,8.066549,-9.819378,-0.036128,0.594667,0.479643,0.558268,0.625587,0.035784,0.683182,0.036399,-0.145944,0.211841,0.419980,0.763994,0.838464,0.706241,0.601051,0.594792
D:/BTL/repo/smart-posture-monitor/data/raw/forward_slouch/nguoi7_ss1/frame_0031.jpg,ss1,nguoi7,forward_slouch,7.538388,-8.429361,-0.030246,0.591788,0.484469,0.550457,0.627984,0.030475,0.670511,0.041331,-0.143515,0.206327,0.418830,0.764803,0.835085,0.701363,0.593848,0.591341
D:/BTL/repo/smart-posture-monitor/data/raw/forward_slouch/nguoi7_ss1/frame_0032.jpg,ss1,nguoi7,forward_slouch,8.963461,-9.509477,-0.033999,0.636414,0.474049,0.596527,0.618918,0.062523,0.675115,0.039887,-0.144869,0.205789,0.434295,0.793565,0.859595,0.738038,0.632739,0.608094
D:/BTL/repo/smart-posture-monitor/data/raw/forward_slouch/nguoi7_ss1/frame_0033.jpg,ss1,nguoi7,forward_slouch,8.577606,-10.605293,-0.035116,0.648322,0.469220,0.608191,0.615297,0.075325,0.679526,0.040132,-0.146077,0.190804,0.441567,0.800306,0.865151,0.748384,0.642811,0.610373
D:/BTL/repo/smart-posture-monitor/data/raw/forward_slouch/nguoi7_ss1/frame_0034.jpg,ss1,nguoi7,forward_slouch,8.247221,-10.376325,-0.036844,0.601950,0.455031,0.565205,0.608264,0.042054,0.674869,0.036746,-0.153232,0.204562,0.425281,0.754584,0.830326,0.725891,0.614891,0.601508
D:/BTL/repo/smart-posture-monitor/data/raw/forward_slouch/nguoi7_ss1/frame_0035.jpg,ss1,nguoi7,forward_slouch,8.571323,-10.948001,-0.039090,0.604319,0.474770,0.567826,0.626303,0.050010,0.686731,0.036493,-0.151533,0.205823,0.418778,0.768510,0.845389,0.715955,0.607980,0.593453
D:/BTL/repo/smart-posture-monitor/data/raw/forward_slouch/nguoi7_ss1/frame_0036.jpg,ss1,nguoi7,forward_slouch,7.954074,-1.952996,-0.005391,0.683670,0.526482,0.620869,0.658605,0.112498,0.645593,0.062802,-0.132123,0.158188,0.429609,0.862895,0.905118,0.737876,0.630437,0.583459
D:/BTL/repo/smart-posture-monitor/data/raw/forward_slouch/nguoi7_ss1/frame_0037.jpg,ss1,nguoi7,forward_slouch,8.979017,2.102224,0.004155,0.733740,0.485010,0.672259,0.613351,0.181039,0.618198,0.061481,-0.128341,0.113280,0.434673,0.879550,0.910017,0.787256,0.685942,0.568522
D:/BTL/repo/smart-posture-monitor/data/raw/forward_slouch/nguoi7_ss1/frame_0038.jpg,ss1,nguoi7,forward_slouch,8.108293,-0.012651,-0.000029,0.705243,0.491168,0.645689,0.623903,0.148977,0.631467,0.059554,-0.132735,0.133358,0.430100,0.859427,0.897870,0.769157,0.663866,0.573686
D:/BTL/repo/smart-posture-monitor/data/raw/forward_slouch/nguoi7_ss1/frame_0039.jpg,ss1,nguoi7,forward_slouch,8.057903,-12.419370,-0.046445,0.605391,0.477636,0.573771,0.633775,0.052237,0.707181,0.031620,-0.156138,0.215959,0.419097,0.771126,0.854917,0.715045,0.608804,0.598891
D:/BTL/repo/smart-posture-monitor/data/raw/forward_slouch/nguoi7_ss1/frame_0040.jpg,ss1,nguoi7,forward_slouch,7.342644,-10.941969,-0.037460,0.602369,0.483206,0.563213,0.627740,0.047091,0.677998,0.039156,-0.144535,0.197349,0.420426,0.772228,0.843367,0.709691,0.603783,0.588454
D:/BTL/repo/smart-posture-monitor/data/raw/forward_slouch/nguoi7_ss1/frame_0041.jpg,ss1,nguoi7,forward_slouch,8.126567,-10.389589,-0.037135,0.623009,0.458058,0.585779,0.611468,0.059226,0.678316,0.037230,-0.153410,0.205914,0.428017,0.773277,0.846776,0.738547,0.628662,0.605281
D:/BTL/repo/smart-posture-monitor/data/raw/forward_slouch/nguoi7_ss1/frame_0042.jpg,ss1,nguoi7,forward_slouch,7.394953,-7.782570,-0.028221,0.621926,0.474984,0.578442,0.626085,0.049199,0.674729,0.043484,-0.151101,0.208406,0.427397,0.782561,0.852395,0.727946,0.616024,0.606560
D:/BTL/repo/smart-posture-monitor/data/raw/forward_slouch/nguoi7_ss1/frame_0043.jpg,ss1,nguoi7,forward_slouch,5.835438,-9.264846,-0.038333,0.470310,0.420254,0.453971,0.576712,-0.018904,0.668473,0.016339,-0.156458,0.238098,0.362719,0.630718,0.733953,0.636108,0.536200,0.548583
D:/BTL/repo/smart-posture-monitor/data/raw/forward_slouch/nguoi7_ss1/frame_0044.jpg,ss1,nguoi7,forward_slouch,5.590046,-7.613089,-0.033233,0.462269,0.423552,0.441037,0.584871,-0.048263,0.664073,0.021232,-0.161319,0.250851,0.370308,0.626968,0.732522,0.626131,0.520147,0.564352
D:/BTL/repo/smart-posture-monitor/data/raw/forward_slouch/nguoi7_ss1/frame_0045.jpg,ss1,nguoi7,forward_slouch,4.356706,-2.934868,-0.011324,0.513346,0.467671,0.467238,0.613652,-0.039189,0.631747,0.046108,-0.145981,0.221169,0.396183,0.694435,0.771284,0.648197,0.530951,0.576382
D:/BTL/repo/smart-posture-monitor/data/raw/forward_slouch/nguoi7_ss1/frame_0046.jpg,ss1,nguoi7,forward_slouch,8.180330,-5.864110,-0.021313,0.585051,0.461381,0.537974,0.607393,0.005368,0.643096,0.047077,-0.146012,0.208603,0.429580,0.745088,0.811383,0.709916,0.594050,0.607497
D:/BTL/repo/smart-posture-monitor/data/raw/forward_slouch/nguoi7_ss1/frame_0047.jpg,ss1,nguoi7,forward_slouch,8.345434,-4.675411,-0.016545,0.569899,0.444407,0.522676,0.589917,-0.003977,0.628110,0.047223,-0.145510,0.202981,0.426551,0.722691,0.788157,0.708655,0.590270,0.602562
D:/BTL/repo/smart-posture-monitor/data/raw/forward_slouch/nguoi7_ss1/frame_0048.jpg,ss1,nguoi7,forward_slouch,6.808810,-10.276748,-0.045155,0.448727,0.399254,0.438441,0.567095,-0.045955,0.680220,0.010286,-0.167841,0.253108,0.371089,0.600633,0.716817,0.626781,0.526054,0.568904
D:/BTL/repo/smart-posture-monitor/data/raw/forward_slouch/nguoi7_ss1/frame_0049.jpg,ss1,nguoi7,forward_slouch,7.159896,-8.435941,-0.035289,0.447247,0.407602,0.430600,0.562550,-0.053418,0.660392,0.016647,-0.154948,0.240546,0.373752,0.605120,0.708434,0.620219,0.520604,0.560864
D:/BTL/repo/smart-posture-monitor/data/raw/forward_slouch/nguoi7_ss1/frame_0050.jpg,ss1,nguoi7,forward_slouch,7.041218,-5.685055,-0.024928,0.448164,0.399905,0.426132,0.566066,-0.061173,0.647821,0.022033,-0.166161,0.251643,0.368672,0.600646,0.708533,0.625798,0.514561,0.566469
D:/BTL/repo/smart-posture-monitor/data/raw/forward_slouch/nguoi7_ss1/frame_0051.jpg,ss1,nguoi7,forward_slouch,5.638443,-3.939253,-0.017508,0.441892,0.404006,0.415437,0.572796,-0.077485,0.645353,0.026455,-0.168790,0.254856,0.371318,0.598740,0.707590,0.616718,0.500866,0.572713
D:/BTL/repo/smart-posture-monitor/data/raw/forward_slouch/nguoi7_ss1/frame_0052.jpg,ss1,nguoi7,forward_slouch,6.359159,-4.768377,-0.020485,0.478551,0.419101,0.451604,0.579485,-0.043399,0.654472,0.026948,-0.160384,0.246428,0.377804,0.636127,0.734676,0.644873,0.532657,0.572565
D:/BTL/repo/smart-posture-monitor/data/raw/forward_slouch/nguoi7_ss1/frame_0053.jpg,ss1,nguoi7,forward_slouch,6.033095,-3.937793,-0.014480,0.547731,0.491104,0.498990,0.637568,-0.020077,0.659322,0.048741,-0.146464,0.210857,0.414142,0.735657,0.809619,0.663700,0.547536,0.592202
D:/BTL/repo/smart-posture-monitor/data/raw/forward_slouch/nguoi7_ss1/frame_0054.jpg,ss1,nguoi7,forward_slouch,6.445424,-4.537674,-0.014595,0.635520,0.481076,0.586744,0.622253,0.060640,0.657944,0.048776,-0.141176,0.184475,0.435084,0.797070,0.855258,0.733423,0.624013,0.601473
D:/BTL/repo/smart-posture-monitor/data/raw/forward_slouch/nguoi7_ss1/frame_0055.jpg,ss1,nguoi7,forward_slouch,6.602578,-5.837360,-0.016726,0.623992,0.472102,0.576050,0.610219,0.078208,0.647563,0.047942,-0.138117,0.164454,0.417050,0.782462,0.839166,0.731001,0.622093,0.573295
D:/BTL/repo/smart-posture-monitor/data/raw/forward_slouch/nguoi7_ss1/frame_0056.jpg,ss1,nguoi7,forward_slouch,5.750279,-12.374111,-0.052571,0.423524,0.442105,0.406643,0.609981,-0.050308,0.687753,0.016881,-0.167875,0.245321,0.341049,0.612233,0.733100,0.575220,0.475655,0.533723
D:/BTL/repo/smart-posture-monitor/data/raw/forward_slouch/nguoi7_ss1/frame_0057.jpg,ss1,nguoi7,forward_slouch,5.386766,-13.053490,-0.058400,0.478714,0.450229,0.461829,0.621656,-0.031712,0.707885,0.016886,-0.171427,0.258567,0.371995,0.657171,0.774430,0.626574,0.522411,0.571770
D:/BTL/repo/smart-posture-monitor/data/raw/forward_slouch/nguoi7_ss1/frame_0058.jpg,ss1,nguoi7,forward_slouch,8.721193,-15.103204,-0.063164,0.590232,0.420975,0.572308,0.596528,0.051622,0.700492,0.017923,-0.175552,0.242417,0.410103,0.724978,0.826669,0.738148,0.626172,0.606819
D:/BTL/repo/smart-posture-monitor/data/raw/forward_slouch/nguoi7_ss1/frame_0059.jpg,ss1,nguoi7,forward_slouch,6.048587,-9.112119,-0.033281,0.579474,0.511162,0.540533,0.658879,0.022697,0.708623,0.038941,-0.147716,0.210148,0.415409,0.772708,0.852231,0.677079,0.571472,0.590755
D:/BTL/repo/smart-posture-monitor/data/raw/forward_slouch/nguoi7_ss1/frame_0060.jpg,ss1,nguoi7,forward_slouch,6.911239,-9.904912,-0.032255,0.606349,0.480154,0.570270,0.624013,0.067014,0.687195,0.036080,-0.143858,0.187516,0.413580,0.773439,0.845340,0.714259,0.610942,0.577709
D:/BTL/repo/smart-posture-monitor/data/raw/forward_slouch/nguoi7_ss1/frame_0061.jpg,ss1,nguoi7,forward_slouch,5.743809,-7.171995,-0.023373,0.587034,0.499163,0.544109,0.636726,0.037866,0.673920,0.042925,-0.137562,0.187214,0.414155,0.770567,0.837541,0.689469,0.584689,0.576303
D:/BTL/repo/smart-posture-monitor/data/raw/forward_slouch/nguoi7_ss1/frame_0062.jpg,ss1,nguoi7,forward_slouch,5.946511,-8.060478,-0.026086,0.613641,0.488763,0.573145,0.629796,0.058914,0.684164,0.040496,-0.141033,0.186038,0.424150,0.784503,0.851551,0.714377,0.610271,0.588137
D:/BTL/repo/smart-posture-monitor/data/raw/forward_slouch/nguoi7_ss1/frame_0063.jpg,ss1,nguoi7,forward_slouch,6.958018,-9.809684,-0.029584,0.655967,0.465456,0.620031,0.608476,0.106640,0.688579,0.035937,-0.143020,0.173638,0.432797,0.804327,0.868723,0.755266,0.654440,0.592912
D:/BTL/repo/smart-posture-monitor/data/raw/forward_slouch/nguoi8_ss1/frame_0001.jpg,ss1,nguoi8,forward_slouch,-0.530067,-7.504758,-0.027921,0.404190,0.585892,0.368380,0.711447,-0.084505,0.696439,0.035809,-0.125555,0.213777,0.348120,0.711786,0.801162,0.483743,0.399085,0.501042
D:/BTL/repo/smart-posture-monitor/data/raw/forward_slouch/nguoi8_ss1/frame_0002.jpg,ss1,nguoi8,forward_slouch,0.561549,-6.267669,-0.023214,0.411660,0.589638,0.372415,0.720502,-0.096284,0.714335,0.039245,-0.130864,0.212631,0.363454,0.719122,0.811059,0.489505,0.399762,0.523026
D:/BTL/repo/smart-posture-monitor/data/raw/forward_slouch/nguoi8_ss1/frame_0003.jpg,ss1,nguoi8,forward_slouch,0.248823,-4.288338,-0.015571,0.423987,0.565726,0.379957,0.699550,-0.092471,0.691457,0.044030,-0.133824,0.208237,0.368943,0.706973,0.796076,0.512610,0.414367,0.531543
D:/BTL/repo/smart-posture-monitor/data/raw/forward_slouch/nguoi8_ss1/frame_0004.jpg,ss1,nguoi8,forward_slouch,1.310410,-5.055848,-0.018427,0.442935,0.575076,0.398684,0.706620,-0.078516,0.695868,0.044252,-0.131544,0.209100,0.373590,0.725882,0.811333,0.526563,0.429370,0.535258
D:/BTL/repo/smart-posture-monitor/data/raw/forward_slouch/nguoi8_ss1/frame_0005.jpg,ss1,nguoi8,forward_slouch,0.876450,-6.490572,-0.023781,0.420580,0.574200,0.380303,0.702617,-0.091750,0.694193,0.040277,-0.128417,0.210378,0.368099,0.711753,0.798937,0.505310,0.413583,0.526195
D:/BTL/repo/smart-posture-monitor/data/raw/forward_slouch/nguoi8_ss1/frame_0006.jpg,ss1,nguoi8,forward_slouch,1.011456,-5.703245,-0.020813,0.426491,0.561922,0.384931,0.695615,-0.089216,0.692533,0.041560,-0.133693,0.209437,0.370193,0.705444,0.795017,0.516868,0.420535,0.531989
D:/BTL/repo/smart-posture-monitor/data/raw/forward_slouch/nguoi8_ss1/frame_0007.jpg,ss1,nguoi8,forward_slouch,0.866098,-6.126845,-0.022086,0.428288,0.554406,0.388565,0.691690,-0.087874,0.702188,0.039722,-0.137284,0.206932,0.373564,0.700569,0.793359,0.522217,0.425439,0.536900
D:/BTL/repo/smart-posture-monitor/data/raw/forward_slouch/nguoi8_ss1/frame_0008.jpg,ss1,nguoi8,forward_slouch,1.255412,-7.717442,-0.028979,0.452877,0.482759,0.425751,0.629888,-0.057208,0.692903,0.027126,-0.147130,0.215798,0.379155,0.661931,0.760278,0.583137,0.485472,0.551676
D:/BTL/repo/smart-posture-monitor/data/raw/forward_slouch/nguoi8_ss1/frame_0009.jpg,ss1,nguoi8,forward_slouch,1.526061,-7.595024,-0.029439,0.510558,0.354244,0.497170,0.521408,-0.010090,0.677102,0.013387,-0.167164,0.222736,0.421164,0.621416,0.720448,0.716447,0.603846,0.612627
D:/BTL/repo/smart-posture-monitor/data/raw/forward_slouch/nguoi8_ss1/frame_0010.jpg,ss1,nguoi8,forward_slouch,0.220936,-6.642751,-0.026128,0.507774,0.343048,0.494678,0.510306,-0.008527,0.665448,0.013096,-0.167258,0.225868,0.416041,0.612794,0.710717,0.721425,0.607609,0.608694
D:/BTL/repo/smart-posture-monitor/data/raw/forward_slouch/nguoi8_ss1/frame_0011.jpg,ss1,nguoi8,forward_slouch,1.363981,-8.070803,-0.031966,0.502572,0.343132,0.494024,0.511857,-0.006955,0.680495,0.008548,-0.168726,0.227682,0.417198,0.608537,0.711377,0.716523,0.606179,0.611090
D:/BTL/repo/smart-posture-monitor/data/raw/forward_slouch/nguoi8_ss1/frame_0012.jpg,ss1,nguoi8,forward_slouch,0.927449,-7.784857,-0.030112,0.522495,0.366378,0.500870,0.541851,-0.007209,0.674830,0.021625,-0.175473,0.222307,0.415054,0.638149,0.737884,0.719085,0.596279,0.612967
D:/BTL/repo/smart-posture-monitor/data/raw/forward_slouch/nguoi8_ss1/frame_0013.jpg,ss1,nguoi8,forward_slouch,1.430622,-7.762744,-0.030176,0.511524,0.378991,0.494703,0.542163,-0.011350,0.675785,0.016820,-0.163172,0.223409,0.412758,0.636625,0.733943,0.701025,0.590673,0.601234
D:/BTL/repo/smart-posture-monitor/data/raw/forward_slouch/nguoi8_ss1/frame_0014.jpg,ss1,nguoi8,forward_slouch,1.534887,-10.067235,-0.043253,0.411933,0.459440,0.396454,0.620552,-0.059987,0.690957,0.015479,-0.161112,0.247436,0.338165,0.617069,0.736384,0.553326,0.461151,0.525651
D:/BTL/repo/smart-posture-monitor/data/raw/forward_slouch/nguoi8_ss1/frame_0015.jpg,ss1,nguoi8,forward_slouch,2.192890,-1.854908,-0.005716,0.564241,0.579765,0.495809,0.716571,-0.010721,0.678499,0.068432,-0.136806,0.176577,0.420286,0.809009,0.871379,0.628601,0.510246,0.583378
D:/BTL/repo/smart-posture-monitor/data/raw/forward_slouch/nguoi8_ss1/frame_0016.jpg,ss1,nguoi8,forward_slouch,2.099117,-6.235504,-0.020852,0.438531,0.622729,0.383992,0.739305,-0.087179,0.685584,0.054539,-0.116576,0.191982,0.381185,0.761644,0.833080,0.500580,0.404043,0.529454
D:/BTL/repo/smart-posture-monitor/data/raw/forward_slouch/nguoi8_ss1/frame_0017.jpg,ss1,nguoi8,forward_slouch,1.521318,-6.485768,-0.023633,0.383216,0.644141,0.330418,0.752172,-0.126224,0.669941,0.052798,-0.108031,0.209221,0.365025,0.749515,0.821547,0.438513,0.349375,0.510093
D:/BTL/repo/smart-posture-monitor/data/raw/forward_slouch/nguoi8_ss1/frame_0018.jpg,ss1,nguoi8,forward_slouch,1.866846,-6.711872,-0.023231,0.411364,0.614515,0.361994,0.729515,-0.101944,0.680491,0.049371,-0.115000,0.198761,0.370238,0.739492,0.814390,0.478314,0.386805,0.517531
D:/BTL/repo/smart-posture-monitor/data/raw/forward_slouch/nguoi8_ss1/frame_0019.jpg,ss1,nguoi8,forward_slouch,1.624623,-5.666030,-0.019466,0.418033,0.602552,0.367967,0.719985,-0.099513,0.676605,0.050066,-0.117433,0.197168,0.373177,0.733362,0.808565,0.490012,0.395726,0.522817
D:/BTL/repo/smart-posture-monitor/data/raw/forward_slouch/nguoi8_ss1/frame_0020.jpg,ss1,nguoi8,forward_slouch,1.661128,-5.518135,-0.019330,0.419604,0.610893,0.368748,0.727938,-0.100717,0.679253,0.050856,-0.117044,0.201019,0.374002,0.741120,0.816007,0.487860,0.393734,0.524793
D:/BTL/repo/smart-posture-monitor/data/raw/forward_slouch/nguoi8_ss1/frame_0021.jpg,ss1,nguoi8,forward_slouch,1.908057,-5.131955,-0.017754,0.428693,0.609329,0.377320,0.727478,-0.092943,0.681863,0.051373,-0.118149,0.198478,0.375398,0.745024,0.819509,0.497257,0.401950,0.526655
D:/BTL/repo/smart-posture-monitor/data/raw/forward_slouch/nguoi8_ss1/frame_0022.jpg,ss1,nguoi8,forward_slouch,2.074790,-6.248612,-0.021565,0.439594,0.598782,0.386899,0.722289,-0.085016,0.677681,0.052695,-0.123507,0.198127,0.377525,0.742821,0.819385,0.512350,0.412715,0.530510
D:/BTL/repo/smart-posture-monitor/data/raw/forward_slouch/nguoi8_ss1/frame_0023.jpg,ss1,nguoi8,forward_slouch,2.035202,-5.688745,-0.019333,0.440942,0.597271,0.388077,0.719471,-0.086229,0.678183,0.052865,-0.122199,0.195038,0.380693,0.742404,0.817460,0.514314,0.414819,0.533344
D:/BTL/repo/smart-posture-monitor/data/raw/forward_slouch/nguoi8_ss1/frame_0024.jpg,ss1,nguoi8,forward_slouch,2.509503,-5.565325,-0.019047,0.447713,0.592804,0.395513,0.716534,-0.084052,0.681140,0.052200,-0.123730,0.196397,0.384463,0.742875,0.818444,0.522739,0.422781,0.539052
D:/BTL/repo/smart-posture-monitor/data/raw/forward_slouch/nguoi8_ss1/frame_0025.jpg,ss1,nguoi8,forward_slouch,2.454431,-5.067710,-0.017775,0.340519,0.550605,0.305579,0.665622,-0.106723,0.640251,0.034940,-0.115017,0.201229,0.313956,0.647394,0.732415,0.431571,0.351558,0.456137
D:/BTL/repo/smart-posture-monitor/data/raw/forward_slouch/nguoi8_ss1/frame_0026.jpg,ss1,nguoi8,forward_slouch,4.398442,-6.069162,-0.021951,0.451475,0.558417,0.405692,0.692496,-0.085970,0.687454,0.045784,-0.134079,0.207620,0.388764,0.718095,0.802581,0.542717,0.441212,0.552719
D:/BTL/repo/smart-posture-monitor/data/raw/forward_slouch/nguoi8_ss1/frame_0027.jpg,ss1,nguoi8,forward_slouch,8.366280,-4.424866,-0.014785,0.721542,0.580344,0.666795,0.744415,0.076729,0.806571,0.054746,-0.164071,0.191631,0.497560,0.925971,0.999385,0.731199,0.621167,0.683346
D:/BTL/repo/smart-posture-monitor/data/raw/forward_slouch/nguoi8_ss1/frame_0028.jpg,ss1,nguoi8,forward_slouch,7.965762,-6.093849,-0.020503,0.776081,0.621378,0.718203,0.792158,0.111709,0.843835,0.057878,-0.170779,0.193136,0.512150,0.994189,1.069266,0.739379,0.631451,0.700626
D:/BTL/repo/smart-posture-monitor/data/raw/forward_slouch/nguoi8_ss1/frame_0029.jpg,ss1,nguoi8,forward_slouch,8.418773,-5.862226,-0.018388,0.733363,0.588380,0.681180,0.752300,0.101305,0.822902,0.052182,-0.163920,0.180033,0.494160,0.940219,1.014870,0.733550,0.626598,0.674164
D:/BTL/repo/smart-posture-monitor/data/raw/forward_slouch/nguoi8_ss1/frame_0030.jpg,ss1,nguoi8,forward_slouch,8.180861,-6.096588,-0.019906,0.708706,0.589332,0.658561,0.748524,0.086549,0.813150,0.050145,-0.159192,0.187434,0.481936,0.921724,0.996991,0.719528,0.614196,0.661191
D:/BTL/repo/smart-posture-monitor/data/raw/forward_slouch/nguoi8_ss1/frame_0031.jpg,ss1,nguoi8,forward_slouch,4.900428,-5.846851,-0.020160,0.461885,0.549810,0.417583,0.683340,-0.065600,0.687625,0.044302,-0.133530,0.197897,0.384793,0.718073,0.800831,0.556803,0.455785,0.545191
D:/BTL/repo/smart-posture-monitor/data/raw/forward_slouch/nguoi8_ss1/frame_0032.jpg,ss1,nguoi8,forward_slouch,5.845790,-9.548864,-0.032456,0.450440,0.585552,0.406238,0.707318,-0.058435,0.687539,0.044202,-0.121766,0.195652,0.369959,0.738761,0.815677,0.528691,0.436088,0.518994
D:/BTL/repo/smart-posture-monitor/data/raw/forward_slouch/nguoi8_ss1/frame_0033.jpg,ss1,nguoi8,forward_slouch,6.096153,-8.304015,-0.027224,0.588777,0.355806,0.575795,0.513059,0.074906,0.686715,0.012982,-0.157253,0.188498,0.437921,0.687936,0.771213,0.778726,0.673247,0.611199
D:/BTL/repo/smart-posture-monitor/data/raw/forward_slouch/nguoi8_ss1/frame_0034.jpg,ss1,nguoi8,forward_slouch,4.145823,-3.091317,-0.014829,0.236403,0.553255,0.217992,0.699742,-0.173630,0.665709,0.018411,-0.146487,0.274974,0.257690,0.601646,0.732912,0.308234,0.248141,0.425174
D:/BTL/repo/smart-posture-monitor/data/raw/forward_slouch/nguoi8_ss1/frame_0035.jpg,ss1,nguoi8,forward_slouch,5.076767,-5.293303,-0.015290,0.620441,0.437494,0.584413,0.586429,0.075290,0.683721,0.036028,-0.148935,0.165741,0.435923,0.759176,0.827912,0.749056,0.640349,0.598178
D:/BTL/repo/smart-posture-monitor/data/raw/forward_slouch/nguoi8_ss1/frame_0036.jpg,ss1,nguoi8,forward_slouch,4.303167,-7.095416,-0.026927,0.415507,0.618824,0.374529,0.737138,-0.078581,0.700579,0.040978,-0.118314,0.217994,0.348556,0.745379,0.826828,0.480467,0.396014,0.500806
D:/BTL/repo/smart-posture-monitor/data/raw/forward_slouch/nguoi8_ss1/frame_0037.jpg,ss1,nguoi8,forward_slouch,4.067753,-7.456940,-0.025590,0.545874,0.422933,0.521869,0.581232,0.011687,0.705528,0.024005,-0.158299,0.197180,0.427232,0.690544,0.781139,0.702737,0.593961,0.604330
D:/BTL/repo/smart-posture-monitor/data/raw/forward_slouch/nguoi8_ss1/frame_0038.jpg,ss1,nguoi8,forward_slouch,3.475047,-6.550429,-0.020228,0.499042,0.691906,0.437205,0.799730,-0.038084,0.727680,0.061837,-0.107824,0.177321,0.395829,0.853098,0.911436,0.523337,0.429848,0.538316
D:/BTL/repo/smart-posture-monitor/data/raw/forward_slouch/nguoi8_ss1/frame_0039.jpg,ss1,nguoi8,forward_slouch,3.617540,-11.034848,-0.038688,0.536324,0.352093,0.527526,0.514646,0.033608,0.685452,0.008798,-0.162553,0.202128,0.422784,0.641571,0.736983,0.740541,0.633823,0.603201
D:/BTL/repo/smart-posture-monitor/data/raw/forward_slouch/nguoi8_ss1/frame_0040.jpg,ss1,nguoi8,forward_slouch,3.892214,-5.450998,-0.022824,0.488787,0.262334,0.486889,0.420052,-0.004332,0.610731,0.001898,-0.157718,0.240270,0.412607,0.554736,0.643044,0.760421,0.652307,0.603777
D:/BTL/repo/smart-posture-monitor/data/raw/forward_slouch/nguoi8_ss1/frame_0041.jpg,ss1,nguoi8,forward_slouch,2.200040,0.113447,0.000444,0.484611,0.505874,0.434760,0.648695,-0.069613,0.647484,0.049852,-0.142821,0.224285,0.392232,0.700540,0.780911,0.600855,0.485829,0.572030
D:/BTL/repo/smart-posture-monitor/data/raw/forward_slouch/nguoi8_ss1/frame_0042.jpg,ss1,nguoi8,forward_slouch,2.526666,-2.009139,-0.007706,0.489815,0.456594,0.453667,0.608649,-0.053437,0.669826,0.036148,-0.152055,0.219813,0.401380,0.669624,0.759123,0.633344,0.520932,0.583602
D:/BTL/repo/smart-posture-monitor/data/raw/forward_slouch/nguoi8_ss1/frame_0043.jpg,ss1,nguoi8,forward_slouch,3.163108,-3.638790,-0.013411,0.477931,0.474598,0.442811,0.617824,-0.049659,0.671991,0.035120,-0.143226,0.211310,0.389927,0.673544,0.760124,0.611899,0.506743,0.563307
D:/BTL/repo/smart-posture-monitor/data/raw/forward_slouch/nguoi8_ss1/frame_0044.jpg,ss1,nguoi8,forward_slouch,2.701820,-1.701504,-0.006126,0.479874,0.495370,0.435303,0.635620,-0.062721,0.661501,0.044571,-0.140251,0.206316,0.395569,0.689688,0.770391,0.602194,0.491938,0.567458
D:/BTL/repo/smart-posture-monitor/data/raw/forward_slouch/nguoi8_ss1/frame_0045.jpg,ss1,nguoi8,forward_slouch,2.651653,-3.159155,-0.011411,0.482535,0.481853,0.441433,0.622076,-0.056346,0.657193,0.041102,-0.140224,0.207054,0.395504,0.681925,0.762786,0.612160,0.503568,0.566689
D:/BTL/repo/smart-posture-monitor/data/raw/forward_slouch/nguoi8_ss1/frame_0046.jpg,ss1,nguoi8,forward_slouch,2.482089,-3.929106,-0.014536,0.478171,0.474199,0.438435,0.620408,-0.054753,0.659162,0.039736,-0.146210,0.212137,0.388646,0.673433,0.759692,0.612352,0.501519,0.564109
D:/BTL/repo/smart-posture-monitor/data/raw/forward_slouch/nguoi8_ss1/frame_0047.jpg,ss1,nguoi8,forward_slouch,2.012252,-9.282789,-0.044971,0.228664,0.463743,0.237821,0.613511,-0.138835,0.662353,-0.009157,-0.149768,0.278791,0.240535,0.517054,0.657993,0.326428,0.292388,0.417734
D:/BTL/repo/smart-posture-monitor/data/raw/forward_slouch/nguoi8_ss1/frame_0048.jpg,ss1,nguoi8,forward_slouch,2.143148,-1.942641,-0.007351,0.508186,0.432609,0.470923,0.584625,-0.037366,0.650507,0.037263,-0.152016,0.216852,0.404735,0.667386,0.750703,0.664396,0.548000,0.587458
D:/BTL/repo/smart-posture-monitor/data/raw/forward_slouch/nguoi8_ss1/frame_0049.jpg,ss1,nguoi8,forward_slouch,4.354615,-4.949661,-0.018174,0.502776,0.426614,0.471716,0.573163,-0.031329,0.653408,0.031060,-0.146548,0.210639,0.404428,0.659381,0.742315,0.663129,0.554301,0.580261
D:/BTL/repo/smart-posture-monitor/data/raw/forward_slouch/nguoi8_ss1/frame_0050.jpg,ss1,nguoi8,forward_slouch,4.361449,-5.172833,-0.020512,0.543542,0.448702,0.512520,0.605509,-0.010027,0.692306,0.031022,-0.156807,0.227509,0.416352,0.704820,0.793296,0.685110,0.574124,0.604799
D:/BTL/repo/smart-posture-monitor/data/raw/forward_slouch/nguoi8_ss1/frame_0051.jpg,ss1,nguoi8,forward_slouch,5.473286,-5.510097,-0.020772,0.475590,0.446826,0.449315,0.596950,-0.044157,0.683719,0.026275,-0.150124,0.216323,0.393298,0.652563,0.747150,0.625554,0.522307,0.571187
D:/BTL/repo/smart-posture-monitor/data/raw/forward_slouch/nguoi8_ss1/frame_0052.jpg,ss1,nguoi8,forward_slouch,8.731364,-8.635637,-0.033187,0.480830,0.414559,0.463791,0.564861,-0.023335,0.676415,0.017039,-0.150302,0.221022,0.389617,0.634867,0.730869,0.649840,0.551101,0.568112
D:/BTL/repo/smart-posture-monitor/data/raw/forward_slouch/nguoi8_ss1/frame_0053.jpg,ss1,nguoi8,forward_slouch,9.069020,-2.315761,-0.008636,0.453770,0.443980,0.418230,0.587454,-0.067356,0.639925,0.035540,-0.143473,0.213722,0.381860,0.634843,0.721123,0.605662,0.496950,0.556746
D:/BTL/repo/smart-posture-monitor/data/raw/forward_slouch/nguoi8_ss1/frame_0054.jpg,ss1,nguoi8,forward_slouch,7.284557,-3.439220,-0.012715,0.354704,0.457751,0.324655,0.596249,-0.125850,0.633949,0.030048,-0.138499,0.211959,0.346139,0.579094,0.678907,0.489307,0.396132,0.511838
D:/BTL/repo/smart-posture-monitor/data/raw/forward_slouch/nguoi8_ss1/frame_0055.jpg,ss1,nguoi8,forward_slouch,6.446734,-5.357279,-0.020054,0.458754,0.418854,0.430965,0.561620,-0.049947,0.631266,0.027789,-0.142766,0.214791,0.378708,0.621203,0.707918,0.625375,0.521403,0.551268
D:/BTL/repo/smart-posture-monitor/data/raw/forward_slouch/nguoi8_ss1/frame_0056.jpg,ss1,nguoi8,forward_slouch,7.581304,-7.823901,-0.028718,0.465689,0.406175,0.442544,0.551777,-0.040207,0.640810,0.023146,-0.145602,0.210965,0.385551,0.617936,0.707321,0.640011,0.537415,0.557660
D:/BTL/repo/smart-posture-monitor/data/raw/forward_slouch/nguoi8_ss1/frame_0057.jpg,ss1,nguoi8,forward_slouch,6.281369,-4.720557,-0.018441,0.439966,0.356358,0.416255,0.511225,-0.066105,0.604545,0.023711,-0.154867,0.224081,0.380120,0.566181,0.659256,0.643871,0.531187,0.563654
D:/BTL/repo/smart-posture-monitor/data/raw/forward_slouch/nguoi8_ss1/frame_0058.jpg,ss1,nguoi8,forward_slouch,5.563162,-4.881051,-0.019470,0.469837,0.393577,0.446892,0.548736,-0.049526,0.648095,0.022945,-0.155160,0.228820,0.392784,0.612902,0.707689,0.651924,0.543102,0.578375
D:/BTL/repo/smart-posture-monitor/data/raw/forward_slouch/nguoi8_ss1/frame_0059.jpg,ss1,nguoi8,forward_slouch,4.390780,-3.055266,-0.012430,0.501248,0.351329,0.472209,0.516292,-0.051078,0.622941,0.029039,-0.164963,0.233221,0.419056,0.612113,0.699670,0.709767,0.583754,0.615498
D:/BTL/repo/smart-posture-monitor/data/raw/forward_slouch/nguoi8_ss1/frame_0060.jpg,ss1,nguoi8,forward_slouch,3.360754,-6.287706,-0.027157,0.179987,0.396993,0.179447,0.541807,-0.174976,0.596096,0.000540,-0.144813,0.247964,0.234743,0.435889,0.570750,0.277478,0.239493,0.406989
D:/BTL/repo/smart-posture-monitor/data/raw/forward_slouch/nguoi8_ss1/frame_0061.jpg,ss1,nguoi8,forward_slouch,4.558195,-7.076887,-0.033094,0.197101,0.375350,0.198407,0.537972,-0.164055,0.583854,-0.001306,-0.162622,0.268616,0.231048,0.423954,0.573393,0.309408,0.264838,0.417023
D:/BTL/repo/smart-posture-monitor/data/raw/forward_slouch/nguoi9_ss1/frame_0001.jpg,ss1,nguoi9,forward_slouch,-0.105040,-0.292587,-0.001691,0.245720,0.123785,0.234387,0.310896,-0.235903,0.458381,0.011332,-0.187111,0.331134,0.338173,0.275138,0.389350,0.473114,0.388576,0.586442
D:/BTL/repo/smart-posture-monitor/data/raw/forward_slouch/nguoi9_ss1/frame_0002.jpg,ss1,nguoi9,forward_slouch,-3.346863,-7.585879,-0.042770,0.042561,-0.067692,0.054034,0.073207,-0.308466,0.323621,-0.011474,-0.140899,0.323985,0.305333,0.079960,0.090989,0.084346,0.106916,0.525686
D:/BTL/repo/smart-posture-monitor/data/raw/forward_slouch/nguoi9_ss1/frame_0004.jpg,ss1,nguoi9,forward_slouch,-8.083641,-2.815080,-0.014255,-0.039260,0.022758,-0.024573,0.158810,-0.322365,0.317394,-0.014687,-0.136053,0.290248,0.215174,0.045379,0.160700,-0.078439,-0.046835,0.408606
D:/BTL/repo/smart-posture-monitor/data/raw/forward_slouch/nguoi9_ss1/frame_0005.jpg,ss1,nguoi9,forward_slouch,-6.970615,-2.090885,-0.010350,-0.060611,0.056423,-0.053770,0.207915,-0.343710,0.372762,-0.006841,-0.151492,0.283688,0.217844,0.082808,0.214755,-0.120446,-0.099224,0.424518
D:/BTL/repo/smart-posture-monitor/data/raw/forward_slouch/nguoi9_ss1/frame_0006.jpg,ss1,nguoi9,forward_slouch,-5.924275,-4.779660,-0.024281,0.019865,0.048574,0.029704,0.190410,-0.295759,0.362866,-0.009840,-0.141836,0.291405,0.241241,0.052479,0.192713,0.039543,0.055508,0.445418
D:/BTL/repo/smart-posture-monitor/data/raw/forward_slouch/nguoi9_ss1/frame_0007.jpg,ss1,nguoi9,forward_slouch,-4.284666,-3.327051,-0.018308,0.147563,-0.055273,0.146741,0.100190,-0.281480,0.327048,0.000822,-0.155462,0.315465,0.347424,0.157575,0.177682,0.293173,0.287264,0.574672
D:/BTL/repo/smart-posture-monitor/data/raw/forward_slouch/nguoi9_ss1/frame_0008.jpg,ss1,nguoi9,forward_slouch,-3.454636,-3.332096,-0.018752,0.161376,-0.066569,0.158773,0.097272,-0.290447,0.315403,0.002603,-0.163841,0.322630,0.355845,0.174567,0.186201,0.319612,0.311095,0.591648
D:/BTL/repo/smart-posture-monitor/data/raw/forward_slouch/nguoi9_ss1/frame_0009.jpg,ss1,nguoi9,forward_slouch,-5.166034,-4.603733,-0.024157,0.089762,0.002746,0.093775,0.147755,-0.281939,0.346095,-0.004013,-0.145009,0.300967,0.292645,0.089804,0.175000,0.179520,0.179620,0.506013
D:/BTL/repo/smart-posture-monitor/data/raw/forward_slouch/nguoi9_ss1/frame_0010.jpg,ss1,nguoi9,forward_slouch,-1.809459,-0.141714,-0.000700,0.218985,-0.062281,0.209736,0.086826,-0.228007,0.288326,0.009248,-0.149106,0.283197,0.357998,0.227669,0.226998,0.433843,0.412056,0.568089
D:/BTL/repo/smart-posture-monitor/data/raw/forward_slouch/nguoi9_ss1/frame_0011.jpg,ss1,nguoi9,forward_slouch,-4.007328,-3.529964,-0.020796,0.245879,-0.010820,0.241985,0.172335,-0.254826,0.348219,0.003894,-0.183156,0.337761,0.367607,0.246117,0.297079,0.491606,0.451459,0.616129
D:/BTL/repo/smart-posture-monitor/data/raw/forward_slouch/nguoi9_ss1/frame_0012.jpg,ss1,nguoi9,forward_slouch,-2.849164,-4.605415,-0.026852,0.234146,-0.011843,0.235566,0.167149,-0.255941,0.376048,-0.001420,-0.178992,0.334429,0.379112,0.234446,0.288842,0.468124,0.441486,0.625016
D:/BTL/repo/smart-posture-monitor/data/raw/forward_slouch/nguoi9_ss1/frame_0013.jpg,ss1,nguoi9,forward_slouch,-3.433186,-5.529888,-0.031726,0.235035,-0.003905,0.240022,0.170705,-0.249984,0.377967,-0.004987,-0.174611,0.329225,0.378172,0.235067,0.294535,0.470051,0.448444,0.617309
D:/BTL/repo/smart-posture-monitor/data/raw/forward_slouch/nguoi9_ss1/frame_0014.jpg,ss1,nguoi9,forward_slouch,-3.566323,-10.606666,-0.066093,-0.031937,0.047236,0.005951,0.254659,-0.363747,0.463212,-0.037888,-0.207423,0.359070,0.261037,0.057020,0.254728,-0.063591,0.010605,0.532103
D:/BTL/repo/smart-posture-monitor/data/raw/forward_slouch/nguoi9_ss1/frame_0015.jpg,ss1,nguoi9,forward_slouch,0.751064,0.172605,0.000988,0.198847,0.019579,0.186545,0.199613,-0.280185,0.386169,0.012303,-0.180034,0.328125,0.355802,0.199809,0.273211,0.397333,0.343357,0.603208
D:/BTL/repo/smart-posture-monitor/data/raw/forward_slouch/nguoi9_ss1/frame_0016.jpg,ss1,nguoi9,forward_slouch,-3.622079,-1.387470,-0.007471,0.209234,-0.058118,0.202287,0.106847,-0.248406,0.324811,0.006946,-0.164965,0.308546,0.365767,0.217155,0.228772,0.415093,0.394063,0.596715
D:/BTL/repo/smart-posture-monitor/data/raw/forward_slouch/nguoi9_ss1/frame_0017.jpg,ss1,nguoi9,forward_slouch,-1.540156,1.821397,0.009198,0.230855,-0.036309,0.216607,0.123304,-0.225316,0.308981,0.014248,-0.159614,0.289401,0.352972,0.233693,0.249244,0.460173,0.418081,0.572116
D:/BTL/repo/smart-posture-monitor/data/raw/forward_slouch/nguoi9_ss1/frame_0018.jpg,ss1,nguoi9,forward_slouch,-0.561451,1.237097,0.006109,0.235411,-0.062197,0.224808,0.092327,-0.212620,0.290020,0.010603,-0.154525,0.282965,0.357635,0.243489,0.243029,0.466235,0.440398,0.569903
D:/BTL/repo/smart-posture-monitor/data/raw/forward_slouch/nguoi9_ss1/frame_0019.jpg,ss1,nguoi9,forward_slouch,-5.384655,-3.613908,-0.019178,0.194522,-0.044574,0.192580,0.111720,-0.251137,0.336643,0.001941,-0.156294,0.304261,0.362723,0.199563,0.222640,0.387238,0.374443,0.586462
D:/BTL/repo/smart-posture-monitor/data/raw/forward_slouch/nguoi9_ss1/frame_0020.jpg,ss1,nguoi9,forward_slouch,-6.404293,-2.984959,-0.016017,0.124793,-0.000415,0.124695,0.147171,-0.274040,0.343170,0.000098,-0.147586,0.307576,0.308937,0.124793,0.192894,0.249586,0.238668,0.526420
D:/BTL/repo/smart-posture-monitor/data/raw/forward_slouch/nguoi9_ss1/frame_0021.jpg,ss1,nguoi9,forward_slouch,-4.421319,-3.014267,-0.015672,0.213548,-0.045972,0.210881,0.106621,-0.243552,0.328609,0.002666,-0.152593,0.298040,0.373181,0.218440,0.236303,0.424909,0.410680,0.590975
D:/BTL/repo/smart-posture-monitor/data/raw/forward_slouch/nguoi9_ss1/frame_0022.jpg,ss1,nguoi9,forward_slouch,-2.492153,-1.936682,-0.009932,0.246473,-0.055593,0.241762,0.107811,-0.214529,0.331235,0.004711,-0.163404,0.293893,0.378774,0.252665,0.264711,0.488990,0.469716,0.601796
D:/BTL/repo/smart-posture-monitor/data/raw/forward_slouch/nguoi9_ss1/frame_0023.jpg,ss1,nguoi9,forward_slouch,-1.557791,-0.931040,-0.004561,0.234042,-0.053814,0.228204,0.101254,-0.206053,0.317575,0.005838,-0.155068,0.280714,0.363595,0.240149,0.249659,0.464665,0.445167,0.575859
D:/BTL/repo/smart-posture-monitor/data/raw/forward_slouch/nguoi9_ss1/frame_0024.jpg,ss1,nguoi9,forward_slouch,-1.550618,-1.202682,-0.005818,0.237928,-0.044597,0.231382,0.103197,-0.200605,0.315369,0.006546,-0.147793,0.277177,0.360405,0.242072,0.253352,0.473436,0.450867,0.567351
D:/BTL/repo/smart-posture-monitor/data/raw/forward_slouch/nguoi9_ss1/frame_0025.jpg,ss1,nguoi9,forward_slouch,-1.696874,-2.181351,-0.010563,0.267991,-0.038714,0.263915,0.111182,-0.186174,0.330332,0.004075,-0.149895,0.277511,0.377798,0.270772,0.286378,0.533749,0.511009,0.585201
D:/BTL/repo/smart-posture-monitor/data/raw/forward_slouch/nguoi9_ss1/frame_0026.jpg,ss1,nguoi9,forward_slouch,-0.881971,-0.453813,-0.002270,0.242001,-0.043256,0.234834,0.111624,-0.205185,0.319897,0.007167,-0.154879,0.286656,0.361848,0.245836,0.260013,0.481661,0.455560,0.576068
D:/BTL/repo/smart-posture-monitor/data/raw/forward_slouch/nguoi9_ss1/frame_0027.jpg,ss1,nguoi9,forward_slouch,-2.663648,-0.699798,-0.003450,0.234947,-0.040341,0.227697,0.115361,-0.210539,0.319508,0.007250,-0.155702,0.282476,0.359428,0.238385,0.255253,0.467947,0.441053,0.572668
D:/BTL/repo/smart-posture-monitor/data/raw/forward_slouch/nguoi9_ss1/frame_0028.jpg,ss1,nguoi9,forward_slouch,-1.955541,-3.856139,-0.019107,0.284296,0.005363,0.283507,0.164563,-0.184069,0.374624,0.000789,-0.159200,0.284111,0.382591,0.284346,0.327806,0.568543,0.528664,0.596422
D:/BTL/repo/smart-posture-monitor/data/raw/forward_slouch/nguoi9_ss1/frame_0029.jpg,ss1,nguoi9,forward_slouch,0.367341,-0.376254,-0.001944,0.266386,-0.033659,0.259716,0.122888,-0.204405,0.344315,0.006670,-0.156547,0.296045,0.385384,0.268504,0.287322,0.531099,0.499706,0.603745
D:/BTL/repo/smart-posture-monitor/data/raw/forward_slouch/nguoi9_ss1/frame_0030.jpg,ss1,nguoi9,forward_slouch,-0.233943,2.043459,0.009922,0.235756,-0.036697,0.223400,0.115868,-0.206471,0.309252,0.012355,-0.152565,0.278270,0.352023,0.238595,0.251661,0.469890,0.432733,0.561467
D:/BTL/repo/smart-posture-monitor/data/raw/forward_slouch/nguoi9_ss1/frame_0031.jpg,ss1,nguoi9,forward_slouch,-1.257641,-0.080712,-0.000396,0.274686,-0.025905,0.266135,0.126250,-0.193141,0.328288,0.008552,-0.152155,0.281311,0.377172,0.275905,0.294562,0.548321,0.510700,0.586784
D:/BTL/repo/smart-posture-monitor/data/raw/forward_slouch/nguoi9_ss1/frame_0032.jpg,ss1,nguoi9,forward_slouch,-0.725797,-2.311167,-0.011753,0.284613,-0.017544,0.281509,0.134711,-0.192995,0.365689,0.003104,-0.152255,0.291446,0.398554,0.285153,0.312080,0.568709,0.536353,0.612354
D:/BTL/repo/smart-posture-monitor/data/raw/forward_slouch/nguoi9_ss1/frame_0033.jpg,ss1,nguoi9,forward_slouch,-2.396569,-2.111606,-0.010509,0.272794,-0.022006,0.268530,0.131555,-0.192936,0.345160,0.004265,-0.153561,0.285219,0.380973,0.273681,0.299024,0.544839,0.513466,0.593056
D:/BTL/repo/smart-posture-monitor/data/raw/forward_slouch/nguoi9_ss1/frame_0034.jpg,ss1,nguoi9,forward_slouch,-1.984764,0.714460,0.003465,0.249230,-0.043816,0.240112,0.105544,-0.204648,0.314005,0.009118,-0.149359,0.277868,0.371103,0.253052,0.262284,0.495940,0.467097,0.577963
D:/BTL/repo/smart-posture-monitor/data/raw/forward_slouch/nguoi9_ss1/frame_0035.jpg,ss1,nguoi9,forward_slouch,-3.934880,-2.114329,-0.010890,0.216598,-0.050168,0.211693,0.109818,-0.232383,0.334072,0.004905,-0.159986,0.295163,0.368574,0.222332,0.238483,0.430544,0.411603,0.590953
D:/BTL/repo/smart-posture-monitor/data/raw/forward_slouch/nguoi9_ss1/frame_0036.jpg,ss1,nguoi9,forward_slouch,-1.266912,1.005108,0.005120,0.228060,-0.071106,0.217299,0.082040,-0.232652,0.294004,0.010761,-0.153146,0.291890,0.372094,0.238888,0.232270,0.450442,0.427611,0.587845
D:/BTL/repo/smart-posture-monitor/data/raw/forward_slouch/nguoi9_ss1/frame_0037.jpg,ss1,nguoi9,forward_slouch,-0.895337,1.113725,0.005683,0.243861,-0.062581,0.232389,0.095491,-0.216550,0.305614,0.011472,-0.158071,0.292390,0.370168,0.251762,0.251243,0.482815,0.454450,0.589529
D:/BTL/repo/smart-posture-monitor/data/raw/forward_slouch/nguoi9_ss1/frame_0038.jpg,ss1,nguoi9,forward_slouch,-0.868853,1.462475,0.007145,0.241918,-0.068513,0.231281,0.081695,-0.204572,0.295359,0.010637,-0.150208,0.279951,0.367100,0.251432,0.245286,0.478053,0.454968,0.575982
D:/BTL/repo/smart-posture-monitor/data/raw/forward_slouch/nguoi9_ss1/frame_0039.jpg,ss1,nguoi9,forward_slouch,-1.576507,-0.973238,-0.004852,0.248277,-0.065169,0.241780,0.095076,-0.205029,0.310962,0.006497,-0.160245,0.285663,0.371457,0.256688,0.259802,0.491088,0.472682,0.589034
D:/BTL/repo/smart-posture-monitor/data/raw/forward_slouch/nguoi9_ss1/frame_0040.jpg,ss1,nguoi9,forward_slouch,-0.923548,2.233028,0.011209,0.218545,-0.082098,0.206505,0.072365,-0.221844,0.279507,0.012040,-0.154463,0.287674,0.355346,0.233457,0.218817,0.430036,0.407917,0.569825
D:/BTL/repo/smart-posture-monitor/data/raw/forward_slouch/nguoi9_ss1/frame_0041.jpg,ss1,nguoi9,forward_slouch,-0.876524,2.144485,0.010808,0.239764,-0.080274,0.226202,0.070916,-0.223648,0.272837,0.013561,-0.151190,0.288823,0.369240,0.252845,0.237058,0.471770,0.446824,0.582613
D:/BTL/repo/smart-posture-monitor/data/raw/forward_slouch/nguoi9_ss1/frame_0042.jpg,ss1,nguoi9,forward_slouch,-1.104352,1.754262,0.008534,0.239362,-0.058482,0.228894,0.088999,-0.206876,0.298702,0.010468,-0.147481,0.278760,0.365608,0.246403,0.245588,0.474553,0.448967,0.571585
D:/BTL/repo/smart-posture-monitor/data/raw/forward_slouch/nguoi9_ss1/frame_0043.jpg,ss1,nguoi9,forward_slouch,-1.307338,0.916843,0.004527,0.246531,-0.060899,0.236560,0.091196,-0.205895,0.305198,0.009971,-0.152095,0.282902,0.370655,0.253941,0.253530,0.488328,0.463406,0.581993
D:/BTL/repo/smart-posture-monitor/data/raw/forward_slouch/nguoi9_ss1/frame_0044.jpg,ss1,nguoi9,forward_slouch,-1.008309,1.241361,0.006088,0.250403,-0.064254,0.239834,0.085253,-0.203758,0.300415,0.010568,-0.149507,0.281012,0.373491,0.258515,0.254536,0.495414,0.470952,0.582448
D:/BTL/repo/smart-posture-monitor/data/raw/forward_slouch/nguoi9_ss1/frame_0045.jpg,ss1,nguoi9,forward_slouch,-1.669748,0.252785,0.001243,0.250576,-0.060016,0.242202,0.087968,-0.206548,0.302848,0.008374,-0.147984,0.281692,0.375828,0.257663,0.257682,0.496429,0.475004,0.583638
D:/BTL/repo/smart-posture-monitor/data/raw/forward_slouch/nguoi9_ss1/frame_0046.jpg,ss1,nguoi9,forward_slouch,-1.441339,0.504734,0.002451,0.251202,-0.066424,0.242353,0.080207,-0.202319,0.298301,0.008849,-0.146632,0.278216,0.376130,0.259836,0.255281,0.496620,0.476831,0.581985
D:/BTL/repo/smart-posture-monitor/data/raw/forward_slouch/nguoi9_ss1/frame_0047.jpg,ss1,nguoi9,forward_slouch,-1.131101,0.381431,0.001840,0.267031,-0.057267,0.258265,0.090440,-0.188820,0.305224,0.008766,-0.147707,0.276414,0.376744,0.273103,0.273643,0.529262,0.505541,0.582409
D:/BTL/repo/smart-posture-monitor/data/raw/forward_slouch/nguoi9_ss1/frame_0048.jpg,ss1,nguoi9,forward_slouch,-2.247387,-3.430226,-0.020047,0.241391,0.053656,0.238167,0.253873,-0.222505,0.443977,0.003224,-0.200217,0.335051,0.344297,0.247283,0.348102,0.479214,0.415902,0.606259
D:/BTL/repo/smart-posture-monitor/data/raw/forward_slouch/nguoi9_ss1/frame_0049.jpg,ss1,nguoi9,forward_slouch,0.848688,-1.306290,-0.007716,0.253427,0.077698,0.242300,0.284338,-0.234294,0.436301,0.011127,-0.206640,0.338444,0.341233,0.265070,0.373574,0.498897,0.411153,0.605366
D:/BTL/repo/smart-posture-monitor/data/raw/forward_slouch/nguoi9_ss1/frame_0050.jpg,ss1,nguoi9,forward_slouch,2.125634,1.837839,0.008770,0.328857,0.000424,0.318743,0.152090,-0.171603,0.353621,0.010114,-0.151666,0.273457,0.409263,0.328858,0.353169,0.657714,0.596137,0.612543
D:/BTL/repo/smart-posture-monitor/data/raw/forward_slouch/nguoi9_ss1/frame_0051.jpg,ss1,nguoi9,forward_slouch,-0.050455,3.789263,0.018378,0.286272,-0.019877,0.271638,0.131706,-0.196514,0.313390,0.014633,-0.151583,0.278090,0.380715,0.286961,0.301884,0.571872,0.519177,0.586641
D:/BTL/repo/smart-posture-monitor/data/raw/forward_slouch/nguoi9_ss1/frame_0052.jpg,ss1,nguoi9,forward_slouch,-0.415763,2.654844,0.013166,0.280276,-0.017987,0.268106,0.135554,-0.201046,0.323952,0.012171,-0.153542,0.284239,0.380877,0.280853,0.300426,0.560025,0.511367,0.590419
D:/BTL/repo/smart-posture-monitor/data/raw/forward_slouch/nguoi9_ss1/frame_0053.jpg,ss1,nguoi9,forward_slouch,-1.682416,-0.358707,-0.001823,0.308410,-0.007108,0.300514,0.149242,-0.187828,0.347044,0.007896,-0.156350,0.291245,0.395252,0.308492,0.335532,0.616720,0.565172,0.609652
D:/BTL/repo/smart-posture-monitor/data/raw/forward_slouch/nguoi9_ss1/frame_0054.jpg,ss1,nguoi9,forward_slouch,0.268931,-2.916792,-0.014798,0.334050,-0.005229,0.333085,0.153417,-0.163034,0.383804,0.000965,-0.158645,0.290806,0.415762,0.334091,0.366719,0.668034,0.620384,0.631220
D:/BTL/repo/smart-posture-monitor/data/raw/forward_slouch/nguoi9_ss1/frame_0055.jpg,ss1,nguoi9,forward_slouch,-0.092681,-2.410240,-0.012168,0.338071,0.001489,0.335622,0.157637,-0.159115,0.384612,0.002449,-0.156147,0.289335,0.414042,0.338074,0.370798,0.676136,0.622611,0.627675
D:/BTL/repo/smart-posture-monitor/data/raw/forward_slouch/nguoi9_ss1/frame_0056.jpg,ss1,nguoi9,forward_slouch,1.292390,-2.736600,-0.013172,0.335491,-0.003679,0.335482,0.148189,-0.144826,0.381149,0.000008,-0.151869,0.275875,0.410574,0.335511,0.366754,0.670948,0.627104,0.615465
D:/BTL/repo/smart-posture-monitor/data/raw/forward_slouch/nguoi9_ss1/frame_0057.jpg,ss1,nguoi9,forward_slouch,-1.293169,0.169374,0.000846,0.293473,-0.021400,0.283727,0.136351,-0.186405,0.333510,0.009746,-0.157751,0.286147,0.382107,0.294252,0.314789,0.586129,0.539832,0.596862
D:/BTL/repo/smart-posture-monitor/data/raw/forward_slouch/nguoi9_ss1/frame_0058.jpg,ss1,nguoi9,forward_slouch,-0.644067,0.797760,0.003931,0.285381,-0.034425,0.274516,0.121258,-0.189621,0.325219,0.010865,-0.155683,0.282333,0.383047,0.287450,0.300104,0.568773,0.527930,0.595795
D:/BTL/repo/smart-posture-monitor/data/raw/forward_slouch/nguoi9_ss1/frame_0059.jpg,ss1,nguoi9,forward_slouch,0.977908,-0.213502,-0.001068,0.301811,-0.024008,0.296516,0.128182,-0.180523,0.356587,0.005295,-0.152190,0.286710,0.404068,0.302764,0.323036,0.602532,0.566272,0.614409
D:/BTL/repo/smart-posture-monitor/data/raw/forward_slouch/nguoi9_ss1/frame_0060.jpg,ss1,nguoi9,forward_slouch,-0.205784,-1.281776,-0.006608,0.296147,-0.013269,0.290368,0.150372,-0.186384,0.350689,0.005779,-0.163641,0.295413,0.383548,0.296444,0.326994,0.591972,0.546558,0.604401
D:/BTL/repo/smart-posture-monitor/data/raw/forward_slouch/nguoi9_ss1/frame_0061.jpg,ss1,nguoi9,forward_slouch,0.997928,2.035681,0.010170,0.274075,-0.009157,0.262102,0.155585,-0.196837,0.337130,0.011973,-0.164742,0.286291,0.366897,0.274228,0.304802,0.548019,0.493564,0.584529
D:/BTL/repo/smart-posture-monitor/data/raw/forward_slouch/nguoi9_ss1/frame_0062.jpg,ss1,nguoi9,forward_slouch,3.042267,-1.686969,-0.008113,0.318050,0.006170,0.314714,0.165353,-0.152153,0.362487,0.003336,-0.159183,0.275580,0.381589,0.318110,0.355509,0.636019,0.582985,0.589960
D:/BTL/repo/smart-posture-monitor/data/raw/forward_slouch/nguoi9_ss1/frame_0063.jpg,ss1,nguoi9,forward_slouch,1.787612,-2.571362,-0.012843,0.322981,-0.002838,0.321692,0.154818,-0.163235,0.381689,0.001288,-0.157656,0.286277,0.406836,0.322993,0.357008,0.645943,0.600009,0.619892
D:/BTL/repo/smart-posture-monitor/data/raw/forward_slouch/nguoi9_ss1/frame_0064.jpg,ss1,nguoi9,forward_slouch,1.947364,-1.372424,-0.006716,0.320838,-0.021290,0.318387,0.131775,-0.164567,0.365677,0.002451,-0.153065,0.280387,0.413114,0.321544,0.344579,0.640692,0.604545,0.620775
D:/BTL/repo/smart-posture-monitor/data/raw/forward_slouch/nguoi9_ss1/frame_0065.jpg,ss1,nguoi9,forward_slouch,0.151445,0.975325,0.004845,0.286486,-0.033608,0.278106,0.122316,-0.189667,0.326327,0.008380,-0.155924,0.284627,0.385425,0.288451,0.303816,0.571061,0.534288,0.596887
D:/BTL/repo/smart-posture-monitor/data/raw/forward_slouch/nguoi9_ss1/frame_0066.jpg,ss1,nguoi9,forward_slouch,1.495966,-2.327121,-0.011781,0.325493,-0.025026,0.324611,0.127112,-0.162622,0.365873,0.000883,-0.152138,0.290129,0.413993,0.326454,0.348611,0.649581,0.617742,0.625347
D:/BTL/repo/smart-posture-monitor/data/raw/forward_slouch/nguoi9_ss1/frame_0067.jpg,ss1,nguoi9,forward_slouch,0.352344,-1.926094,-0.009709,0.313629,-0.024286,0.310188,0.130379,-0.172602,0.363881,0.003441,-0.154664,0.288873,0.408434,0.314567,0.336475,0.626044,0.590335,0.622169
D:/BTL/repo/smart-posture-monitor/data/raw/forward_slouch/nguoi9_ss1/frame_0068.jpg,ss1,nguoi9,forward_slouch,0.755853,0.445202,0.002209,0.287645,-0.035395,0.281809,0.111545,-0.186394,0.339079,0.005836,-0.146940,0.284346,0.398213,0.289815,0.303082,0.573156,0.544676,0.604105
D:/BTL/repo/smart-posture-monitor/data/raw/forward_slouch/nguoi9_ss1/frame_0069.jpg,ss1,nguoi9,forward_slouch,0.732513,-0.746194,-0.003721,0.304774,-0.018225,0.300133,0.133836,-0.173917,0.360439,0.004641,-0.152061,0.285705,0.400261,0.305318,0.328621,0.608905,0.570710,0.610353
D:/BTL/repo/smart-posture-monitor/data/raw/forward_slouch/nguoi9_ss1/frame_0070.jpg,ss1,nguoi9,forward_slouch,-0.812100,-2.219013,-0.013436,0.217035,0.010260,0.213137,0.197386,-0.279592,0.408257,0.003898,-0.187126,0.347020,0.379027,0.217277,0.290497,0.433957,0.391737,0.636427
D:/BTL/repo/smart-posture-monitor/data/raw/forward_slouch/nguoi9_ss1/frame_0071.jpg,ss1,nguoi9,forward_slouch,-2.733727,-1.644776,-0.009310,0.170343,0.116342,0.163602,0.308397,-0.270595,0.438883,0.006741,-0.192055,0.324374,0.299765,0.206282,0.349106,0.330780,0.275394,0.546314
D:/BTL/repo/smart-posture-monitor/data/raw/correct/nguoi10_ss1/frame_0001.jpg,ss1,nguoi10,correct,9.514756,-15.198961,-0.053317,0.590934,0.657571,0.546875,0.813451,-0.035207,0.867090,0.044059,-0.155880,0.203366,0.484707,0.884083,0.980191,0.609960,0.510963,0.660266
D:/BTL/repo/smart-posture-monitor/data/raw/correct/nguoi10_ss1/frame_0002.jpg,ss1,nguoi10,correct,4.450837,-15.335719,-0.056114,0.765251,0.672297,0.717549,0.852002,0.045948,0.935214,0.047702,-0.179705,0.212173,0.571957,1.018622,1.113904,0.710043,0.606708,0.765847
D:/BTL/repo/smart-posture-monitor/data/raw/correct/nguoi10_ss1/frame_0003.jpg,ss1,nguoi10,correct,3.860492,-10.821499,-0.049174,0.637753,0.730700,0.580102,0.902435,-0.064788,0.901240,0.057651,-0.171735,0.261910,0.516906,0.969872,1.072803,0.608614,0.501500,0.722944
D:/BTL/repo/smart-posture-monitor/data/raw/correct/nguoi10_ss1/frame_0004.jpg,ss1,nguoi10,correct,4.098075,-23.031755,-0.069954,0.833532,0.727907,0.774823,0.887596,0.104604,0.946795,0.058709,-0.159689,0.178801,0.588443,1.106627,1.178209,0.718579,0.624215,0.761083
D:/BTL/repo/smart-posture-monitor/data/raw/correct/nguoi10_ss1/frame_0005.jpg,ss1,nguoi10,correct,-5.385774,0.524029,0.001817,0.366988,0.299275,0.347662,0.418104,-0.092041,0.497599,0.019327,-0.118829,0.198665,0.349743,0.473546,0.543764,0.589686,0.500175,0.500041
D:/BTL/repo/smart-posture-monitor/data/raw/correct/nguoi10_ss1/frame_0006.jpg,ss1,nguoi10,correct,-4.771792,1.144632,0.003975,0.388126,0.314431,0.365045,0.435417,-0.081973,0.504140,0.023081,-0.120986,0.198986,0.354665,0.499508,0.568195,0.608403,0.512596,0.506935
D:/BTL/repo/smart-posture-monitor/data/raw/correct/nguoi10_ss1/frame_0007.jpg,ss1,nguoi10,correct,-3.974198,0.541693,0.001743,0.393202,0.291986,0.373690,0.407433,-0.059009,0.493162,0.019512,-0.115447,0.184356,0.351364,0.489759,0.552852,0.628812,0.537458,0.494941
D:/BTL/repo/smart-posture-monitor/data/raw/correct/nguoi10_ss1/frame_0008.jpg,ss1,nguoi10,correct,-4.995552,0.638157,0.002201,0.380077,0.292320,0.360968,0.411159,-0.070429,0.493264,0.019109,-0.118839,0.197584,0.342861,0.479489,0.547128,0.611392,0.520077,0.493289
D:/BTL/repo/smart-posture-monitor/data/raw/correct/nguoi10_ss1/frame_0009.jpg,ss1,nguoi10,correct,1.543397,-13.864115,-0.043827,0.547784,0.745140,0.498637,0.900799,-0.102917,0.969290,0.049148,-0.155660,0.182902,0.514877,0.924825,1.029601,0.539053,0.444084,0.688226
D:/BTL/repo/smart-posture-monitor/data/raw/correct/nguoi10_ss1/frame_0010.jpg,ss1,nguoi10,correct,1.895067,-14.274330,-0.043395,0.582367,0.784586,0.524457,0.935704,-0.088962,0.979227,0.057910,-0.151118,0.175997,0.528588,0.977101,1.072659,0.547924,0.451439,0.698976
D:/BTL/repo/smart-posture-monitor/data/raw/correct/nguoi10_ss1/frame_0011.jpg,ss1,nguoi10,correct,-5.075249,-1.273318,-0.004445,0.388657,0.298800,0.371176,0.417351,-0.059004,0.493950,0.017481,-0.118550,0.200022,0.338466,0.490241,0.558528,0.618675,0.529205,0.488348
D:/BTL/repo/smart-posture-monitor/data/raw/correct/nguoi10_ss1/frame_0012.jpg,ss1,nguoi10,correct,-4.957203,0.727269,0.002696,0.393419,0.287059,0.373997,0.412561,-0.065080,0.489453,0.019422,-0.125503,0.212379,0.341967,0.487012,0.556849,0.632197,0.535103,0.501183
D:/BTL/repo/smart-posture-monitor/data/raw/correct/nguoi10_ss1/frame_0013.jpg,ss1,nguoi10,correct,-5.455060,2.285828,0.008196,0.384806,0.303647,0.360674,0.427701,-0.077827,0.488328,0.024132,-0.124054,0.205498,0.342014,0.490180,0.559476,0.610695,0.511265,0.498133
D:/BTL/repo/smart-posture-monitor/data/raw/correct/nguoi10_ss1/frame_0014.jpg,ss1,nguoi10,correct,-7.466115,-3.171895,-0.011835,0.301224,0.391509,0.282791,0.520025,-0.134402,0.570376,0.018432,-0.128516,0.213897,0.313573,0.493978,0.591943,0.452681,0.376216,0.470917
D:/BTL/repo/smart-posture-monitor/data/raw/correct/nguoi10_ss1/frame_0015.jpg,ss1,nguoi10,correct,0.343154,-15.585791,-0.046034,0.591298,0.797251,0.531031,0.941554,-0.072509,0.963959,0.060267,-0.144303,0.171332,0.521024,0.992594,1.080980,0.549034,0.454197,0.684420
D:/BTL/repo/smart-posture-monitor/data/raw/correct/nguoi10_ss1/frame_0016.jpg,ss1,nguoi10,correct,-1.109874,-18.141106,-0.051586,0.559174,0.771411,0.505861,0.918382,-0.075407,0.946504,0.053312,-0.146971,0.165680,0.502552,0.952759,1.048485,0.536637,0.443650,0.658293
D:/BTL/repo/smart-posture-monitor/data/raw/correct/nguoi10_ss1/frame_0017.jpg,ss1,nguoi10,correct,-6.190278,2.304927,0.006194,0.411511,0.357008,0.372134,0.466359,-0.067206,0.497754,0.039377,-0.109352,0.154010,0.364035,0.544789,0.596636,0.611120,0.505423,0.498978
D:/BTL/repo/smart-posture-monitor/data/raw/correct/nguoi10_ss1/frame_0018.jpg,ss1,nguoi10,correct,-5.214819,1.786527,0.005105,0.435972,0.352944,0.402992,0.465619,-0.040736,0.511629,0.032980,-0.112674,0.163736,0.365143,0.560929,0.615795,0.641601,0.540353,0.502425
D:/BTL/repo/smart-posture-monitor/data/raw/correct/nguoi10_ss1/frame_0019.jpg,ss1,nguoi10,correct,-5.343943,4.318398,0.014262,0.417196,0.353923,0.381722,0.470885,-0.055942,0.490844,0.035474,-0.116962,0.189399,0.344301,0.547096,0.606172,0.619632,0.514071,0.492552
D:/BTL/repo/smart-posture-monitor/data/raw/correct/nguoi10_ss1/frame_0020.jpg,ss1,nguoi10,correct,-4.987504,5.774189,0.019870,0.387942,0.301656,0.356441,0.422537,-0.076204,0.465105,0.031501,-0.120881,0.197494,0.338496,0.491422,0.552800,0.615986,0.508743,0.492085
D:/BTL/repo/smart-posture-monitor/data/raw/correct/nguoi10_ss1/frame_0021.jpg,ss1,nguoi10,correct,-8.455620,5.857455,0.020747,0.434683,0.264196,0.397706,0.389834,-0.064809,0.430912,0.036977,-0.125638,0.203292,0.365044,0.508673,0.556903,0.699153,0.575665,0.526580
D:/BTL/repo/smart-posture-monitor/data/raw/correct/nguoi10_ss1/frame_0022.jpg,ss1,nguoi10,correct,-8.519786,9.679095,0.035257,0.390010,0.281719,0.347224,0.407957,-0.098223,0.425234,0.042786,-0.126238,0.209699,0.343866,0.481117,0.535718,0.631103,0.504703,0.508889
D:/BTL/repo/smart-posture-monitor/data/raw/correct/nguoi10_ss1/frame_0023.jpg,ss1,nguoi10,correct,-6.674504,5.938072,0.022852,0.400949,0.276495,0.368020,0.405683,-0.079130,0.441896,0.032929,-0.129188,0.220890,0.340645,0.487042,0.547739,0.648720,0.531532,0.507773
D:/BTL/repo/smart-posture-monitor/data/raw/correct/nguoi10_ss1/frame_0024.jpg,ss1,nguoi10,correct,1.215465,-7.760899,-0.021906,0.643831,0.780062,0.562247,0.925923,-0.028170,0.887585,0.081585,-0.145861,0.162223,0.512424,1.011442,1.083261,0.591291,0.481136,0.680549
D:/BTL/repo/smart-posture-monitor/data/raw/correct/nguoi10_ss1/frame_0025.jpg,ss1,nguoi10,correct,6.822937,-14.775616,-0.052056,0.780319,0.706211,0.724820,0.880887,0.056590,0.942370,0.055500,-0.174676,0.204113,0.570650,1.052441,1.140756,0.702362,0.599566,0.761285
D:/BTL/repo/smart-posture-monitor/data/raw/correct/nguoi10_ss1/frame_0026.jpg,ss1,nguoi10,correct,3.310732,-16.442322,-0.064841,0.823680,0.765428,0.770062,0.956222,0.057760,1.036885,0.053619,-0.190794,0.229081,0.604374,1.124424,1.227744,0.698002,0.596159,0.812603
D:/BTL/repo/smart-posture-monitor/data/raw/correct/nguoi10_ss1/frame_0027.jpg,ss1,nguoi10,correct,1.192877,-19.527281,-0.069675,0.709499,0.805166,0.655466,0.960328,-0.005960,1.004190,0.054033,-0.155162,0.208448,0.563269,1.073164,1.162698,0.621015,0.529611,0.742625
D:/BTL/repo/smart-posture-monitor/data/raw/correct/nguoi10_ss1/frame_0028.jpg,ss1,nguoi10,correct,-7.039979,9.656948,0.034984,0.367737,0.320924,0.327638,0.443590,-0.104497,0.460083,0.040099,-0.122666,0.208549,0.331086,0.488080,0.551470,0.578070,0.463119,0.492310
D:/BTL/repo/smart-posture-monitor/data/raw/correct/nguoi10_ss1/frame_0029.jpg,ss1,nguoi10,correct,-4.168924,0.432858,0.001791,0.245409,0.261407,0.233591,0.393800,-0.149780,0.463563,0.011818,-0.132393,0.237020,0.274127,0.358551,0.457868,0.425018,0.357157,0.443893
D:/BTL/repo/smart-posture-monitor/data/raw/correct/nguoi10_ss1/frame_0030.jpg,ss1,nguoi10,correct,-4.366817,3.553047,0.015183,0.199980,0.247767,0.182262,0.379439,-0.189824,0.418593,0.017717,-0.131673,0.244994,0.254161,0.318403,0.420944,0.353434,0.285771,0.425592
D:/BTL/repo/smart-posture-monitor/data/raw/correct/nguoi10_ss1/frame_0031.jpg,ss1,nguoi10,correct,0.429851,-5.132169,-0.020751,0.215506,0.209592,0.220878,0.334131,-0.132120,0.450372,-0.005373,-0.124539,0.231976,0.260004,0.300619,0.400538,0.392208,0.359173,0.422870
D:/BTL/repo/smart-posture-monitor/data/raw/correct/nguoi10_ss1/frame_0032.jpg,ss1,nguoi10,correct,-0.590457,-4.162441,-0.016203,0.179246,0.208166,0.182966,0.332136,-0.170273,0.450710,-0.003720,-0.123970,0.223234,0.265947,0.274704,0.379197,0.328045,0.300288,0.425431
D:/BTL/repo/smart-posture-monitor/data/raw/correct/nguoi10_ss1/frame_0033.jpg,ss1,nguoi10,correct,-2.271520,-5.503768,-0.021480,0.187928,0.242867,0.189941,0.366431,-0.170536,0.456531,-0.002013,-0.123564,0.223960,0.261353,0.307085,0.412734,0.334100,0.301202,0.417311
D:/BTL/repo/smart-posture-monitor/data/raw/correct/nguoi10_ss1/frame_0034.jpg,ss1,nguoi10,correct,-0.564940,-4.755882,-0.018508,0.247975,0.192030,0.248850,0.318453,-0.139788,0.435118,-0.000875,-0.126422,0.223224,0.297480,0.313636,0.404152,0.455385,0.408178,0.457660
D:/BTL/repo/smart-posture-monitor/data/raw/correct/nguoi10_ss1/frame_0035.jpg,ss1,nguoi10,correct,-0.549517,1.715430,0.005649,0.275331,0.243801,0.259122,0.355951,-0.138054,0.433122,0.016210,-0.112150,0.188700,0.313255,0.367759,0.440279,0.481225,0.408636,0.454676
D:/BTL/repo/smart-posture-monitor/data/raw/correct/nguoi10_ss1/frame_0036.jpg,ss1,nguoi10,correct,-3.084763,-1.186205,-0.003706,0.393382,0.216770,0.379443,0.340379,-0.040158,0.443536,0.013939,-0.123609,0.179035,0.345297,0.449153,0.509740,0.677733,0.581918,0.489265
D:/BTL/repo/smart-posture-monitor/data/raw/correct/nguoi10_ss1/frame_0037.jpg,ss1,nguoi10,correct,-2.291651,0.146943,0.000470,0.421928,0.185396,0.406838,0.312149,-0.035223,0.428803,0.015090,-0.126753,0.183150,0.369464,0.460863,0.512790,0.739220,0.633303,0.517913
D:/BTL/repo/smart-posture-monitor/data/raw/correct/nguoi10_ss1/frame_0038.jpg,ss1,nguoi10,correct,0.692820,-6.072190,-0.022482,0.202794,0.152187,0.211938,0.272065,-0.141078,0.424650,-0.009144,-0.119878,0.212529,0.284884,0.253548,0.344873,0.385179,0.365921,0.438730
D:/BTL/repo/smart-posture-monitor/data/raw/correct/nguoi10_ss1/frame_0039.jpg,ss1,nguoi10,correct,-0.122985,-3.770115,-0.013412,0.223181,0.157790,0.227182,0.275324,-0.134066,0.418731,-0.004001,-0.117533,0.203975,0.293288,0.273327,0.356952,0.421563,0.389960,0.442398
D:/BTL/repo/smart-posture-monitor/data/raw/correct/nguoi10_ss1/frame_0040.jpg,ss1,nguoi10,correct,1.550160,-5.633488,-0.020920,0.241188,0.149482,0.248756,0.271869,-0.118098,0.425318,-0.007569,-0.122387,0.213114,0.297437,0.283754,0.368500,0.457232,0.426402,0.452959
D:/BTL/repo/smart-posture-monitor/data/raw/correct/nguoi10_ss1/frame_0041.jpg,ss1,nguoi10,correct,0.932638,-5.294418,-0.020037,0.239779,0.207816,0.238602,0.325789,-0.136917,0.422141,0.001177,-0.117973,0.217153,0.280997,0.317303,0.403818,0.435393,0.389569,0.433399
D:/BTL/repo/smart-posture-monitor/data/raw/correct/nguoi10_ss1/frame_0042.jpg,ss1,nguoi10,correct,1.141631,-5.679242,-0.020882,0.220726,0.190950,0.223795,0.308405,-0.138894,0.417947,-0.003068,-0.117455,0.211018,0.276096,0.291859,0.381048,0.407279,0.372752,0.425270
D:/BTL/repo/smart-posture-monitor/data/raw/correct/nguoi10_ss1/frame_0043.jpg,ss1,nguoi10,correct,2.755388,-6.848477,-0.026849,0.218937,0.177937,0.224597,0.300941,-0.139698,0.420792,-0.005660,-0.123004,0.225163,0.274028,0.282126,0.375512,0.407977,0.376669,0.433126
D:/BTL/repo/smart-posture-monitor/data/raw/correct/nguoi10_ss1/frame_0044.jpg,ss1,nguoi10,correct,1.090733,-1.580579,-0.005485,0.256347,0.195059,0.249951,0.308896,-0.121079,0.397629,0.006396,-0.113837,0.198857,0.284925,0.322121,0.397357,0.468982,0.413657,0.428352
D:/BTL/repo/smart-posture-monitor/data/raw/correct/nguoi10_ss1/frame_0045.jpg,ss1,nguoi10,correct,-1.145443,1.649068,0.004381,0.434733,0.189082,0.418837,0.305993,0.003154,0.418203,0.015896,-0.116911,0.152233,0.358350,0.474072,0.518706,0.753636,0.651875,0.488627
D:/BTL/repo/smart-posture-monitor/data/raw/correct/nguoi10_ss1/frame_0046.jpg,ss1,nguoi10,correct,-1.362859,-0.672367,-0.001760,0.489741,0.221268,0.470572,0.335759,0.060573,0.425606,0.019169,-0.114490,0.149966,0.346633,0.537406,0.578076,0.792667,0.689962,0.475331
D:/BTL/repo/smart-posture-monitor/data/raw/correct/nguoi10_ss1/frame_0047.jpg,ss1,nguoi10,correct,-1.634912,-1.471850,-0.003627,0.521757,0.255627,0.501181,0.371052,0.087510,0.458007,0.020577,-0.115426,0.141193,0.353504,0.581013,0.623588,0.796698,0.696674,0.479091
D:/BTL/repo/smart-posture-monitor/data/raw/correct/nguoi10_ss1/frame_0048.jpg,ss1,nguoi10,correct,-2.486866,-4.026836,-0.009264,0.495716,0.262273,0.475946,0.377244,0.067939,0.467762,0.019770,-0.114971,0.131923,0.352821,0.560822,0.607320,0.767370,0.668309,0.474571
D:/BTL/repo/smart-posture-monitor/data/raw/correct/nguoi10_ss1/frame_0049.jpg,ss1,nguoi10,correct,-1.965590,-4.261982,-0.010249,0.520828,0.269697,0.500000,0.388591,0.073681,0.481840,0.020828,-0.118894,0.137915,0.368252,0.586514,0.633248,0.785354,0.684257,0.494920
D:/BTL/repo/smart-posture-monitor/data/raw/correct/nguoi10_ss1/frame_0050.jpg,ss1,nguoi10,correct,-1.791594,-13.016235,-0.040891,0.618244,0.808823,0.553602,0.956423,-0.089512,0.979516,0.064642,-0.147600,0.181553,0.554676,1.018047,1.105088,0.562675,0.465038,0.728048
D:/BTL/repo/smart-posture-monitor/data/raw/correct/nguoi10_ss1/frame_0051.jpg,ss1,nguoi10,correct,-0.756548,-2.434262,-0.006227,0.432166,0.215864,0.419548,0.325613,0.028887,0.432449,0.012618,-0.109749,0.146610,0.333939,0.483079,0.531079,0.730563,0.640091,0.457759
D:/BTL/repo/smart-posture-monitor/data/raw/correct/nguoi10_ss1/frame_0052.jpg,ss1,nguoi10,correct,-0.896211,-2.040988,-0.005151,0.449647,0.222088,0.434743,0.333728,0.032823,0.438599,0.014904,-0.111640,0.144632,0.345158,0.501503,0.548066,0.747546,0.652484,0.469702
D:/BTL/repo/smart-posture-monitor/data/raw/correct/nguoi10_ss1/frame_0053.jpg,ss1,nguoi10,correct,1.463559,-7.054576,-0.021520,0.351032,0.219898,0.350320,0.336420,-0.021711,0.460269,0.000712,-0.116521,0.175226,0.306693,0.414221,0.485698,0.613377,0.546237,0.443527
D:/BTL/repo/smart-posture-monitor/data/raw/correct/nguoi10_ss1/frame_0054.jpg,ss1,nguoi10,correct,0.716533,-5.704129,-0.018228,0.344140,0.234900,0.338690,0.352340,-0.038819,0.450922,0.005450,-0.117439,0.183392,0.299923,0.416666,0.488727,0.594308,0.522185,0.439685
D:/BTL/repo/smart-posture-monitor/data/raw/correct/nguoi10_ss1/frame_0055.jpg,ss1,nguoi10,correct,0.667745,-2.564199,-0.007926,0.353421,0.237252,0.343332,0.352541,-0.036709,0.445962,0.010089,-0.115289,0.177153,0.304968,0.425670,0.492100,0.606905,0.528268,0.442449
D:/BTL/repo/smart-posture-monitor/data/raw/correct/nguoi10_ss1/frame_0056.jpg,ss1,nguoi10,correct,0.522947,-1.347016,-0.003979,0.378848,0.244363,0.364251,0.359384,-0.025892,0.446571,0.014596,-0.115021,0.169258,0.317194,0.450821,0.511699,0.639440,0.551828,0.452440
D:/BTL/repo/smart-posture-monitor/data/raw/correct/nguoi10_ss1/frame_0057.jpg,ss1,nguoi10,correct,0.878020,-4.663877,-0.015802,0.339113,0.245933,0.331552,0.367917,-0.049144,0.458489,0.007561,-0.121984,0.194339,0.295642,0.418904,0.495267,0.580526,0.504663,0.442632
D:/BTL/repo/smart-posture-monitor/data/raw/correct/nguoi10_ss1/frame_0058.jpg,ss1,nguoi10,correct,1.568217,-7.065204,-0.025023,0.233671,0.227051,0.239265,0.344197,-0.082127,0.446660,-0.005595,-0.117147,0.203438,0.238091,0.325813,0.419189,0.418025,0.383663,0.384651
D:/BTL/repo/smart-posture-monitor/data/raw/correct/nguoi10_ss1/frame_0059.jpg,ss1,nguoi10,correct,0.338166,4.507738,0.014286,0.298905,0.244513,0.280334,0.353739,-0.079429,0.413803,0.018571,-0.109225,0.181772,0.277422,0.386175,0.451351,0.518901,0.440374,0.414482
D:/BTL/repo/smart-posture-monitor/data/raw/correct/nguoi10_ss1/frame_0060.jpg,ss1,nguoi10,correct,-0.190154,-15.738348,-0.052256,0.686235,0.787057,0.631515,0.952439,-0.024846,1.023445,0.054720,-0.165381,0.192652,0.565430,1.044212,1.142782,0.614801,0.517533,0.749344
D:/BTL/repo/smart-posture-monitor/data/raw/correct/nguoi10_ss1/frame_0061.jpg,ss1,nguoi10,correct,-0.621106,-1.434471,-0.004143,0.390900,0.259323,0.377423,0.370895,-0.007793,0.461056,0.013477,-0.111572,0.165510,0.315052,0.469096,0.529161,0.646537,0.561968,0.446825
D:/BTL/repo/smart-posture-monitor/data/raw/correct/nguoi10_ss1/frame_0062.jpg,ss1,nguoi10,correct,-0.785397,-1.870552,-0.005392,0.400873,0.262390,0.388115,0.372534,0.000922,0.464239,0.012757,-0.110144,0.165197,0.317376,0.479111,0.537973,0.657817,0.574111,0.447999
D:/BTL/repo/smart-posture-monitor/data/raw/correct/nguoi10_ss1/frame_0063.jpg,ss1,nguoi10,correct,-0.340711,-2.725001,-0.007727,0.400196,0.260961,0.387704,0.371289,-0.000505,0.461831,0.012492,-0.110328,0.162528,0.319038,0.477763,0.536815,0.657864,0.574324,0.448231
D:/BTL/repo/smart-posture-monitor/data/raw/correct/nguoi10_ss1/frame_0064.jpg,ss1,nguoi10,correct,-1.047647,-2.216049,-0.006357,0.404898,0.273492,0.389812,0.385700,-0.004555,0.468918,0.015086,-0.112208,0.164393,0.322327,0.488611,0.548378,0.655770,0.568679,0.453699
D:/BTL/repo/smart-posture-monitor/data/raw/correct/nguoi10_ss1/frame_0065.jpg,ss1,nguoi10,correct,-0.450094,-8.300079,-0.026973,0.633442,0.868710,0.558687,1.018991,-0.087784,1.013749,0.074755,-0.150280,0.186849,0.554341,1.075131,1.162099,0.549158,0.448729,0.735665
D:/BTL/repo/smart-posture-monitor/data/raw/correct/nguoi10_ss1/frame_0066.jpg,ss1,nguoi10,correct,-0.416831,-4.070881,-0.010342,0.410370,0.220684,0.402419,0.327753,0.016930,0.453145,0.007951,-0.107069,0.145688,0.335134,0.465946,0.519002,0.698546,0.618124,0.456983
D:/BTL/repo/smart-posture-monitor/data/raw/correct/nguoi10_ss1/frame_0067.jpg,ss1,nguoi10,correct,-1.481746,-1.980973,-0.005162,0.461838,0.237486,0.449034,0.350927,0.048670,0.459747,0.012803,-0.113440,0.149342,0.342624,0.519320,0.569896,0.750190,0.657229,0.469155
D:/BTL/repo/smart-posture-monitor/data/raw/correct/nguoi10_ss1/frame_0068.jpg,ss1,nguoi10,correct,-1.635433,-1.906387,-0.004870,0.450590,0.242898,0.437420,0.358223,0.040714,0.467005,0.013170,-0.115325,0.146393,0.340578,0.511889,0.565384,0.733259,0.639885,0.467142
D:/BTL/repo/smart-posture-monitor/data/raw/correct/nguoi10_ss1/frame_0069.jpg,ss1,nguoi10,correct,1.867941,-13.404089,-0.062878,0.521932,1.019649,0.446961,1.128288,-0.164543,0.964239,0.074971,-0.108639,0.271238,0.517892,1.145468,1.213593,0.423732,0.343480,0.688707
D:/BTL/repo/smart-posture-monitor/data/raw/correct/nguoi1_ss1/frame_0001.jpg,ss1,nguoi1,correct,-1.018539,-8.129354,-0.026166,0.423192,0.827205,0.358231,0.946074,-0.108851,0.857132,0.064961,-0.118869,0.185036,0.389107,0.929172,1.011625,0.408814,0.320710,0.532884
D:/BTL/repo/smart-posture-monitor/data/raw/correct/nguoi1_ss1/frame_0002.jpg,ss1,nguoi1,correct,-1.270444,-6.553645,-0.020559,0.393846,0.825563,0.326227,0.939723,-0.123799,0.834420,0.067618,-0.114160,0.180127,0.378624,0.914696,0.994738,0.384404,0.295637,0.517720
D:/BTL/repo/smart-posture-monitor/data/raw/correct/nguoi1_ss1/frame_0003.jpg,ss1,nguoi1,correct,-0.816811,-9.133100,-0.029310,0.415564,0.774663,0.357886,0.903433,-0.106175,0.849819,0.057679,-0.128770,0.184655,0.379101,0.879088,0.971738,0.420066,0.331315,0.527125
D:/BTL/repo/smart-posture-monitor/data/raw/correct/nguoi1_ss1/frame_0004.jpg,ss1,nguoi1,correct,-1.831404,-7.025769,-0.023139,0.428679,0.793348,0.369965,0.916493,-0.096782,0.852754,0.058714,-0.123145,0.189172,0.380400,0.901758,0.988349,0.424863,0.337973,0.528808
D:/BTL/repo/smart-posture-monitor/data/raw/correct/nguoi1_ss1/frame_0005.jpg,ss1,nguoi1,correct,-0.130342,-8.632212,-0.028176,0.454576,0.758630,0.399540,0.898506,-0.070405,0.860700,0.055036,-0.139876,0.187727,0.380698,0.884398,0.983334,0.459329,0.367306,0.534811
D:/BTL/repo/smart-posture-monitor/data/raw/correct/nguoi1_ss1/frame_0006.jpg,ss1,nguoi1,correct,-1.391466,-6.911567,-0.022518,0.423950,0.768199,0.368035,0.896053,-0.092793,0.846918,0.055915,-0.127854,0.187126,0.372868,0.877418,0.968690,0.429634,0.341838,0.522704
D:/BTL/repo/smart-posture-monitor/data/raw/correct/nguoi1_ss1/frame_0007.jpg,ss1,nguoi1,correct,-1.194761,-6.326406,-0.017276,0.459613,0.876679,0.384492,0.971877,-0.073347,0.841542,0.075121,-0.095198,0.156784,0.404544,0.989854,1.045169,0.422169,0.335387,0.534117
D:/BTL/repo/smart-posture-monitor/data/raw/correct/nguoi1_ss1/frame_0008.jpg,ss1,nguoi1,correct,-1.410480,-7.068649,-0.021325,0.421850,0.815146,0.357186,0.932557,-0.100031,0.850230,0.064664,-0.117411,0.173289,0.382701,0.917834,0.998621,0.411674,0.323232,0.523059
D:/BTL/repo/smart-posture-monitor/data/raw/correct/nguoi1_ss1/frame_0009.jpg,ss1,nguoi1,correct,-1.222944,-9.198395,-0.029544,0.449685,0.799459,0.391627,0.922960,-0.084155,0.866784,0.058058,-0.123502,0.184817,0.391052,0.917252,1.002610,0.440344,0.353997,0.538069
D:/BTL/repo/smart-posture-monitor/data/raw/correct/nguoi1_ss1/frame_0010.jpg,ss1,nguoi1,correct,-1.230377,-8.708645,-0.028277,0.440314,0.804112,0.381050,0.927129,-0.086860,0.861221,0.059263,-0.123017,0.186760,0.384041,0.916773,1.002381,0.430925,0.344263,0.530258
D:/BTL/repo/smart-posture-monitor/data/raw/correct/nguoi1_ss1/frame_0011.jpg,ss1,nguoi1,correct,-0.646365,-10.211666,-0.028207,0.492404,0.801800,0.429413,0.923055,-0.050623,0.871753,0.062992,-0.121254,0.159104,0.407033,0.940928,1.018050,0.473997,0.384150,0.547515
D:/BTL/repo/smart-posture-monitor/data/raw/correct/nguoi1_ss1/frame_0012.jpg,ss1,nguoi1,correct,-1.187594,-11.336491,-0.032291,0.478015,0.805213,0.419446,0.924058,-0.059315,0.878040,0.058568,-0.118845,0.164270,0.403051,0.936411,1.014800,0.461326,0.375996,0.542243
D:/BTL/repo/smart-posture-monitor/data/raw/correct/nguoi1_ss1/frame_0013.jpg,ss1,nguoi1,correct,-1.811584,-6.302825,-0.021388,0.422696,0.792752,0.364195,0.920583,-0.098251,0.856100,0.058501,-0.127832,0.194823,0.373271,0.898402,0.990006,0.419968,0.332112,0.524784
D:/BTL/repo/smart-posture-monitor/data/raw/correct/nguoi1_ss1/frame_0014.jpg,ss1,nguoi1,correct,-0.042179,-8.624961,-0.028033,0.470034,0.776317,0.413920,0.912541,-0.064672,0.871623,0.056114,-0.136225,0.186928,0.390073,0.907524,1.002029,0.465536,0.374911,0.543133
D:/BTL/repo/smart-posture-monitor/data/raw/correct/nguoi1_ss1/frame_0015.jpg,ss1,nguoi1,correct,-1.366869,-7.685271,-0.024487,0.461690,0.769180,0.403508,0.897691,-0.066325,0.849078,0.058182,-0.128511,0.183106,0.383956,0.897104,0.984210,0.461323,0.370785,0.534026
D:/BTL/repo/smart-posture-monitor/data/raw/correct/nguoi1_ss1/frame_0016.jpg,ss1,nguoi1,correct,-1.411009,-4.056202,-0.013998,0.429034,0.775810,0.370009,0.908306,-0.093750,0.850675,0.059025,-0.132496,0.197888,0.370739,0.886539,0.980778,0.431317,0.340189,0.528117
D:/BTL/repo/smart-posture-monitor/data/raw/correct/nguoi1_ss1/frame_0017.jpg,ss1,nguoi1,correct,-0.806656,-6.523223,-0.022126,0.441279,0.774183,0.384401,0.906847,-0.081987,0.857792,0.056878,-0.132664,0.194760,0.374496,0.891115,0.984955,0.442349,0.352518,0.529904
D:/BTL/repo/smart-posture-monitor/data/raw/correct/nguoi1_ss1/frame_0018.jpg,ss1,nguoi1,correct,-1.369720,-7.275497,-0.023614,0.419553,0.840735,0.353859,0.954110,-0.097851,0.846121,0.065694,-0.113375,0.186462,0.378677,0.939606,1.017616,0.401383,0.315153,0.517431
D:/BTL/repo/smart-posture-monitor/data/raw/correct/nguoi1_ss1/frame_0019.jpg,ss1,nguoi1,correct,-1.058800,-6.045789,-0.017682,0.420743,0.831563,0.351128,0.947197,-0.102767,0.848401,0.069615,-0.115634,0.167881,0.385743,0.931945,1.010185,0.405340,0.314596,0.523780
D:/BTL/repo/smart-posture-monitor/data/raw/correct/nguoi1_ss1/frame_0020.jpg,ss1,nguoi1,correct,-0.175117,-9.505072,-0.029728,0.441292,0.778125,0.384814,0.911928,-0.083273,0.865454,0.056478,-0.133804,0.180023,0.384239,0.894548,0.989795,0.440937,0.351459,0.531785
D:/BTL/repo/smart-posture-monitor/data/raw/correct/nguoi1_ss1/frame_0021.jpg,ss1,nguoi1,correct,-1.535761,-4.765200,-0.016280,0.421017,0.792780,0.359736,0.921129,-0.101565,0.849332,0.061281,-0.128349,0.195977,0.372334,0.897639,0.988883,0.418521,0.328263,0.525634
D:/BTL/repo/smart-posture-monitor/data/raw/correct/nguoi1_ss1/frame_0022.jpg,ss1,nguoi1,correct,-0.988837,-5.731417,-0.018925,0.410341,0.796765,0.350088,0.916709,-0.099093,0.835222,0.060253,-0.119944,0.189503,0.366372,0.896222,0.981283,0.407981,0.321316,0.510883
D:/BTL/repo/smart-posture-monitor/data/raw/correct/nguoi1_ss1/frame_0023.jpg,ss1,nguoi1,correct,-1.349413,-2.932743,-0.011483,0.291519,0.779038,0.245011,0.898961,-0.153513,0.796023,0.046507,-0.119922,0.224445,0.306372,0.831796,0.931752,0.304134,0.233125,0.445355
D:/BTL/repo/smart-posture-monitor/data/raw/correct/nguoi1_ss1/frame_0024.jpg,ss1,nguoi1,correct,-0.543572,-6.017115,-0.021381,0.393678,0.763666,0.340102,0.889508,-0.110498,0.820963,0.053576,-0.125841,0.203969,0.358054,0.859168,0.952310,0.404488,0.319753,0.507421
D:/BTL/repo/smart-posture-monitor/data/raw/correct/nguoi1_ss1/frame_0025.jpg,ss1,nguoi1,correct,-0.198727,-6.128126,-0.017111,0.403099,0.855516,0.331344,0.952060,-0.106023,0.818207,0.071755,-0.096544,0.160286,0.384990,0.945726,1.008071,0.382997,0.297060,0.510488
D:/BTL/repo/smart-posture-monitor/data/raw/correct/nguoi1_ss1/frame_0026.jpg,ss1,nguoi1,correct,-0.784438,-8.639919,-0.024232,0.450487,0.849884,0.380744,0.953815,-0.075283,0.844531,0.069742,-0.103931,0.161308,0.395388,0.961895,1.027001,0.423715,0.337017,0.525797
D:/BTL/repo/smart-posture-monitor/data/raw/correct/nguoi1_ss1/frame_0027.jpg,ss1,nguoi1,correct,-0.080403,-5.804937,-0.020501,0.406586,0.766273,0.350881,0.890368,-0.100440,0.815180,0.055704,-0.124095,0.202691,0.360758,0.867460,0.957013,0.415097,0.328797,0.509379
D:/BTL/repo/smart-posture-monitor/data/raw/correct/nguoi1_ss1/frame_0028.jpg,ss1,nguoi1,correct,-0.604455,-6.338327,-0.023585,0.353420,0.813468,0.294575,0.922297,-0.131281,0.792111,0.058845,-0.108829,0.213636,0.349800,0.886925,0.968198,0.352438,0.272469,0.485172
D:/BTL/repo/smart-posture-monitor/data/raw/correct/nguoi1_ss1/frame_0029.jpg,ss1,nguoi1,correct,-0.053431,-9.453645,-0.036104,0.325032,0.740179,0.273628,0.848120,-0.148580,0.718795,0.051404,-0.107942,0.219813,0.346679,0.808400,0.891168,0.347819,0.270147,0.474094
D:/BTL/repo/smart-posture-monitor/data/raw/correct/nguoi1_ss1/frame_0030.jpg,ss1,nguoi1,correct,-1.028308,-8.431182,-0.029982,0.377289,0.795889,0.320066,0.911394,-0.128836,0.814752,0.057222,-0.115505,0.204487,0.365242,0.880787,0.965961,0.379221,0.297043,0.506477
D:/BTL/repo/smart-posture-monitor/data/raw/correct/nguoi1_ss1/frame_0031.jpg,ss1,nguoi1,correct,-1.376065,-5.296790,-0.019501,0.356702,0.760112,0.306781,0.882067,-0.129845,0.809763,0.049920,-0.121955,0.211241,0.341463,0.839647,0.933893,0.371797,0.292401,0.489074
D:/BTL/repo/smart-posture-monitor/data/raw/correct/nguoi1_ss1/frame_0032.jpg,ss1,nguoi1,correct,-2.309564,-3.612980,-0.012975,0.391182,0.737725,0.337383,0.867721,-0.121650,0.817022,0.053799,-0.129996,0.205892,0.360852,0.835022,0.931003,0.411204,0.323054,0.518926
D:/BTL/repo/smart-posture-monitor/data/raw/correct/nguoi1_ss1/frame_0033.jpg,ss1,nguoi1,correct,-0.398574,-9.445720,-0.030022,0.479934,0.733551,0.426928,0.870969,-0.053837,0.846530,0.053006,-0.137418,0.182936,0.392524,0.876603,0.969977,0.490253,0.397892,0.545596
D:/BTL/repo/smart-posture-monitor/data/raw/correct/nguoi1_ss1/frame_0034.jpg,ss1,nguoi1,correct,-1.028085,-5.657577,-0.018599,0.387323,0.819165,0.322140,0.929413,-0.125275,0.817906,0.065183,-0.110249,0.188666,0.373612,0.906118,0.983658,0.380754,0.294577,0.512600
D:/BTL/repo/smart-posture-monitor/data/raw/correct/nguoi1_ss1/frame_0035.jpg,ss1,nguoi1,correct,-1.118241,-5.694480,-0.020396,0.400002,0.797979,0.339380,0.919570,-0.123476,0.829817,0.060622,-0.121592,0.205552,0.374183,0.892620,0.980198,0.398599,0.311565,0.524445
D:/BTL/repo/smart-posture-monitor/data/raw/correct/nguoi1_ss1/frame_0036.jpg,ss1,nguoi1,correct,-1.450788,-4.694758,-0.017383,0.402792,0.785410,0.345062,0.913669,-0.115265,0.837046,0.057730,-0.128259,0.212386,0.364612,0.882672,0.976657,0.405219,0.317844,0.520624
D:/BTL/repo/smart-posture-monitor/data/raw/correct/nguoi1_ss1/frame_0037.jpg,ss1,nguoi1,correct,-1.771224,-8.349998,-0.027830,0.439807,0.790468,0.379292,0.914449,-0.096570,0.844352,0.060515,-0.123981,0.191640,0.390209,0.904583,0.989990,0.435281,0.346228,0.539077
D:/BTL/repo/smart-posture-monitor/data/raw/correct/nguoi1_ss1/frame_0038.jpg,ss1,nguoi1,correct,0.179500,-8.225609,-0.025070,0.512469,0.766415,0.451459,0.901094,-0.036945,0.856369,0.061010,-0.134679,0.175227,0.405752,0.921963,1.007861,0.503321,0.408036,0.556730
D:/BTL/repo/smart-posture-monitor/data/raw/correct/nguoi1_ss1/frame_0039.jpg,ss1,nguoi1,correct,0.104193,-8.390229,-0.025838,0.516493,0.773027,0.455124,0.903620,-0.037681,0.853714,0.061369,-0.130592,0.177078,0.410055,0.929697,1.011764,0.503836,0.410102,0.560017
D:/BTL/repo/smart-posture-monitor/data/raw/correct/nguoi1_ss1/frame_0040.jpg,ss1,nguoi1,correct,-0.274917,-6.062914,-0.020853,0.449638,0.786583,0.392311,0.915989,-0.080766,0.853613,0.057327,-0.129407,0.197434,0.381916,0.906028,0.996466,0.444902,0.356474,0.534623
D:/BTL/repo/smart-posture-monitor/data/raw/correct/nguoi1_ss1/frame_0041.jpg,ss1,nguoi1,correct,-0.071882,-6.713949,-0.021555,0.464770,0.701456,0.414654,0.842807,-0.067022,0.836235,0.050116,-0.141351,0.184369,0.390509,0.841458,0.939288,0.490481,0.396633,0.548605
D:/BTL/repo/smart-posture-monitor/data/raw/correct/nguoi1_ss1/frame_0042.jpg,ss1,nguoi1,correct,-0.811985,-7.739272,-0.027207,0.381136,0.779670,0.331168,0.899465,-0.117848,0.829355,0.049967,-0.119795,0.202034,0.358821,0.867842,0.958493,0.387878,0.309522,0.501451
D:/BTL/repo/smart-posture-monitor/data/raw/correct/nguoi1_ss1/frame_0043.jpg,ss1,nguoi1,correct,-0.651804,-9.702173,-0.031232,0.431840,0.717728,0.385143,0.855266,-0.086111,0.845480,0.046696,-0.137538,0.185324,0.380766,0.837627,0.937985,0.455248,0.367893,0.533473
D:/BTL/repo/smart-posture-monitor/data/raw/correct/nguoi1_ss1/frame_0044.jpg,ss1,nguoi1,correct,-0.781155,-7.899035,-0.026648,0.423577,0.721008,0.376452,0.860986,-0.090383,0.844646,0.047125,-0.139979,0.193903,0.371988,0.836223,0.939688,0.446639,0.358797,0.528622
D:/BTL/repo/smart-posture-monitor/data/raw/correct/nguoi1_ss1/frame_0045.jpg,ss1,nguoi1,correct,-1.800202,-4.081694,-0.014453,0.368377,0.790279,0.313422,0.907804,-0.132130,0.827412,0.054955,-0.117525,0.203047,0.355260,0.871919,0.960386,0.372982,0.292140,0.501883
D:/BTL/repo/smart-posture-monitor/data/raw/correct/nguoi1_ss1/frame_0046.jpg,ss1,nguoi1,correct,-1.840342,-3.944783,-0.015585,0.254029,0.832602,0.204624,0.930609,-0.187095,0.779619,0.049405,-0.098007,0.226549,0.320769,0.870493,0.952840,0.255118,0.190913,0.444295
D:/BTL/repo/smart-posture-monitor/data/raw/correct/nguoi1_ss1/frame_0047.jpg,ss1,nguoi1,correct,-1.239487,-7.785147,-0.027531,0.328787,0.788772,0.276371,0.900490,-0.155031,0.805331,0.052416,-0.111718,0.203243,0.348192,0.854553,0.941946,0.336997,0.261120,0.484101
D:/BTL/repo/smart-posture-monitor/data/raw/correct/nguoi1_ss1/frame_0048.jpg,ss1,nguoi1,correct,-1.574755,-7.536971,-0.028689,0.338303,0.780270,0.291162,0.897672,-0.143580,0.814595,0.047140,-0.117402,0.218725,0.340556,0.850453,0.943711,0.348391,0.274914,0.483104
D:/BTL/repo/smart-posture-monitor/data/raw/correct/nguoi1_ss1/frame_0049.jpg,ss1,nguoi1,correct,-1.582772,-7.063128,-0.026791,0.343452,0.781728,0.293524,0.902812,-0.149130,0.823785,0.049929,-0.121083,0.217878,0.347073,0.853849,0.949329,0.352756,0.275855,0.494374
D:/BTL/repo/smart-posture-monitor/data/raw/correct/nguoi1_ss1/frame_0050.jpg,ss1,nguoi1,correct,-0.293779,-11.446486,-0.033765,0.473446,0.694712,0.427204,0.836267,-0.044720,0.851761,0.046242,-0.141555,0.170140,0.388549,0.840700,0.939066,0.500700,0.409190,0.541444
D:/BTL/repo/smart-posture-monitor/data/raw/correct/nguoi1_ss1/frame_0051.jpg,ss1,nguoi1,correct,-1.487624,-6.195237,-0.022135,0.386053,0.792163,0.328580,0.913326,-0.130371,0.833168,0.057473,-0.121162,0.205109,0.368467,0.881226,0.970633,0.388217,0.303897,0.518049
D:/BTL/repo/smart-posture-monitor/data/raw/correct/nguoi1_ss1/frame_0052.jpg,ss1,nguoi1,correct,-0.124712,-9.322685,-0.029585,0.464183,0.717509,0.415100,0.862251,-0.066161,0.859404,0.049083,-0.144742,0.182633,0.391548,0.854567,0.956966,0.483458,0.390912,0.548998
D:/BTL/repo/smart-posture-monitor/data/raw/correct/nguoi1_ss1/frame_0053.jpg,ss1,nguoi1,correct,0.275326,-12.924974,-0.038489,0.512404,0.768351,0.458661,0.903525,-0.035195,0.882904,0.053744,-0.135174,0.172075,0.411932,0.923538,1.013276,0.502503,0.412871,0.559452
D:/BTL/repo/smart-posture-monitor/data/raw/correct/nguoi1_ss1/frame_0054.jpg,ss1,nguoi1,correct,0.491875,-11.726129,-0.034172,0.548388,0.748617,0.491143,0.887406,-0.014588,0.870915,0.057245,-0.138789,0.168142,0.424744,0.927986,1.014254,0.538054,0.442908,0.576107
D:/BTL/repo/smart-posture-monitor/data/raw/correct/nguoi1_ss1/frame_0055.jpg,ss1,nguoi1,correct,0.351188,-9.881124,-0.029613,0.534045,0.772691,0.472538,0.908766,-0.029740,0.870712,0.061508,-0.136076,0.172563,0.420611,0.939284,1.024279,0.517412,0.421866,0.572243
D:/BTL/repo/smart-posture-monitor/data/raw/correct/nguoi1_ss1/frame_0056.jpg,ss1,nguoi1,correct,0.478972,-13.240132,-0.036092,0.574453,0.741867,0.517775,0.880752,0.008212,0.874510,0.056677,-0.138885,0.157583,0.433547,0.938277,1.021673,0.560092,0.465022,0.581570
D:/BTL/repo/smart-posture-monitor/data/raw/correct/nguoi1_ss1/frame_0057.jpg,ss1,nguoi1,correct,0.336231,-10.958396,-0.034292,0.464178,0.798978,0.408443,0.925580,-0.065351,0.872850,0.055735,-0.126601,0.180392,0.391528,0.924028,1.011693,0.452419,0.366810,0.534656
D:/BTL/repo/smart-posture-monitor/data/raw/correct/nguoi1_ss1/frame_0058.jpg,ss1,nguoi1,correct,0.318176,-10.538126,-0.032543,0.510069,0.781941,0.452158,0.917929,-0.041655,0.882118,0.057912,-0.135988,0.177935,0.409669,0.933597,1.023250,0.495363,0.403397,0.560745
D:/BTL/repo/smart-posture-monitor/data/raw/correct/nguoi1_ss1/frame_0059.jpg,ss1,nguoi1,correct,0.856412,-11.662913,-0.035640,0.535824,0.770512,0.477463,0.908207,-0.023968,0.876773,0.058362,-0.137695,0.176301,0.418012,0.938508,1.026066,0.519632,0.425782,0.569788
D:/BTL/repo/smart-posture-monitor/data/raw/correct/nguoi1_ss1/frame_0060.jpg,ss1,nguoi1,correct,0.550957,-11.893873,-0.031260,0.588043,0.742153,0.530794,0.879553,0.027306,0.872390,0.057248,-0.137400,0.151676,0.429883,0.946882,1.027305,0.569695,0.474954,0.575663
D:/BTL/repo/smart-posture-monitor/data/raw/correct/nguoi1_ss1/frame_0061.jpg,ss1,nguoi1,correct,0.487282,-10.111422,-0.028689,0.553735,0.745712,0.493022,0.881924,-0.010051,0.856045,0.060713,-0.136212,0.163410,0.424546,0.928821,1.010377,0.543263,0.446161,0.574480
D:/BTL/repo/smart-posture-monitor/data/raw/correct/nguoi1_ss1/frame_0062.jpg,ss1,nguoi1,correct,-0.032319,-8.615763,-0.026814,0.459632,0.797707,0.396768,0.922671,-0.080379,0.850814,0.062864,-0.124964,0.178991,0.397904,0.920651,1.004364,0.449163,0.358240,0.542616
D:/BTL/repo/smart-posture-monitor/data/raw/correct/nguoi1_ss1/frame_0063.jpg,ss1,nguoi1,correct,2.353370,-11.513631,-0.032358,0.406002,0.682069,0.357073,0.797816,-0.079104,0.770795,0.048930,-0.115747,0.162114,0.359357,0.793761,0.874078,0.445530,0.360415,0.493154
D:/BTL/repo/smart-posture-monitor/data/raw/correct/nguoi1_ss1/frame_0064.jpg,ss1,nguoi1,correct,3.221606,-13.739989,-0.042633,0.484523,0.710006,0.437944,0.838387,-0.028907,0.820225,0.046579,-0.128381,0.179494,0.381720,0.859576,0.945880,0.503660,0.417346,0.525128
D:/BTL/repo/smart-posture-monitor/data/raw/correct/nguoi1_ss1/frame_0065.jpg,ss1,nguoi1,correct,5.109277,-18.047297,-0.052468,0.427925,0.674187,0.386268,0.785650,-0.050833,0.767174,0.041657,-0.111463,0.169360,0.359379,0.798528,0.875470,0.468955,0.390524,0.487704
D:/BTL/repo/smart-posture-monitor/data/raw/correct/nguoi1_ss1/frame_0066.jpg,ss1,nguoi1,correct,0.600241,-10.197622,-0.032047,0.475384,0.834740,0.409517,0.953539,-0.058756,0.859663,0.065867,-0.118800,0.181010,0.394802,0.960615,1.037758,0.448706,0.359925,0.534721
D:/BTL/repo/smart-posture-monitor/data/raw/correct/nguoi1_ss1/frame_0067.jpg,ss1,nguoi1,correct,1.833692,-13.638525,-0.041634,0.502378,0.794370,0.445825,0.910929,-0.031186,0.854291,0.056553,-0.116559,0.176567,0.398811,0.939898,1.014176,0.484605,0.400617,0.536918
D:/BTL/repo/smart-posture-monitor/data/raw/correct/nguoi1_ss1/frame_0068.jpg,ss1,nguoi1,correct,1.617341,-10.815630,-0.033842,0.515991,0.778778,0.457902,0.913647,-0.028670,0.869673,0.058089,-0.134869,0.180346,0.402632,0.934207,1.021971,0.501188,0.409138,0.552194
D:/BTL/repo/smart-posture-monitor/data/raw/correct/nguoi1_ss1/frame_0069.jpg,ss1,nguoi1,correct,1.273908,-10.988456,-0.035805,0.477795,0.769653,0.420177,0.893376,-0.070140,0.841989,0.057618,-0.123722,0.187841,0.404102,0.905900,0.987253,0.474393,0.385580,0.552688
D:/BTL/repo/smart-posture-monitor/data/raw/correct/nguoi1_ss1/frame_0070.jpg,ss1,nguoi1,correct,-0.795115,-8.665290,-0.028617,0.436273,0.829602,0.371276,0.945790,-0.094619,0.846186,0.064996,-0.116188,0.189942,0.389058,0.937322,1.016054,0.418892,0.331430,0.531150
D:/BTL/repo/smart-posture-monitor/data/raw/correct/nguoi1_ss1/frame_0071.jpg,ss1,nguoi1,correct,-0.034137,-8.414774,-0.029825,0.452382,0.878266,0.387311,0.995797,-0.107290,0.895249,0.065071,-0.117531,0.203808,0.410371,0.987927,1.068467,0.415968,0.331613,0.559930
D:/BTL/repo/smart-posture-monitor/data/raw/correct/nguoi1_ss1/frame_0072.jpg,ss1,nguoi1,correct,-0.449179,-5.417119,-0.018941,0.444222,0.784256,0.382228,0.909559,-0.088038,0.830549,0.061994,-0.125304,0.200636,0.380817,0.901327,0.986608,0.441205,0.349980,0.534269
D:/BTL/repo/smart-posture-monitor/data/raw/correct/nguoi1_ss1/frame_0073.jpg,ss1,nguoi1,correct,-0.130733,-9.601692,-0.028753,0.481621,0.775378,0.422576,0.901251,-0.050003,0.850565,0.059045,-0.125873,0.172384,0.393017,0.912782,0.995401,0.475320,0.385158,0.536914
D:/BTL/repo/smart-posture-monitor/data/raw/correct/nguoi1_ss1/frame_0074.jpg,ss1,nguoi1,correct,-0.389630,-7.443177,-0.023685,0.489651,0.784113,0.427148,0.907969,-0.054350,0.846030,0.062503,-0.123856,0.182835,0.397754,0.924441,1.003426,0.478452,0.386808,0.547513
D:/BTL/repo/smart-posture-monitor/data/raw/correct/nguoi1_ss1/frame_0075.jpg,ss1,nguoi1,correct,0.534180,-7.199014,-0.022225,0.504788,0.771031,0.444696,0.907776,-0.040809,0.866263,0.060092,-0.136745,0.177353,0.400996,0.921575,1.010847,0.495480,0.400697,0.553845
D:/BTL/repo/smart-posture-monitor/data/raw/correct/nguoi1_ss1/frame_0076.jpg,ss1,nguoi1,correct,-0.254802,-10.912316,-0.034604,0.428980,0.800098,0.366780,0.908733,-0.091976,0.813861,0.062200,-0.108635,0.182794,0.385684,0.907844,0.979960,0.422791,0.337382,0.521138
D:/BTL/repo/smart-posture-monitor/data/raw/correct/nguoi1_ss1/frame_0077.jpg,ss1,nguoi1,correct,-0.797460,-8.302419,-0.029657,0.416196,0.843246,0.352585,0.959760,-0.119529,0.854322,0.063611,-0.116515,0.205383,0.389529,0.940363,1.022475,0.397782,0.312745,0.535839
D:/BTL/repo/smart-posture-monitor/data/raw/correct/nguoi1_ss1/frame_0078.jpg,ss1,nguoi1,correct,-0.070545,-8.043711,-0.030057,0.395851,0.782126,0.341049,0.904236,-0.116462,0.818486,0.054801,-0.122110,0.214805,0.365340,0.876595,0.966415,0.400201,0.316811,0.513601
D:/BTL/repo/smart-posture-monitor/data/raw/correct/nguoi1_ss1/frame_0079.jpg,ss1,nguoi1,correct,0.722787,-10.540649,-0.039288,0.356669,0.750496,0.310326,0.865446,-0.130683,0.793318,0.046343,-0.114950,0.214765,0.347766,0.830937,0.919401,0.374855,0.299604,0.489230
D:/BTL/repo/smart-posture-monitor/data/raw/correct/nguoi1_ss1/frame_0080.jpg,ss1,nguoi1,correct,0.330482,-9.139352,-0.033063,0.304011,0.728947,0.258626,0.836009,-0.152073,0.751202,0.045384,-0.107062,0.208156,0.324189,0.789802,0.875100,0.330429,0.258747,0.456627
D:/BTL/repo/smart-posture-monitor/data/raw/correct/nguoi1_ss1/frame_0081.jpg,ss1,nguoi1,correct,-0.468257,-7.655505,-0.027526,0.291580,0.745028,0.242563,0.851635,-0.163938,0.756159,0.049017,-0.106607,0.206626,0.323134,0.800054,0.885505,0.313413,0.240209,0.455654
D:/BTL/repo/smart-posture-monitor/data/raw/correct/nguoi1_ss1/frame_0082.jpg,ss1,nguoi1,correct,-1.015371,-6.948249,-0.023904,0.447708,0.777611,0.389089,0.909769,-0.078707,0.849657,0.058619,-0.132158,0.197595,0.376681,0.897285,0.989479,0.446532,0.355564,0.531322
D:/BTL/repo/smart-posture-monitor/data/raw/correct/nguoi1_ss1/frame_0083.jpg,ss1,nguoi1,correct,-0.821119,-5.602074,-0.018815,0.455952,0.761429,0.400877,0.894686,-0.068646,0.855949,0.055076,-0.133257,0.192736,0.376704,0.887506,0.980390,0.459435,0.369502,0.533046
D:/BTL/repo/smart-posture-monitor/data/raw/correct/nguoi1_ss1/frame_0084.jpg,ss1,nguoi1,correct,-0.553374,-4.836963,-0.019307,0.331008,0.762292,0.287211,0.888753,-0.137180,0.809084,0.043796,-0.126461,0.228968,0.322915,0.831057,0.934009,0.346881,0.273387,0.470520
D:/BTL/repo/smart-posture-monitor/data/raw/correct/nguoi1_ss1/frame_0085.jpg,ss1,nguoi1,correct,1.681388,-3.333222,-0.013627,0.090050,0.633595,0.082487,0.737604,-0.217001,0.644121,0.007563,-0.104009,0.234370,0.208245,0.639962,0.742202,0.111142,0.092296,0.307232
D:/BTL/repo/smart-posture-monitor/data/raw/correct/nguoi1_ss1_2/frame_0001.jpg,ss1_2,nguoi1,correct,-1.464082,-5.278275,-0.015958,0.299803,0.787116,0.235797,0.876005,-0.161843,0.726977,0.064006,-0.088889,0.173465,0.348631,0.842279,0.907185,0.309980,0.229040,0.465546
D:/BTL/repo/smart-posture-monitor/data/raw/correct/nguoi1_ss1_2/frame_0002.jpg,ss1_2,nguoi1,correct,-1.826086,-1.595885,-0.005153,0.285212,0.802699,0.220641,0.895185,-0.167938,0.728738,0.064572,-0.092486,0.185036,0.340943,0.851864,0.921975,0.291952,0.211446,0.459146
D:/BTL/repo/smart-posture-monitor/data/raw/correct/nguoi1_ss1_2/frame_0003.jpg,ss1_2,nguoi1,correct,-0.391192,-2.786773,-0.007953,0.263507,0.806313,0.196902,0.877211,-0.174534,0.695355,0.066605,-0.070897,0.163575,0.344218,0.848279,0.899038,0.270163,0.192246,0.451875
D:/BTL/repo/smart-posture-monitor/data/raw/correct/nguoi1_ss1_2/frame_0004.jpg,ss1_2,nguoi1,correct,-0.653386,-6.403973,-0.018504,0.284687,0.796058,0.219804,0.877667,-0.168996,0.716980,0.064883,-0.081609,0.165900,0.350343,0.845432,0.904773,0.293122,0.213776,0.460523
D:/BTL/repo/smart-posture-monitor/data/raw/correct/nguoi1_ss1_2/frame_0005.jpg,ss1_2,nguoi1,correct,-1.381078,-7.540833,-0.023141,0.294376,0.777446,0.235417,0.864907,-0.161111,0.724156,0.058959,-0.087461,0.176333,0.344615,0.831312,0.896373,0.307332,0.230828,0.458594
D:/BTL/repo/smart-posture-monitor/data/raw/correct/nguoi1_ss1_2/frame_0006.jpg,ss1_2,nguoi1,correct,-0.765903,-3.647018,-0.010510,0.302828,0.786283,0.236343,0.873169,-0.154863,0.719703,0.066486,-0.086886,0.165228,0.347166,0.842583,0.904589,0.313104,0.230095,0.462509
D:/BTL/repo/smart-posture-monitor/data/raw/correct/nguoi1_ss1_2/frame_0007.jpg,ss1_2,nguoi1,correct,-0.926057,-5.831718,-0.017775,0.303424,0.786633,0.242410,0.875698,-0.150553,0.731170,0.061014,-0.089066,0.174938,0.342257,0.843123,0.908631,0.313580,0.235252,0.457353
D:/BTL/repo/smart-posture-monitor/data/raw/correct/nguoi1_ss1_2/frame_0008.jpg,ss1_2,nguoi1,correct,-0.515843,-5.061650,-0.015360,0.313245,0.782011,0.250306,0.870004,-0.144065,0.722814,0.062939,-0.087992,0.174100,0.344441,0.842415,0.905295,0.324230,0.243728,0.461125
D:/BTL/repo/smart-posture-monitor/data/raw/correct/nguoi1_ss1_2/frame_0009.jpg,ss1_2,nguoi1,correct,-1.036785,-3.842722,-0.011295,0.313617,0.779348,0.251317,0.866774,-0.127329,0.720814,0.062300,-0.087426,0.168543,0.331289,0.840083,0.902473,0.325332,0.245329,0.444814
D:/BTL/repo/smart-posture-monitor/data/raw/correct/nguoi1_ss1_2/frame_0010.jpg,ss1_2,nguoi1,correct,-2.059507,-3.969053,-0.011681,0.282653,0.782247,0.223459,0.862342,-0.152001,0.710972,0.059193,-0.080094,0.168764,0.330998,0.831747,0.890824,0.294670,0.220025,0.440459
D:/BTL/repo/smart-posture-monitor/data/raw/correct/nguoi1_ss1_2/frame_0011.jpg,ss1_2,nguoi1,correct,-0.137470,-2.509949,-0.007628,0.284206,0.809358,0.222156,0.899795,-0.170023,0.749116,0.062050,-0.090436,0.174181,0.342050,0.857808,0.926814,0.289328,0.212035,0.458206
D:/BTL/repo/smart-posture-monitor/data/raw/correct/nguoi1_ss1_2/frame_0012.jpg,ss1_2,nguoi1,correct,-0.645778,-6.589277,-0.021298,0.313177,0.747462,0.257587,0.860272,-0.147488,0.763149,0.055589,-0.112810,0.185599,0.330929,0.810419,0.898008,0.334060,0.252527,0.460932
D:/BTL/repo/smart-posture-monitor/data/raw/correct/nguoi1_ss1_2/frame_0013.jpg,ss1_2,nguoi1,correct,-1.240186,-2.482012,-0.007940,0.292692,0.777925,0.231883,0.881093,-0.171393,0.761459,0.060808,-0.103168,0.183343,0.335305,0.831165,0.911095,0.305569,0.224432,0.464377
D:/BTL/repo/smart-posture-monitor/data/raw/correct/nguoi1_ss1_2/frame_0014.jpg,ss1_2,nguoi1,correct,0.252297,-7.011377,-0.022075,0.298552,0.790111,0.237573,0.886824,-0.165283,0.748225,0.060979,-0.096713,0.180845,0.347028,0.844636,0.918095,0.307983,0.228623,0.465723
D:/BTL/repo/smart-posture-monitor/data/raw/correct/nguoi1_ss1_2/frame_0015.jpg,ss1_2,nguoi1,correct,-0.347093,0.086794,0.000275,0.252709,0.781963,0.190897,0.873444,-0.180404,0.718426,0.061812,-0.091481,0.181598,0.320420,0.821783,0.894061,0.265240,0.187136,0.437748
D:/BTL/repo/smart-posture-monitor/data/raw/correct/nguoi1_ss1_2/frame_0016.jpg,ss1_2,nguoi1,correct,-0.789704,-4.913426,-0.013535,0.344488,0.781527,0.281524,0.871217,-0.118543,0.748584,0.062964,-0.089690,0.158026,0.346420,0.854082,0.915573,0.353779,0.272191,0.464202
D:/BTL/repo/smart-posture-monitor/data/raw/correct/nguoi1_ss1_2/frame_0017.jpg,ss1_2,nguoi1,correct,0.905594,-10.023998,-0.026111,0.394725,0.763928,0.336681,0.862054,-0.076960,0.773752,0.058045,-0.098126,0.150014,0.354574,0.859880,0.925468,0.405338,0.323932,0.471787
D:/BTL/repo/smart-posture-monitor/data/raw/correct/nguoi1_ss1_2/frame_0019.jpg,ss1_2,nguoi1,correct,-0.842583,-6.609072,-0.021294,0.274173,0.745128,0.228507,0.837248,-0.137353,0.723317,0.045666,-0.092120,0.185015,0.300961,0.793969,0.867871,0.295907,0.229656,0.412103
D:/BTL/repo/smart-posture-monitor/data/raw/correct/nguoi1_ss1_2/frame_0020.jpg,ss1_2,nguoi1,correct,-0.557112,-6.761874,-0.022733,0.267210,0.704269,0.229598,0.816528,-0.143880,0.748771,0.037612,-0.112259,0.193076,0.288668,0.753257,0.848194,0.299699,0.234866,0.413492
D:/BTL/repo/smart-posture-monitor/data/raw/correct/nguoi1_ss1_2/frame_0021.jpg,ss1_2,nguoi1,correct,-0.938399,-3.492626,-0.011926,0.200258,0.757754,0.162841,0.845737,-0.169739,0.718005,0.037417,-0.087983,0.195768,0.270263,0.783770,0.861271,0.216887,0.164072,0.372126
D:/BTL/repo/smart-posture-monitor/data/raw/correct/nguoi1_ss1_2/frame_0022.jpg,ss1_2,nguoi1,correct,-0.823964,-2.546002,-0.009159,0.135505,0.742342,0.111038,0.831053,-0.189619,0.704883,0.024466,-0.088711,0.206183,0.236998,0.754608,0.838438,0.150210,0.113939,0.327274
D:/BTL/repo/smart-posture-monitor/data/raw/correct/nguoi1_ss1_2/frame_0023.jpg,ss1_2,nguoi1,correct,-0.592798,-1.784893,-0.006671,0.142386,0.714569,0.117948,0.822100,-0.195236,0.723499,0.024438,-0.107531,0.214171,0.229976,0.728617,0.830518,0.161808,0.121911,0.337740
D:/BTL/repo/smart-posture-monitor/data/raw/correct/nguoi1_ss1_2/frame_0024.jpg,ss1_2,nguoi1,correct,-0.877431,-5.736831,-0.019843,0.251569,0.689010,0.218175,0.806993,-0.144933,0.750638,0.033395,-0.117983,0.198515,0.272529,0.733500,0.835965,0.287174,0.225495,0.401263
D:/BTL/repo/smart-posture-monitor/data/raw/correct/nguoi1_ss1_2/frame_0025.jpg,ss1_2,nguoi1,correct,0.258847,-4.234461,-0.013552,0.299809,0.726226,0.248490,0.829300,-0.145750,0.731937,0.051319,-0.103075,0.183535,0.320134,0.785678,0.865729,0.327010,0.250528,0.445596
D:/BTL/repo/smart-posture-monitor/data/raw/correct/nguoi1_ss1_2/frame_0026.jpg,ss1_2,nguoi1,correct,0.036704,-7.983253,-0.027065,0.326194,0.687832,0.289958,0.810213,-0.109308,0.768340,0.036235,-0.122381,0.194877,0.307799,0.761259,0.860535,0.365587,0.294586,0.442880
D:/BTL/repo/smart-posture-monitor/data/raw/correct/nguoi1_ss1_2/frame_0027.jpg,ss1_2,nguoi1,correct,-0.510090,-9.507500,-0.031530,0.289595,0.741737,0.247394,0.846556,-0.137986,0.758967,0.042201,-0.104819,0.190885,0.309043,0.796266,0.881964,0.312342,0.245832,0.427928
D:/BTL/repo/smart-posture-monitor/data/raw/correct/nguoi1_ss1_2/frame_0028.jpg,ss1_2,nguoi1,correct,-0.371219,-9.562099,-0.033188,0.301836,0.704411,0.264843,0.826522,-0.133659,0.768210,0.036992,-0.122111,0.199786,0.309208,0.766355,0.867917,0.335549,0.266786,0.440143
D:/BTL/repo/smart-posture-monitor/data/raw/correct/nguoi1_ss1_2/frame_0029.jpg,ss1_2,nguoi1,correct,0.954260,-13.354621,-0.040981,0.383598,0.784146,0.331838,0.884813,-0.093642,0.795380,0.051760,-0.100667,0.177425,0.356535,0.872945,0.944992,0.388630,0.313782,0.477373
D:/BTL/repo/smart-posture-monitor/data/raw/correct/nguoi1_ss1_2/frame_0030.jpg,ss1_2,nguoi1,correct,0.656851,-9.758821,-0.028683,0.356888,0.804708,0.298095,0.898282,-0.114421,0.778491,0.058794,-0.093575,0.169220,0.355413,0.880298,0.946452,0.358171,0.280916,0.472038
D:/BTL/repo/smart-posture-monitor/data/raw/correct/nguoi1_ss1_2/frame_0032.jpg,ss1_2,nguoi1,correct,-1.023348,-8.334209,-0.027437,0.308765,0.704781,0.268639,0.821761,-0.125574,0.766146,0.040127,-0.116980,0.189287,0.308462,0.769449,0.864557,0.342497,0.271500,0.438653
D:/BTL/repo/smart-posture-monitor/data/raw/correct/nguoi1_ss1_2/frame_0047.jpg,ss1_2,nguoi1,correct,0.034978,-0.391569,-0.001351,0.119507,0.713878,0.089340,0.802656,-0.208919,0.674425,0.030166,-0.088778,0.197668,0.237463,0.723812,0.807613,0.136256,0.094172,0.330788
D:/BTL/repo/smart-posture-monitor/data/raw/correct/nguoi1_ss1_2/frame_0048.jpg,ss1_2,nguoi1,correct,2.317017,-10.380989,-0.029573,0.274556,0.693603,0.239620,0.778485,-0.095532,0.691166,0.034936,-0.084882,0.164118,0.274159,0.745966,0.814528,0.310400,0.252939,0.370095
D:/BTL/repo/smart-posture-monitor/data/raw/correct/nguoi1_ss1_2/frame_0049.jpg,ss1_2,nguoi1,correct,1.589846,-8.634588,-0.022686,0.281599,0.692941,0.239516,0.766959,-0.090680,0.659299,0.042083,-0.074018,0.151107,0.281854,0.747974,0.803489,0.317996,0.255429,0.373796
D:/BTL/repo/smart-posture-monitor/data/raw/correct/nguoi1_ss1_2/frame_0051.jpg,ss1_2,nguoi1,correct,-0.593598,-2.292993,-0.006825,0.211414,0.799733,0.157302,0.864686,-0.179889,0.688989,0.054112,-0.064953,0.170584,0.309140,0.827205,0.878878,0.220157,0.156033,0.406672
D:/BTL/repo/smart-posture-monitor/data/raw/correct/nguoi1_ss1_2/frame_0052.jpg,ss1_2,nguoi1,correct,-0.163600,-6.557440,-0.019096,0.250435,0.785762,0.195760,0.854808,-0.166568,0.697522,0.054674,-0.069046,0.167213,0.325307,0.824706,0.876937,0.262100,0.194834,0.426236
D:/BTL/repo/smart-posture-monitor/data/raw/correct/nguoi1_ss1_2/frame_0058.jpg,ss1_2,nguoi1,correct,0.894398,-5.906360,-0.017738,0.277956,0.790270,0.222984,0.873703,-0.152484,0.735884,0.054972,-0.083433,0.172380,0.324752,0.837727,0.901709,0.288066,0.217480,0.433862
D:/BTL/repo/smart-posture-monitor/data/raw/correct/nguoi1_ss1_2/frame_0059.jpg,ss1_2,nguoi1,correct,0.751290,-5.968841,-0.019834,0.256240,0.779481,0.208822,0.874767,-0.168756,0.754091,0.047418,-0.095286,0.190732,0.311433,0.820518,0.899347,0.269336,0.203942,0.425754
D:/BTL/repo/smart-posture-monitor/data/raw/correct/nguoi1_ss1_2/frame_0060.jpg,ss1_2,nguoi1,correct,-0.125760,-1.838096,-0.006321,0.121785,0.711926,0.093270,0.796346,-0.208695,0.671212,0.028515,-0.084420,0.197060,0.240553,0.722268,0.801790,0.139073,0.098842,0.332978
D:/BTL/repo/smart-posture-monitor/data/raw/correct/nguoi1_ss2/frame_0001.jpg,ss2,nguoi1,correct,3.431227,-5.853884,-0.016797,0.354698,0.565769,0.319061,0.676140,-0.062520,0.654490,0.035636,-0.110371,0.164689,0.301169,0.667761,0.747640,0.440860,0.362155,0.426547
D:/BTL/repo/smart-posture-monitor/data/raw/correct/nguoi1_ss2/frame_0002.jpg,ss2,nguoi1,correct,3.806494,-9.478432,-0.026955,0.358840,0.568924,0.325775,0.677960,-0.060657,0.661162,0.033065,-0.109037,0.163685,0.307202,0.672637,0.752170,0.444010,0.368437,0.429518
D:/BTL/repo/smart-posture-monitor/data/raw/correct/nguoi1_ss2/frame_0003.jpg,ss2,nguoi1,correct,3.366986,-9.132552,-0.025578,0.348740,0.562008,0.315892,0.670266,-0.064391,0.653276,0.032848,-0.108259,0.161156,0.302197,0.661417,0.740976,0.435938,0.360814,0.423092
D:/BTL/repo/smart-posture-monitor/data/raw/correct/nguoi1_ss2/frame_0004.jpg,ss2,nguoi1,correct,3.532627,-7.766529,-0.022757,0.353927,0.568167,0.320007,0.682358,-0.064902,0.665178,0.033919,-0.114190,0.168401,0.302831,0.669386,0.753669,0.439028,0.361084,0.429917
D:/BTL/repo/smart-posture-monitor/data/raw/correct/nguoi1_ss2/frame_0005.jpg,ss2,nguoi1,correct,3.531843,-7.550518,-0.021429,0.362625,0.557438,0.327705,0.672131,-0.055977,0.658652,0.034919,-0.114693,0.163083,0.303813,0.665007,0.747764,0.452947,0.372372,0.430665
D:/BTL/repo/smart-posture-monitor/data/raw/correct/nguoi1_ss2/frame_0006.jpg,ss2,nguoi1,correct,3.485323,-8.951212,-0.025456,0.357549,0.560224,0.324481,0.672080,-0.057836,0.658560,0.033068,-0.111856,0.163604,0.302651,0.664600,0.746310,0.446274,0.369080,0.426866
D:/BTL/repo/smart-posture-monitor/data/raw/correct/nguoi1_ss2/frame_0007.jpg,ss2,nguoi1,correct,3.685934,-9.128379,-0.025776,0.339937,0.573715,0.307412,0.679833,-0.066834,0.656443,0.032525,-0.106118,0.162475,0.296267,0.666863,0.746107,0.421549,0.348918,0.415098
D:/BTL/repo/smart-posture-monitor/data/raw/correct/nguoi1_ss2/frame_0008.jpg,ss2,nguoi1,correct,3.549540,-9.842451,-0.027391,0.353337,0.563586,0.321767,0.673023,-0.064474,0.665378,0.031570,-0.109437,0.160237,0.308042,0.665189,0.745985,0.440293,0.365973,0.430032
D:/BTL/repo/smart-posture-monitor/data/raw/correct/nguoi1_ss2/frame_0009.jpg,ss2,nguoi1,correct,3.840292,-10.237137,-0.027796,0.369874,0.556906,0.336099,0.666870,-0.051176,0.658725,0.033775,-0.109963,0.156400,0.311103,0.668544,0.746778,0.460966,0.382759,0.433187
D:/BTL/repo/smart-posture-monitor/data/raw/correct/nguoi1_ss2/frame_0010.jpg,ss2,nguoi1,correct,3.100085,-9.378242,-0.026342,0.367773,0.576339,0.331288,0.690293,-0.062685,0.671510,0.036485,-0.113955,0.161655,0.315846,0.683683,0.765674,0.450415,0.369918,0.440853
D:/BTL/repo/smart-posture-monitor/data/raw/correct/nguoi1_ss2/frame_0011.jpg,ss2,nguoi1,correct,3.604727,-12.865932,-0.034573,0.378350,0.535782,0.348621,0.647637,-0.037423,0.650358,0.029729,-0.111855,0.155266,0.310701,0.655905,0.735507,0.479445,0.402423,0.431271
D:/BTL/repo/smart-posture-monitor/data/raw/correct/nguoi1_ss2/frame_0012.jpg,ss2,nguoi1,correct,3.135614,-10.435552,-0.028788,0.367096,0.555915,0.332850,0.668675,-0.059413,0.659208,0.034246,-0.112760,0.158938,0.315014,0.666184,0.746937,0.458418,0.378816,0.438839
D:/BTL/repo/smart-posture-monitor/data/raw/correct/nguoi1_ss2/frame_0013.jpg,ss2,nguoi1,correct,3.452732,-11.745638,-0.032336,0.377513,0.558792,0.344680,0.670321,-0.048192,0.661667,0.032832,-0.111529,0.158845,0.316089,0.674362,0.753747,0.468266,0.390259,0.437959
D:/BTL/repo/smart-posture-monitor/data/raw/correct/nguoi1_ss2/frame_0014.jpg,ss2,nguoi1,correct,4.294445,-12.846102,-0.035209,0.389030,0.542033,0.359534,0.654546,-0.023234,0.656375,0.029495,-0.112513,0.158362,0.305976,0.667191,0.746790,0.487960,0.410935,0.427826
D:/BTL/repo/smart-posture-monitor/data/raw/correct/nguoi1_ss2/frame_0015.jpg,ss2,nguoi1,correct,3.380464,-11.871370,-0.033262,0.375410,0.550911,0.344264,0.662480,-0.042395,0.654577,0.031146,-0.111569,0.161688,0.308521,0.666660,0.746590,0.469510,0.392616,0.430473
D:/BTL/repo/smart-posture-monitor/data/raw/correct/nguoi1_ss2/frame_0016.jpg,ss2,nguoi1,correct,3.713977,-10.169923,-0.029206,0.371733,0.552644,0.340080,0.666094,-0.047727,0.658335,0.031653,-0.113450,0.165410,0.307216,0.666034,0.747887,0.464816,0.387085,0.432571
D:/BTL/repo/smart-posture-monitor/data/raw/correct/nguoi1_ss2/frame_0017.jpg,ss2,nguoi1,correct,3.042203,-12.406974,-0.037402,0.340245,0.561339,0.310748,0.667839,-0.077472,0.650217,0.029498,-0.106501,0.174080,0.305381,0.656405,0.736596,0.426873,0.356254,0.427069
D:/BTL/repo/smart-posture-monitor/data/raw/correct/nguoi1_ss2/frame_0018.jpg,ss2,nguoi1,correct,3.423910,-10.751319,-0.031083,0.325321,0.592945,0.292450,0.692189,-0.070465,0.647540,0.032871,-0.099244,0.166621,0.287440,0.676327,0.751434,0.398098,0.329554,0.399534
D:/BTL/repo/smart-posture-monitor/data/raw/correct/nguoi1_ss2/frame_0019.jpg,ss2,nguoi1,correct,2.856310,-9.274081,-0.029263,0.324518,0.546157,0.299148,0.657506,-0.073821,0.646676,0.025370,-0.111349,0.181580,0.284507,0.635295,0.722359,0.415342,0.347368,0.410827
D:/BTL/repo/smart-posture-monitor/data/raw/correct/nguoi1_ss2/frame_0020.jpg,ss2,nguoi1,correct,3.440917,-10.250045,-0.032906,0.321310,0.525702,0.301895,0.638602,-0.072286,0.646375,0.019415,-0.112901,0.184923,0.283327,0.616119,0.706366,0.419906,0.356484,0.411679
D:/BTL/repo/smart-posture-monitor/data/raw/correct/nguoi1_ss2/frame_0021.jpg,ss2,nguoi1,correct,3.190898,-10.624181,-0.031412,0.337251,0.537087,0.312469,0.646247,-0.062269,0.644528,0.024782,-0.109160,0.170378,0.291530,0.634193,0.717825,0.433508,0.365236,0.413714
D:/BTL/repo/smart-posture-monitor/data/raw/correct/nguoi1_ss2/frame_0022.jpg,ss2,nguoi1,correct,3.379691,-7.224595,-0.021631,0.346413,0.564362,0.312664,0.675707,-0.064727,0.649976,0.033750,-0.111344,0.172001,0.294350,0.662199,0.744539,0.432423,0.355688,0.419960
D:/BTL/repo/smart-posture-monitor/data/raw/correct/nguoi1_ss2/frame_0023.jpg,ss2,nguoi1,correct,4.118008,-11.420465,-0.033765,0.343913,0.567897,0.315054,0.674616,-0.057128,0.652120,0.028860,-0.106719,0.170523,0.291282,0.663915,0.744557,0.428244,0.358518,0.409790
D:/BTL/repo/smart-posture-monitor/data/raw/correct/nguoi1_ss2/frame_0024.jpg,ss2,nguoi1,correct,3.048807,-9.270693,-0.027535,0.343054,0.575038,0.308643,0.683762,-0.074219,0.652885,0.034411,-0.108724,0.170918,0.301839,0.669593,0.750194,0.424424,0.348944,0.424473
D:/BTL/repo/smart-posture-monitor/data/raw/correct/nguoi1_ss2/frame_0025.jpg,ss2,nguoi1,correct,3.857510,-5.356465,-0.014052,0.406283,0.603885,0.360448,0.714548,-0.040457,0.680206,0.045835,-0.110663,0.150527,0.328584,0.727834,0.800313,0.477935,0.390411,0.453212
D:/BTL/repo/smart-posture-monitor/data/raw/correct/nguoi1_ss2/frame_0026.jpg,ss2,nguoi1,correct,2.704423,-10.324602,-0.032945,0.293225,0.547838,0.271224,0.657443,-0.090499,0.640029,0.022001,-0.109605,0.183817,0.273411,0.621375,0.711192,0.378458,0.317309,0.394644
D:/BTL/repo/smart-posture-monitor/data/raw/correct/nguoi1_ss2/frame_0027.jpg,ss2,nguoi1,correct,4.345809,-11.389552,-0.032308,0.334434,0.564706,0.305108,0.669327,-0.061779,0.647078,0.029325,-0.104621,0.163601,0.289258,0.656307,0.735588,0.419081,0.349871,0.404684
D:/BTL/repo/smart-posture-monitor/data/raw/correct/nguoi1_ss2/frame_0028.jpg,ss2,nguoi1,correct,3.127807,-10.930727,-0.030882,0.319643,0.627118,0.280836,0.719187,-0.093891,0.651236,0.038807,-0.092069,0.162859,0.306343,0.703881,0.772074,0.379495,0.309732,0.414236
D:/BTL/repo/smart-posture-monitor/data/raw/correct/nguoi1_ss2/frame_0029.jpg,ss2,nguoi1,correct,3.695973,-11.662806,-0.030655,0.339843,0.612501,0.299161,0.703503,-0.075308,0.641196,0.040682,-0.091002,0.151646,0.310088,0.700465,0.764470,0.406374,0.333085,0.416142
D:/BTL/repo/smart-posture-monitor/data/raw/correct/nguoi1_ss2/frame_0030.jpg,ss2,nguoi1,correct,3.923510,-4.157034,-0.010074,0.381173,0.623141,0.327069,0.714299,-0.060950,0.637645,0.054104,-0.091158,0.138975,0.329018,0.730478,0.785619,0.444876,0.357891,0.442362
D:/BTL/repo/smart-posture-monitor/data/raw/correct/nguoi1_ss2/frame_0031.jpg,ss2,nguoi1,correct,5.886031,-10.806546,-0.032236,0.282227,0.568124,0.245400,0.680098,-0.153812,0.650286,0.036827,-0.111974,0.171934,0.318103,0.634363,0.723018,0.358338,0.282845,0.443713
D:/BTL/repo/smart-posture-monitor/data/raw/correct/nguoi1_ss2/frame_0032.jpg,ss2,nguoi1,correct,6.711772,-14.038931,-0.044605,0.222987,0.551747,0.198426,0.665287,-0.188081,0.651053,0.024561,-0.113540,0.183878,0.299551,0.595103,0.694247,0.292088,0.234128,0.422893
D:/BTL/repo/smart-posture-monitor/data/raw/correct/nguoi1_ss2/frame_0033.jpg,ss2,nguoi1,correct,6.321581,-12.536638,-0.039880,0.221926,0.558725,0.194440,0.670860,-0.194557,0.651321,0.027486,-0.112136,0.183724,0.301917,0.601186,0.698470,0.288782,0.228386,0.426652
D:/BTL/repo/smart-posture-monitor/data/raw/correct/nguoi1_ss2/frame_0034.jpg,ss2,nguoi1,correct,6.483790,-13.771774,-0.044516,0.229328,0.566236,0.203831,0.677756,-0.183108,0.656307,0.025497,-0.111520,0.186999,0.299336,0.610913,0.707743,0.295729,0.237462,0.422157
D:/BTL/repo/smart-posture-monitor/data/raw/correct/nguoi1_ss2/frame_0035.jpg,ss2,nguoi1,correct,1.906609,-13.444218,-0.034138,0.336146,0.611252,0.297229,0.693247,-0.063890,0.626697,0.038917,-0.081994,0.146831,0.301541,0.697584,0.754278,0.402913,0.334194,0.400333
D:/BTL/repo/smart-posture-monitor/data/raw/correct/nguoi1_ss2/frame_0036.jpg,ss2,nguoi1,correct,1.789827,-14.132905,-0.038632,0.334692,0.582972,0.303656,0.673938,-0.065180,0.641062,0.031036,-0.090966,0.158216,0.296749,0.672217,0.739188,0.412163,0.346879,0.404070
D:/BTL/repo/smart-posture-monitor/data/raw/correct/nguoi1_ss2/frame_0037.jpg,ss2,nguoi1,correct,3.469524,-15.638235,-0.043593,0.336733,0.569880,0.308359,0.662541,-0.057423,0.632700,0.028374,-0.092661,0.161716,0.292511,0.661931,0.730784,0.419559,0.355481,0.399131
D:/BTL/repo/smart-posture-monitor/data/raw/correct/nguoi1_ss2/frame_0038.jpg,ss2,nguoi1,correct,2.546842,-13.590714,-0.037922,0.323191,0.572259,0.292943,0.667800,-0.071900,0.630964,0.030248,-0.095540,0.161380,0.291797,0.657216,0.729227,0.403608,0.337521,0.399428
D:/BTL/repo/smart-posture-monitor/data/raw/correct/nguoi1_ss2/frame_0039.jpg,ss2,nguoi1,correct,2.952220,-14.441756,-0.040267,0.327539,0.570078,0.298527,0.665685,-0.065879,0.632949,0.029012,-0.095608,0.161458,0.291070,0.657473,0.729558,0.409299,0.344101,0.398410
D:/BTL/repo/smart-posture-monitor/data/raw/correct/nguoi1_ss2/frame_0040.jpg,ss2,nguoi1,correct,2.140380,-11.439944,-0.033796,0.327842,0.587976,0.296796,0.686128,-0.074712,0.643279,0.031046,-0.098151,0.170392,0.294136,0.673199,0.747569,0.402738,0.335916,0.406334
D:/BTL/repo/smart-posture-monitor/data/raw/correct/nguoi1_ss2/frame_0041.jpg,ss2,nguoi1,correct,2.360050,-12.435380,-0.036504,0.321294,0.574936,0.291215,0.671829,-0.076007,0.630846,0.030079,-0.096894,0.169520,0.290553,0.658621,0.732230,0.400466,0.334444,0.401216
D:/BTL/repo/smart-posture-monitor/data/raw/correct/nguoi1_ss2/frame_0042.jpg,ss2,nguoi1,correct,2.761298,-11.856076,-0.033555,0.327335,0.555637,0.299601,0.655370,-0.067396,0.633402,0.027734,-0.099732,0.163319,0.289682,0.644888,0.720604,0.414755,0.348538,0.402318
D:/BTL/repo/smart-posture-monitor/data/raw/correct/nguoi1_ss2/frame_0043.jpg,ss2,nguoi1,correct,2.634122,-9.692160,-0.028583,0.328656,0.573123,0.298887,0.675646,-0.078352,0.648978,0.029769,-0.102523,0.169780,0.296404,0.660670,0.738804,0.409354,0.341345,0.414016
D:/BTL/repo/smart-posture-monitor/data/raw/correct/nguoi1_ss2/frame_0044.jpg,ss2,nguoi1,correct,1.938710,-9.085884,-0.026162,0.321948,0.553054,0.292855,0.652825,-0.071667,0.625838,0.029093,-0.099771,0.165674,0.285549,0.639937,0.715503,0.409681,0.342133,0.400288
D:/BTL/repo/smart-posture-monitor/data/raw/correct/nguoi1_ss2/frame_0045.jpg,ss2,nguoi1,correct,2.973044,-10.927057,-0.032308,0.338324,0.538516,0.312961,0.646502,-0.053336,0.639286,0.025363,-0.107987,0.170439,0.283587,0.635973,0.718268,0.434125,0.365672,0.404416
D:/BTL/repo/smart-posture-monitor/data/raw/correct/nguoi1_ss2/frame_0046.jpg,ss2,nguoi1,correct,2.192003,-7.026107,-0.022215,0.254205,0.546804,0.233664,0.648980,-0.098017,0.615958,0.020541,-0.102175,0.181614,0.245553,0.603005,0.689763,0.332060,0.278003,0.358946
D:/BTL/repo/smart-posture-monitor/data/raw/correct/nguoi1_ss2/frame_0047.jpg,ss2,nguoi1,correct,3.549362,-7.552929,-0.023889,0.280963,0.568400,0.255697,0.668869,-0.075647,0.618066,0.025266,-0.100469,0.181743,0.249287,0.634049,0.716077,0.356767,0.297102,0.360052
D:/BTL/repo/smart-posture-monitor/data/raw/correct/nguoi1_ss2/frame_0048.jpg,ss2,nguoi1,correct,3.154718,-0.581523,-0.001061,0.434557,0.575243,0.375643,0.667484,-0.003273,0.595402,0.058915,-0.092241,0.104558,0.334612,0.720933,0.765925,0.518453,0.422069,0.438294
D:/BTL/repo/smart-posture-monitor/data/raw/correct/nguoi1_ss2/frame_0049.jpg,ss2,nguoi1,correct,4.237226,0.308878,0.000643,0.445458,0.570417,0.385764,0.668077,-0.008922,0.597443,0.059693,-0.097660,0.119353,0.342310,0.723746,0.771453,0.531185,0.431688,0.455183
D:/BTL/repo/smart-posture-monitor/data/raw/correct/nguoi1_ss2/frame_0050.jpg,ss2,nguoi1,correct,4.086699,-4.573802,-0.008855,0.430281,0.554836,0.376532,0.649134,-0.008366,0.598112,0.053748,-0.094299,0.111045,0.334185,0.702128,0.750435,0.523975,0.429955,0.440776
D:/BTL/repo/smart-posture-monitor/data/raw/correct/nguoi1_ss2/frame_0051.jpg,ss2,nguoi1,correct,3.928122,1.251735,0.002973,0.394356,0.594867,0.331735,0.689612,-0.058743,0.599198,0.062620,-0.094745,0.136082,0.334491,0.713711,0.765253,0.469947,0.370596,0.453119
D:/BTL/repo/smart-posture-monitor/data/raw/correct/nguoi1_ss2/frame_0052.jpg,ss2,nguoi1,correct,2.775680,-4.276879,-0.010859,0.371426,0.564508,0.323848,0.665339,-0.056857,0.611744,0.047578,-0.100831,0.145613,0.313704,0.675741,0.739969,0.459328,0.370700,0.430880
D:/BTL/repo/smart-posture-monitor/data/raw/correct/nguoi1_ss2/frame_0053.jpg,ss2,nguoi1,correct,3.349892,-6.943011,-0.019610,0.337078,0.531764,0.302320,0.638204,-0.068092,0.611229,0.034757,-0.106440,0.162222,0.292220,0.629599,0.706188,0.435539,0.357076,0.412889
D:/BTL/repo/smart-posture-monitor/data/raw/correct/nguoi1_ss2/frame_0054.jpg,ss2,nguoi1,correct,3.693483,-6.299013,-0.018198,0.341987,0.541696,0.304733,0.654647,-0.077748,0.629339,0.037254,-0.112952,0.165865,0.302016,0.640616,0.722098,0.436916,0.354232,0.428787
D:/BTL/repo/smart-posture-monitor/data/raw/correct/nguoi1_ss2/frame_0055.jpg,ss2,nguoi1,correct,4.457018,-8.113013,-0.024450,0.358174,0.512207,0.331020,0.638385,-0.051860,0.654438,0.027154,-0.126178,0.173249,0.297147,0.625015,0.719104,0.467929,0.387546,0.434001
D:/BTL/repo/smart-posture-monitor/data/raw/correct/nguoi1_ss2/frame_0056.jpg,ss2,nguoi1,correct,3.367327,-9.089301,-0.026578,0.331645,0.538911,0.302278,0.648793,-0.070850,0.637136,0.029366,-0.109882,0.168243,0.291133,0.632782,0.715755,0.426392,0.353534,0.414306
D:/BTL/repo/smart-posture-monitor/data/raw/correct/nguoi1_ss2/frame_0057.jpg,ss2,nguoi1,correct,4.310665,-11.781170,-0.033620,0.341161,0.555394,0.313404,0.663407,-0.058739,0.654713,0.027758,-0.108013,0.164663,0.292659,0.651807,0.733710,0.430315,0.360486,0.412049
D:/BTL/repo/smart-posture-monitor/data/raw/correct/nguoi1_ss2/frame_0058.jpg,ss2,nguoi1,correct,4.440970,-12.897708,-0.036515,0.320162,0.538026,0.295041,0.644036,-0.066617,0.635725,0.025121,-0.106009,0.163590,0.283176,0.626080,0.708400,0.413600,0.347305,0.398928
D:/BTL/repo/smart-posture-monitor/data/raw/correct/nguoi1_ss2/frame_0059.jpg,ss2,nguoi1,correct,4.690412,-12.766360,-0.035735,0.336466,0.538441,0.308790,0.645763,-0.063992,0.636838,0.027676,-0.107322,0.161713,0.295142,0.634924,0.715793,0.432056,0.361487,0.412369
D:/BTL/repo/smart-posture-monitor/data/raw/correct/nguoi1_ss2/frame_0060.jpg,ss2,nguoi1,correct,4.464517,-13.043749,-0.036432,0.344546,0.548034,0.315115,0.653263,-0.063473,0.639654,0.029432,-0.105229,0.161422,0.301642,0.647343,0.725293,0.437122,0.365666,0.418179
D:/BTL/repo/smart-posture-monitor/data/raw/correct/nguoi1_ss2/frame_0061.jpg,ss2,nguoi1,correct,4.101003,-11.980248,-0.032455,0.358744,0.536747,0.327650,0.640042,-0.048774,0.624077,0.031093,-0.103296,0.156355,0.301673,0.645596,0.719033,0.457666,0.383419,0.416770
D:/BTL/repo/smart-posture-monitor/data/raw/correct/nguoi1_ss2/frame_0062.jpg,ss2,nguoi1,correct,3.863239,-9.263835,-0.025454,0.367901,0.541303,0.335509,0.649246,-0.044767,0.638611,0.032393,-0.107942,0.158119,0.303149,0.654493,0.730812,0.465681,0.388350,0.423986
D:/BTL/repo/smart-posture-monitor/data/raw/correct/nguoi1_ss2/frame_0063.jpg,ss2,nguoi1,correct,3.886829,-10.396306,-0.028259,0.369869,0.542224,0.336546,0.649226,-0.046313,0.635004,0.033323,-0.107001,0.156597,0.307156,0.656361,0.731271,0.467405,0.389430,0.426398
D:/BTL/repo/smart-posture-monitor/data/raw/correct/nguoi1_ss2/frame_0064.jpg,ss2,nguoi1,correct,3.823149,-8.505752,-0.024633,0.342249,0.544599,0.309706,0.656223,-0.081149,0.642145,0.032543,-0.111623,0.166540,0.309628,0.643213,0.725635,0.435995,0.358977,0.434489
D:/BTL/repo/smart-posture-monitor/data/raw/correct/nguoi1_ss2/frame_0065.jpg,ss2,nguoi1,correct,2.908804,-7.784358,-0.021697,0.350896,0.555386,0.315883,0.662693,-0.065986,0.638929,0.035012,-0.107307,0.160190,0.304486,0.656949,0.734129,0.441056,0.363313,0.425170
D:/BTL/repo/smart-posture-monitor/data/raw/correct/nguoi1_ss2/frame_0066.jpg,ss2,nguoi1,correct,3.867932,-11.184418,-0.030219,0.359200,0.558398,0.326344,0.662704,-0.051236,0.642459,0.032855,-0.104307,0.155793,0.303231,0.663952,0.738700,0.448835,0.374176,0.418956
D:/BTL/repo/smart-posture-monitor/data/raw/correct/nguoi1_ss2/frame_0067.jpg,ss2,nguoi1,correct,3.952914,-12.286689,-0.033554,0.359325,0.554917,0.328990,0.659186,-0.047640,0.642472,0.030335,-0.104269,0.157677,0.301463,0.661095,0.736723,0.450453,0.378120,0.416276
D:/BTL/repo/smart-posture-monitor/data/raw/correct/nguoi1_ss2/frame_0068.jpg,ss2,nguoi1,correct,3.847181,-12.572267,-0.034689,0.358990,0.557525,0.328443,0.662694,-0.055232,0.648016,0.030547,-0.105168,0.159366,0.307575,0.663105,0.739620,0.448979,0.376347,0.423992
D:/BTL/repo/smart-posture-monitor/data/raw/correct/nguoi2_ss2/frame_0001.jpg,ss2,nguoi2,correct,5.284397,-11.317720,-0.049097,0.476469,0.741445,0.428477,0.860858,-0.070986,0.781512,0.047992,-0.119413,0.250174,0.390869,0.881342,0.961597,0.484246,0.402330,0.548919
D:/BTL/repo/smart-posture-monitor/data/raw/correct/nguoi2_ss2/frame_0002.jpg,ss2,nguoi2,correct,4.955813,-12.071989,-0.049312,0.495534,0.734650,0.445550,0.858196,-0.048025,0.780879,0.049984,-0.123546,0.235784,0.391792,0.886152,0.966962,0.502591,0.417014,0.545521
D:/BTL/repo/smart-posture-monitor/data/raw/correct/nguoi2_ss2/frame_0003.jpg,ss2,nguoi2,correct,2.990938,-11.944252,-0.049007,0.453587,0.769113,0.403391,0.883805,-0.085342,0.795116,0.050196,-0.114692,0.236795,0.389700,0.892903,0.971512,0.454585,0.374745,0.539556
D:/BTL/repo/smart-posture-monitor/data/raw/correct/nguoi2_ss2/frame_0004.jpg,ss2,nguoi2,correct,4.736704,-13.599380,-0.053973,0.481291,0.724562,0.435570,0.842898,-0.049663,0.781254,0.045721,-0.118336,0.229545,0.384045,0.869846,0.948788,0.495001,0.413916,0.533972
D:/BTL/repo/smart-posture-monitor/data/raw/correct/nguoi2_ss2/frame_0005.jpg,ss2,nguoi2,correct,5.782844,-14.916803,-0.061376,0.522754,0.716671,0.477619,0.845566,-0.024857,0.791120,0.045135,-0.128895,0.238433,0.396524,0.887067,0.971134,0.531825,0.446702,0.552649
D:/BTL/repo/smart-posture-monitor/data/raw/correct/nguoi2_ss2/frame_0006.jpg,ss2,nguoi2,correct,3.563987,-1.109399,-0.005224,0.181555,0.692513,0.169367,0.806476,-0.164734,0.685687,0.012188,-0.113963,0.269790,0.234352,0.715917,0.824069,0.209423,0.176452,0.346357
D:/BTL/repo/smart-posture-monitor/data/raw/correct/nguoi2_ss2/frame_0007.jpg,ss2,nguoi2,correct,6.976926,-10.040413,-0.042456,0.425510,0.689631,0.390654,0.806523,-0.061345,0.750466,0.034856,-0.116893,0.243519,0.340978,0.810339,0.896153,0.460550,0.387657,0.490641
D:/BTL/repo/smart-posture-monitor/data/raw/correct/nguoi2_ss2/frame_0008.jpg,ss2,nguoi2,correct,3.300971,-15.869461,-0.052809,0.505111,0.757941,0.450168,0.876855,-0.049081,0.819220,0.054943,-0.118915,0.193123,0.414967,0.910830,0.985661,0.500900,0.414670,0.557570
D:/BTL/repo/smart-posture-monitor/data/raw/correct/nguoi2_ss2/frame_0011.jpg,ss2,nguoi2,correct,6.684921,-11.099353,-0.051495,0.423181,0.712785,0.387317,0.832456,-0.085805,0.759203,0.035864,-0.119671,0.267490,0.355925,0.828942,0.918149,0.449417,0.376634,0.511099
D:/BTL/repo/smart-posture-monitor/data/raw/correct/nguoi2_ss2/frame_0012.jpg,ss2,nguoi2,correct,4.725599,-10.597423,-0.047100,0.462738,0.736196,0.416799,0.867064,-0.078811,0.794400,0.045939,-0.130867,0.256110,0.382053,0.869546,0.962040,0.474822,0.390825,0.544668
D:/BTL/repo/smart-posture-monitor/data/raw/correct/nguoi2_ss2/frame_0013.jpg,ss2,nguoi2,correct,2.772395,0.807837,0.003647,0.077115,0.711807,0.074158,0.806662,-0.221089,0.652707,0.002958,-0.094855,0.258701,0.225099,0.715972,0.810064,0.088419,0.077966,0.304004
D:/BTL/repo/smart-posture-monitor/data/raw/correct/nguoi2_ss2/frame_0014.jpg,ss2,nguoi2,correct,2.292145,-1.526223,-0.007156,0.156841,0.733159,0.145666,0.836336,-0.188193,0.697831,0.011174,-0.103177,0.268667,0.244984,0.749748,0.848927,0.174865,0.148270,0.346837
D:/BTL/repo/smart-posture-monitor/data/raw/correct/nguoi2_ss2/frame_0015.jpg,ss2,nguoi2,correct,4.747766,-9.664102,-0.044147,0.402944,0.716072,0.366059,0.835802,-0.100967,0.761940,0.036885,-0.119730,0.262979,0.350777,0.821658,0.912449,0.429798,0.357121,0.505994
D:/BTL/repo/smart-posture-monitor/data/raw/correct/nguoi2_ss2/frame_0016.jpg,ss2,nguoi2,correct,7.321511,-16.542744,-0.070518,0.520702,0.676079,0.485867,0.807603,-0.019397,0.784453,0.034835,-0.131525,0.247665,0.390945,0.853354,0.942491,0.547907,0.466697,0.550865
D:/BTL/repo/smart-posture-monitor/data/raw/correct/nguoi2_ss2/frame_0017.jpg,ss2,nguoi2,correct,5.442026,-14.658045,-0.060257,0.552408,0.741570,0.504600,0.872899,-0.017593,0.825299,0.047808,-0.131330,0.238123,0.414363,0.924705,1.008253,0.544015,0.457943,0.576118
D:/BTL/repo/smart-posture-monitor/data/raw/correct/nguoi2_ss2/frame_0018.jpg,ss2,nguoi2,correct,6.889579,-19.861116,-0.072256,0.584362,0.676134,0.542343,0.812391,0.022560,0.812751,0.042019,-0.136257,0.212681,0.421289,0.893665,0.976788,0.596512,0.508043,0.578175
D:/BTL/repo/smart-posture-monitor/data/raw/correct/nguoi2_ss2/frame_0019.jpg,ss2,nguoi2,correct,5.843002,-17.793272,-0.066843,0.588390,0.725857,0.539794,0.862465,0.017723,0.833754,0.048596,-0.136608,0.218738,0.422528,0.934383,1.017460,0.577009,0.487550,0.580778
D:/BTL/repo/smart-posture-monitor/data/raw/correct/nguoi2_ss2/frame_0020.jpg,ss2,nguoi2,correct,5.703323,-15.157340,-0.056325,0.569837,0.739873,0.517344,0.866712,-0.002881,0.820245,0.052493,-0.126839,0.215416,0.422902,0.933877,1.009374,0.557593,0.469595,0.578330
D:/BTL/repo/smart-posture-monitor/data/raw/correct/nguoi2_ss2/frame_0021.jpg,ss2,nguoi2,correct,7.842788,-16.337225,-0.061687,0.564006,0.703037,0.519255,0.829038,0.017359,0.794318,0.044751,-0.126001,0.219301,0.402055,0.901312,0.978228,0.569347,0.484582,0.554215
D:/BTL/repo/smart-posture-monitor/data/raw/correct/nguoi2_ss2/frame_0022.jpg,ss2,nguoi2,correct,6.872782,-15.551493,-0.059225,0.512288,0.745753,0.470836,0.859000,-0.003856,0.808416,0.041452,-0.113247,0.220904,0.376914,0.904758,0.979575,0.511474,0.436809,0.519934
D:/BTL/repo/smart-posture-monitor/data/raw/correct/nguoi2_ss2/frame_0023.jpg,ss2,nguoi2,correct,6.197999,-18.296503,-0.071550,0.521659,0.702906,0.484094,0.830963,-0.005772,0.806078,0.037565,-0.128057,0.227913,0.386461,0.875331,0.961689,0.536867,0.456883,0.537427
D:/BTL/repo/smart-posture-monitor/data/raw/correct/nguoi2_ss2/frame_0024.jpg,ss2,nguoi2,correct,8.706573,-20.168398,-0.077746,0.633130,0.683292,0.602339,0.821772,0.085492,0.844585,0.030791,-0.138481,0.225493,0.411328,0.931526,1.018883,0.627065,0.546820,0.570896
D:/BTL/repo/smart-posture-monitor/data/raw/correct/nguoi2_ss2/frame_0025.jpg,ss2,nguoi2,correct,10.560507,-21.722622,-0.082624,0.615294,0.648393,0.587955,0.782716,0.084983,0.810924,0.027339,-0.134323,0.223238,0.399494,0.893867,0.978946,0.631511,0.552615,0.554658
D:/BTL/repo/smart-posture-monitor/data/raw/correct/nguoi2_ss2/frame_0026.jpg,ss2,nguoi2,correct,5.286022,-15.723495,-0.064193,0.535023,0.721427,0.493985,0.857898,-0.020303,0.834028,0.041039,-0.136471,0.236878,0.404174,0.898169,0.989955,0.539361,0.455090,0.566627
D:/BTL/repo/smart-posture-monitor/data/raw/correct/nguoi2_ss2/frame_0027.jpg,ss2,nguoi2,correct,7.623379,-18.327471,-0.073374,0.549226,0.658647,0.512954,0.794814,-0.004517,0.791769,0.036272,-0.136167,0.233343,0.408654,0.857592,0.945966,0.578343,0.492638,0.569520
D:/BTL/repo/smart-posture-monitor/data/raw/correct/nguoi2_ss2/frame_0028.jpg,ss2,nguoi2,correct,7.627490,-19.252319,-0.073937,0.563413,0.640616,0.527081,0.778609,0.010181,0.785730,0.036333,-0.137994,0.224237,0.412133,0.853125,0.940238,0.597719,0.509767,0.571948
D:/BTL/repo/smart-posture-monitor/data/raw/correct/nguoi2_ss2/frame_0029.jpg,ss2,nguoi2,correct,6.384671,-17.814493,-0.068353,0.568560,0.607965,0.534766,0.751709,0.010742,0.782522,0.033794,-0.143743,0.223423,0.417683,0.832396,0.922519,0.617589,0.526474,0.584493
D:/BTL/repo/smart-posture-monitor/data/raw/correct/nguoi2_ss2/frame_0030.jpg,ss2,nguoi2,correct,10.637094,-22.368929,-0.081623,0.638486,0.616939,0.608402,0.752772,0.100406,0.780313,0.030084,-0.135833,0.214476,0.409043,0.887850,0.967894,0.662608,0.579322,0.562336
D:/BTL/repo/smart-posture-monitor/data/raw/correct/nguoi2_ss2/frame_0031.jpg,ss2,nguoi2,correct,7.221988,-18.366211,-0.067655,0.582869,0.687675,0.536591,0.817580,0.015705,0.792220,0.046278,-0.129905,0.214716,0.423156,0.901461,0.977940,0.590121,0.501813,0.576719
D:/BTL/repo/smart-posture-monitor/data/raw/correct/nguoi2_ss2/frame_0032.jpg,ss2,nguoi2,correct,5.640138,-14.360425,-0.056024,0.555040,0.707828,0.504892,0.839768,-0.016265,0.795605,0.050148,-0.131940,0.225884,0.418021,0.899494,0.979860,0.560519,0.469805,0.578009
D:/BTL/repo/smart-posture-monitor/data/raw/correct/nguoi2_ss2/frame_0033.jpg,ss2,nguoi2,correct,4.333085,-14.171061,-0.055051,0.547293,0.688535,0.498962,0.830847,-0.020501,0.804448,0.048331,-0.142312,0.224866,0.413979,0.879551,0.969159,0.563200,0.468472,0.579505
D:/BTL/repo/smart-posture-monitor/data/raw/correct/nguoi2_ss2/frame_0034.jpg,ss2,nguoi2,correct,3.515635,-15.405594,-0.060811,0.533413,0.721366,0.485855,0.853589,-0.031600,0.816089,0.047558,-0.132223,0.228914,0.412735,0.897161,0.982175,0.538143,0.450336,0.572898
D:/BTL/repo/smart-posture-monitor/data/raw/correct/nguoi2_ss2/frame_0035.jpg,ss2,nguoi2,correct,2.549661,-16.489676,-0.064764,0.535923,0.722658,0.488160,0.862607,-0.046100,0.838008,0.047763,-0.139948,0.228170,0.428671,0.899694,0.991156,0.539530,0.449010,0.593343
D:/BTL/repo/smart-posture-monitor/data/raw/correct/nguoi2_ss2/frame_0036.jpg,ss2,nguoi2,correct,3.826400,-16.163965,-0.063981,0.560297,0.737420,0.509686,0.873500,-0.024294,0.833254,0.050611,-0.136080,0.229827,0.429724,0.926133,1.011327,0.551637,0.461537,0.592395
D:/BTL/repo/smart-posture-monitor/data/raw/correct/nguoi2_ss2/frame_0037.jpg,ss2,nguoi2,correct,5.182320,-14.531200,-0.057801,0.550533,0.735974,0.498735,0.868113,-0.014668,0.808797,0.051797,-0.132139,0.230366,0.411473,0.919100,1.001178,0.544976,0.455175,0.569873
D:/BTL/repo/smart-posture-monitor/data/raw/correct/nguoi2_ss2/frame_0038.jpg,ss2,nguoi2,correct,7.402826,-18.850554,-0.074942,0.584674,0.690658,0.545180,0.821794,0.020096,0.808317,0.039494,-0.131136,0.231946,0.418445,0.904905,0.986188,0.590066,0.506531,0.576708
D:/BTL/repo/smart-posture-monitor/data/raw/correct/nguoi2_ss2/frame_0039.jpg,ss2,nguoi2,correct,5.987477,-18.378262,-0.072452,0.560962,0.703317,0.518184,0.830367,0.000308,0.796498,0.042779,-0.127050,0.229796,0.414803,0.899630,0.978787,0.566954,0.483286,0.568344
D:/BTL/repo/smart-posture-monitor/data/raw/correct/nguoi2_ss2/frame_0040.jpg,ss2,nguoi2,correct,5.185375,-17.456190,-0.064776,0.590691,0.715798,0.542472,0.848425,0.018089,0.819652,0.048220,-0.132627,0.215935,0.425802,0.928053,1.007026,0.583077,0.494600,0.581944
D:/BTL/repo/smart-posture-monitor/data/raw/correct/nguoi2_ss2/frame_0041.jpg,ss2,nguoi2,correct,4.154360,-17.077255,-0.065397,0.554635,0.731327,0.506452,0.860848,-0.011575,0.817101,0.048182,-0.129521,0.222697,0.418627,0.917855,0.998776,0.550027,0.463516,0.572670
D:/BTL/repo/smart-posture-monitor/data/raw/correct/nguoi2_ss2/frame_0042.jpg,ss2,nguoi2,correct,6.808202,-17.135529,-0.065517,0.564572,0.705305,0.518021,0.829627,0.006940,0.784275,0.046551,-0.124322,0.222367,0.412300,0.903436,0.978073,0.568761,0.483436,0.563197
D:/BTL/repo/smart-posture-monitor/data/raw/correct/nguoi2_ss2/frame_0043.jpg,ss2,nguoi2,correct,9.331145,-19.043337,-0.071077,0.617030,0.644593,0.575537,0.781699,0.051356,0.778142,0.041493,-0.137106,0.217839,0.423033,0.892315,0.970719,0.634542,0.544259,0.581225
D:/BTL/repo/smart-posture-monitor/data/raw/correct/nguoi2_ss2/frame_0044.jpg,ss2,nguoi2,correct,7.023609,-15.751594,-0.058810,0.564694,0.681863,0.517316,0.808023,0.007473,0.771166,0.047377,-0.126161,0.216638,0.410969,0.885333,0.959436,0.579397,0.490958,0.564331
D:/BTL/repo/smart-posture-monitor/data/raw/correct/nguoi2_ss2/frame_0045.jpg,ss2,nguoi2,correct,5.814126,-15.945527,-0.062769,0.558163,0.727811,0.507337,0.857630,-0.024342,0.809391,0.050826,-0.129819,0.228482,0.429283,0.917200,0.996454,0.554165,0.465312,0.588190
D:/BTL/repo/smart-posture-monitor/data/raw/correct/nguoi2_ss2/frame_0046.jpg,ss2,nguoi2,correct,6.544044,-18.910748,-0.072854,0.587601,0.717559,0.538778,0.849558,0.001712,0.813547,0.048823,-0.131999,0.224792,0.436785,0.927452,1.005998,0.580097,0.491500,0.593700
D:/BTL/repo/smart-posture-monitor/data/raw/correct/nguoi2_ss2/frame_0047.jpg,ss2,nguoi2,correct,6.616385,-18.557783,-0.073279,0.565096,0.704711,0.518158,0.834277,-0.012787,0.793931,0.046938,-0.129567,0.230249,0.428775,0.903300,0.982093,0.569413,0.481832,0.584730
D:/BTL/repo/smart-posture-monitor/data/raw/correct/nguoi2_ss2/frame_0048.jpg,ss2,nguoi2,correct,6.891324,-17.411024,-0.066947,0.569711,0.698843,0.522609,0.823778,0.000691,0.782644,0.047102,-0.124936,0.223734,0.421826,0.901638,0.975567,0.575446,0.489052,0.575158
D:/BTL/repo/smart-posture-monitor/data/raw/correct/nguoi2_ss2/frame_0049.jpg,ss2,nguoi2,correct,7.071282,-17.197321,-0.064557,0.574881,0.680897,0.525164,0.815206,-0.005321,0.783350,0.049716,-0.134309,0.218346,0.430992,0.891127,0.969720,0.587393,0.494186,0.589178
D:/BTL/repo/smart-posture-monitor/data/raw/correct/nguoi2_ss2/frame_0050.jpg,ss2,nguoi2,correct,6.452413,-17.765379,-0.066892,0.565685,0.684193,0.517000,0.814150,-0.003775,0.773072,0.048684,-0.129957,0.219232,0.423003,0.887761,0.964433,0.579075,0.488412,0.576354
D:/BTL/repo/smart-posture-monitor/data/raw/correct/nguoi2_ss2/frame_0051.jpg,ss2,nguoi2,correct,7.866949,-18.601460,-0.069480,0.591360,0.660055,0.547190,0.792412,0.022905,0.776778,0.044170,-0.132357,0.217817,0.424068,0.886216,0.962981,0.609089,0.519395,0.580315
D:/BTL/repo/smart-posture-monitor/data/raw/correct/nguoi2_ss2/frame_0052.jpg,ss2,nguoi2,correct,7.403190,-19.062258,-0.071860,0.587439,0.669755,0.542548,0.803106,0.013575,0.785303,0.044891,-0.133350,0.220028,0.428376,0.890874,0.969194,0.601705,0.511779,0.585382
D:/BTL/repo/smart-posture-monitor/data/raw/correct/nguoi2_ss2/frame_0053.jpg,ss2,nguoi2,correct,6.522772,-17.209864,-0.065613,0.586051,0.681124,0.537714,0.814580,0.006099,0.785517,0.048337,-0.133456,0.221763,0.430170,0.898547,0.976052,0.595427,0.503786,0.589272
D:/BTL/repo/smart-posture-monitor/data/raw/correct/nguoi2_ss2/frame_0054.jpg,ss2,nguoi2,correct,7.818551,-18.651562,-0.069841,0.599997,0.662349,0.555449,0.796599,0.027439,0.781108,0.044549,-0.134249,0.218381,0.427537,0.893702,0.971130,0.614162,0.523798,0.584745
D:/BTL/repo/smart-posture-monitor/data/raw/correct/nguoi2_ss2/frame_0055.jpg,ss2,nguoi2,correct,8.385862,-19.086075,-0.072168,0.587582,0.666709,0.546175,0.797443,0.026670,0.781902,0.041407,-0.130735,0.220704,0.418417,0.888681,0.966552,0.603234,0.516667,0.572618
D:/BTL/repo/smart-posture-monitor/data/raw/correct/nguoi2_ss2/frame_0056.jpg,ss2,nguoi2,correct,7.588605,-18.254143,-0.070283,0.587459,0.675500,0.543273,0.807100,0.013977,0.787245,0.044186,-0.131600,0.224380,0.426314,0.895214,0.972911,0.599044,0.510767,0.584267
D:/BTL/repo/smart-posture-monitor/data/raw/correct/nguoi2_ss2/frame_0057.jpg,ss2,nguoi2,correct,8.326171,-16.256327,-0.063754,0.581081,0.660025,0.537438,0.791738,0.013235,0.771511,0.043642,-0.131713,0.227747,0.418141,0.879368,0.956916,0.601650,0.512417,0.578686
D:/BTL/repo/smart-posture-monitor/data/raw/correct/nguoi2_ss2/frame_0058.jpg,ss2,nguoi2,correct,9.695836,-15.430961,-0.065830,0.576923,0.646613,0.539046,0.783619,0.022032,0.765303,0.037877,-0.137005,0.247408,0.401056,0.866573,0.951120,0.604961,0.516822,0.567443
D:/BTL/repo/smart-posture-monitor/data/raw/correct/nguoi2_ss2/frame_0059.jpg,ss2,nguoi2,correct,8.123609,-13.844965,-0.059592,0.569669,0.685724,0.525080,0.822471,-0.004027,0.786775,0.044589,-0.136747,0.249030,0.413430,0.891482,0.975790,0.581340,0.491394,0.582528
D:/BTL/repo/smart-posture-monitor/data/raw/correct/nguoi2_ss2/frame_0060.jpg,ss2,nguoi2,correct,7.199385,-15.483001,-0.062479,0.560578,0.678020,0.516022,0.807180,-0.004456,0.771294,0.044556,-0.129160,0.234047,0.413190,0.879749,0.958028,0.578063,0.490290,0.572681
D:/BTL/repo/smart-posture-monitor/data/raw/correct/nguoi2_ss2/frame_0061.jpg,ss2,nguoi2,correct,12.815150,-20.688206,-0.087589,0.668577,0.629803,0.638712,0.768721,0.100053,0.796120,0.029865,-0.138919,0.247929,0.423006,0.918502,0.999442,0.675514,0.592763,0.592352
D:/BTL/repo/smart-posture-monitor/data/raw/correct/nguoi2_ss2/frame_0062.jpg,ss2,nguoi2,correct,11.003560,-19.076872,-0.082519,0.653563,0.662116,0.620340,0.804835,0.079785,0.818517,0.033223,-0.142719,0.252478,0.422150,0.930345,1.016160,0.650387,0.565682,0.594712
D:/BTL/repo/smart-posture-monitor/data/raw/correct/nguoi2_ss2/frame_0063.jpg,ss2,nguoi2,correct,6.186777,-14.126737,-0.059380,0.543262,0.689081,0.498993,0.822191,-0.017967,0.779559,0.044269,-0.133110,0.243293,0.405494,0.877477,0.961765,0.559854,0.471634,0.568476
D:/BTL/repo/smart-posture-monitor/data/raw/correct/nguoi2_ss2/frame_0064.jpg,ss2,nguoi2,correct,4.939689,-13.772386,-0.057793,0.512468,0.707024,0.465160,0.835048,-0.045888,0.772489,0.047308,-0.128024,0.242763,0.403654,0.873217,0.955866,0.527765,0.440485,0.562181
D:/BTL/repo/smart-posture-monitor/data/raw/correct/nguoi2_ss2/frame_0065.jpg,ss2,nguoi2,correct,13.672068,-20.839151,-0.087490,0.683463,0.630705,0.656120,0.770512,0.122947,0.806792,0.027343,-0.139808,0.245935,0.418316,0.930005,1.012019,0.684188,0.603184,0.587524
D:/BTL/repo/smart-posture-monitor/data/raw/correct/nguoi2_ss2/frame_0066.jpg,ss2,nguoi2,correct,11.268741,-21.156227,-0.089262,0.672368,0.668232,0.640539,0.805169,0.095698,0.826923,0.031829,-0.136937,0.247324,0.430122,0.947952,1.028876,0.659332,0.578769,0.598106
D:/BTL/repo/smart-posture-monitor/data/raw/correct/nguoi2_ss2/frame_0067.jpg,ss2,nguoi2,correct,9.925145,-20.022852,-0.083315,0.646811,0.669300,0.614179,0.804330,0.074404,0.822731,0.032632,-0.135030,0.243330,0.426099,0.930767,1.012009,0.642620,0.561776,0.592614
D:/BTL/repo/smart-posture-monitor/data/raw/correct/nguoi2_ss2/frame_0068.jpg,ss2,nguoi2,correct,11.879827,-20.476572,-0.082546,0.657016,0.646313,0.625329,0.778037,0.097126,0.799168,0.031686,-0.131724,0.235964,0.418161,0.921624,0.998187,0.660182,0.580037,0.580380
D:/BTL/repo/smart-posture-monitor/data/raw/correct/nguoi2_ss2/frame_0069.jpg,ss2,nguoi2,correct,6.074884,-14.636578,-0.058601,0.549133,0.679712,0.502900,0.810783,-0.012000,0.770885,0.046233,-0.131071,0.231912,0.408610,0.873817,0.954085,0.568590,0.478854,0.568492
D:/BTL/repo/smart-posture-monitor/data/raw/correct/nguoi2_ss2/frame_0070.jpg,ss2,nguoi2,correct,7.492846,-16.275618,-0.063675,0.553945,0.675212,0.510481,0.801841,0.002657,0.764315,0.043464,-0.126629,0.227200,0.404764,0.873365,0.950547,0.574320,0.488060,0.558442
D:/BTL/repo/smart-posture-monitor/data/raw/correct/nguoi2_ss2/frame_0071.jpg,ss2,nguoi2,correct,3.426991,-1.091112,-0.004958,0.157605,0.685254,0.149875,0.795171,-0.168209,0.676014,0.007729,-0.109918,0.260380,0.223850,0.703144,0.809172,0.183712,0.158114,0.325945
D:/BTL/repo/smart-posture-monitor/data/raw/correct/nguoi2_ss2/frame_0072.jpg,ss2,nguoi2,correct,6.794691,-9.418767,-0.038203,0.462583,0.827109,0.405341,0.919378,-0.057060,0.762004,0.057243,-0.092269,0.233442,0.389523,0.947678,1.004767,0.441169,0.366071,0.523706
D:/BTL/repo/smart-posture-monitor/data/raw/correct/nguoi2_ss2/frame_0073.jpg,ss2,nguoi2,correct,5.756202,-8.309753,-0.030441,0.455378,0.845211,0.389244,0.928393,-0.069186,0.756094,0.066134,-0.083181,0.210626,0.400796,0.960079,1.006690,0.429201,0.350585,0.532080
D:/BTL/repo/smart-posture-monitor/data/raw/correct/nguoi2_ss2/frame_0074.jpg,ss2,nguoi2,correct,2.148557,-5.921560,-0.022233,0.413715,0.911149,0.340503,0.990849,-0.115083,0.783425,0.073211,-0.079700,0.215504,0.411277,1.000676,1.047723,0.375149,0.295714,0.544004
D:/BTL/repo/smart-posture-monitor/data/raw/correct/nguoi2_ss2/frame_0075.jpg,ss2,nguoi2,correct,4.684165,-9.969459,-0.036686,0.483781,0.856077,0.418462,0.944843,-0.056140,0.788082,0.065320,-0.088766,0.211906,0.409568,0.983317,1.033363,0.447876,0.369333,0.544186
D:/BTL/repo/smart-posture-monitor/data/raw/correct/nguoi2_ss2/frame_0076.jpg,ss2,nguoi2,correct,6.040643,-18.562271,-0.071351,0.594929,0.693438,0.551869,0.829469,0.022702,0.814381,0.043060,-0.136031,0.224138,0.425964,0.913672,0.996282,0.596137,0.508481,0.584869
D:/BTL/repo/smart-posture-monitor/data/raw/correct/nguoi2_ss2/frame_0077.jpg,ss2,nguoi2,correct,13.152926,-24.195215,-0.093070,0.710218,0.620772,0.678043,0.762040,0.139085,0.799636,0.032175,-0.141268,0.227086,0.435481,0.943275,1.020024,0.704742,0.620466,0.598486
D:/BTL/repo/smart-posture-monitor/data/raw/correct/nguoi2_ss2/frame_0078.jpg,ss2,nguoi2,correct,11.389590,-25.524620,-0.095002,0.680167,0.641877,0.648643,0.775017,0.111576,0.813468,0.031523,-0.133141,0.220474,0.437683,0.935218,1.010638,0.676745,0.596510,0.593918
D:/BTL/repo/smart-posture-monitor/data/raw/correct/nguoi2_ss2/frame_0079.jpg,ss2,nguoi2,correct,10.498171,-17.117849,-0.072287,0.643148,0.697645,0.603043,0.831431,0.068955,0.817597,0.040105,-0.133786,0.245592,0.419718,0.948867,1.027102,0.627035,0.543505,0.586589
D:/BTL/repo/smart-posture-monitor/data/raw/correct/nguoi2_ss2/frame_0080.jpg,ss2,nguoi2,correct,-4.871227,14.124275,0.075849,0.196991,0.747489,0.116395,0.894845,-0.344701,0.705850,0.080596,-0.147356,0.310824,0.345196,0.773011,0.902383,0.215456,0.112994,0.543290
D:/BTL/repo/smart-posture-monitor/data/raw/correct/nguoi2_ss2/frame_0081.jpg,ss2,nguoi2,correct,-9.149232,3.142958,0.014218,0.095849,0.628300,0.055436,0.743823,-0.324047,0.605082,0.040413,-0.115523,0.259329,0.282549,0.635569,0.745886,0.118848,0.061772,0.420538
D:/BTL/repo/smart-posture-monitor/data/raw/correct/nguoi2_ss2/frame_0082.jpg,ss2,nguoi2,correct,0.136422,-4.878195,-0.021796,0.191310,0.674085,0.180880,0.796070,-0.199324,0.759819,0.010430,-0.121985,0.256313,0.256876,0.700707,0.816361,0.224153,0.189882,0.399932
D:/BTL/repo/smart-posture-monitor/data/raw/correct/nguoi2_ss2/frame_0083.jpg,ss2,nguoi2,correct,6.282881,-6.638908,-0.030479,0.229380,0.650656,0.226178,0.761115,-0.121154,0.684655,0.003202,-0.110459,0.263630,0.235028,0.689905,0.794010,0.272730,0.243093,0.352180
D:/BTL/repo/smart-posture-monitor/data/raw/correct/nguoi2_ss2/frame_0084.jpg,ss2,nguoi2,correct,4.567118,-2.368823,-0.011027,0.171794,0.651338,0.168462,0.767343,-0.157216,0.674193,0.003331,-0.116004,0.266783,0.216223,0.673613,0.785617,0.206351,0.181770,0.329802
D:/BTL/repo/smart-posture-monitor/data/raw/correct/nguoi2_ss2/frame_0085.jpg,ss2,nguoi2,correct,4.304409,0.103363,0.000478,0.137472,0.621791,0.133164,0.740953,-0.177357,0.645353,0.004307,-0.119162,0.265171,0.201878,0.636806,0.752824,0.170745,0.147844,0.315709
D:/BTL/repo/smart-posture-monitor/data/raw/correct/nguoi2_ss2/frame_0086.jpg,ss2,nguoi2,correct,3.174880,3.049323,0.013853,0.154821,0.627595,0.140487,0.743383,-0.180488,0.619608,0.014334,-0.115788,0.260422,0.223864,0.646410,0.756541,0.190752,0.155493,0.335404
D:/BTL/repo/smart-posture-monitor/data/raw/correct/nguoi3_ss1/frame_0001.jpg,ss1,nguoi3,correct,-0.074680,-13.905484,-0.044589,0.342445,0.700544,0.305075,0.801712,-0.113955,0.749269,0.037371,-0.101168,0.185538,0.337362,0.779763,0.857795,0.377619,0.311104,0.458994
D:/BTL/repo/smart-posture-monitor/data/raw/correct/nguoi3_ss1/frame_0002.jpg,ss1,nguoi3,correct,-0.337850,-14.178291,-0.045373,0.396920,0.669003,0.358882,0.782638,-0.078682,0.756193,0.038038,-0.113635,0.185243,0.351217,0.777888,0.860998,0.442044,0.366722,0.483528
D:/BTL/repo/smart-posture-monitor/data/raw/correct/nguoi3_ss1/frame_0003.jpg,ss1,nguoi3,correct,-1.362313,-17.328568,-0.059798,0.381190,0.642192,0.352846,0.759367,-0.089427,0.752076,0.028345,-0.117175,0.200766,0.348437,0.746804,0.837340,0.437281,0.368428,0.483276
D:/BTL/repo/smart-posture-monitor/data/raw/correct/nguoi3_ss1/frame_0004.jpg,ss1,nguoi3,correct,-0.977354,-14.005871,-0.047587,0.366745,0.637632,0.335640,0.757792,-0.094624,0.746281,0.031106,-0.120160,0.196623,0.336731,0.735579,0.828796,0.424614,0.352659,0.473989
D:/BTL/repo/smart-posture-monitor/data/raw/correct/nguoi3_ss1/frame_0005.jpg,ss1,nguoi3,correct,-0.827587,-12.266131,-0.038916,0.326099,0.649240,0.290216,0.754604,-0.120317,0.714107,0.035883,-0.105364,0.183177,0.326585,0.726535,0.808488,0.378565,0.309421,0.451104
D:/BTL/repo/smart-posture-monitor/data/raw/correct/nguoi3_ss1/frame_0006.jpg,ss1,nguoi3,correct,-0.557255,-11.635073,-0.038410,0.341487,0.646641,0.306135,0.758466,-0.112549,0.726636,0.035352,-0.111825,0.190453,0.329392,0.731272,0.817918,0.395460,0.324003,0.461029
D:/BTL/repo/smart-posture-monitor/data/raw/correct/nguoi3_ss1/frame_0007.jpg,ss1,nguoi3,correct,-0.776328,-10.746228,-0.034738,0.340401,0.662440,0.302393,0.771881,-0.114689,0.732043,0.038008,-0.109442,0.186305,0.330551,0.744782,0.829001,0.388699,0.316615,0.460382
D:/BTL/repo/smart-posture-monitor/data/raw/correct/nguoi3_ss1/frame_0008.jpg,ss1,nguoi3,correct,-0.359649,-11.448212,-0.036771,0.342824,0.647730,0.307073,0.755850,-0.105536,0.720449,0.035751,-0.108121,0.185262,0.326285,0.732859,0.815845,0.396444,0.325663,0.454219
D:/BTL/repo/smart-posture-monitor/data/raw/correct/nguoi3_ss1/frame_0009.jpg,ss1,nguoi3,correct,-0.571940,-13.180666,-0.044463,0.375582,0.623137,0.342858,0.738559,-0.090732,0.723517,0.032724,-0.115421,0.194995,0.340706,0.727573,0.814260,0.439246,0.365569,0.476995
D:/BTL/repo/smart-posture-monitor/data/raw/correct/nguoi3_ss1/frame_0010.jpg,ss1,nguoi3,correct,-0.015891,-13.858050,-0.048044,0.372598,0.628296,0.339595,0.741782,-0.092056,0.714493,0.033002,-0.113486,0.200586,0.338193,0.730469,0.815822,0.434176,0.361412,0.472581
D:/BTL/repo/smart-posture-monitor/data/raw/correct/nguoi3_ss1/frame_0011.jpg,ss1,nguoi3,correct,0.058110,-13.655245,-0.046872,0.379376,0.631809,0.346735,0.747717,-0.084823,0.727356,0.032641,-0.115908,0.198542,0.337943,0.736959,0.824200,0.439593,0.366357,0.473930
D:/BTL/repo/smart-posture-monitor/data/raw/correct/nguoi3_ss1/frame_0012.jpg,ss1,nguoi3,correct,0.076766,-13.668906,-0.047725,0.359866,0.655956,0.324938,0.769057,-0.112007,0.739815,0.034929,-0.113101,0.201957,0.342962,0.748186,0.834885,0.410745,0.339087,0.479267
D:/BTL/repo/smart-posture-monitor/data/raw/correct/nguoi3_ss1/frame_0013.jpg,ss1,nguoi3,correct,0.782744,-15.895865,-0.049335,0.340235,0.641889,0.306460,0.747818,-0.116220,0.726634,0.033775,-0.105929,0.180128,0.339174,0.726486,0.808177,0.395890,0.327366,0.464256
D:/BTL/repo/smart-posture-monitor/data/raw/correct/nguoi3_ss1/frame_0014.jpg,ss1,nguoi3,correct,1.479717,-15.136301,-0.043886,0.303328,0.644322,0.270165,0.737550,-0.124632,0.701777,0.033163,-0.093227,0.168071,0.318943,0.712151,0.785474,0.356130,0.293834,0.431800
D:/BTL/repo/smart-posture-monitor/data/raw/correct/nguoi3_ss1/frame_0015.jpg,ss1,nguoi3,correct,0.781794,-13.313919,-0.043791,0.360790,0.654726,0.323399,0.755013,-0.096139,0.704394,0.037391,-0.100287,0.190160,0.334957,0.747553,0.821360,0.412130,0.341761,0.459621
D:/BTL/repo/smart-posture-monitor/data/raw/correct/nguoi3_ss1/frame_0016.jpg,ss1,nguoi3,correct,0.642181,-13.004078,-0.045003,0.368137,0.620204,0.338264,0.729776,-0.077425,0.705101,0.029872,-0.109571,0.199995,0.321734,0.721233,0.804360,0.432851,0.363939,0.453578
D:/BTL/repo/smart-posture-monitor/data/raw/correct/nguoi3_ss1/frame_0017.jpg,ss1,nguoi3,correct,0.918123,-11.826968,-0.039858,0.370006,0.608755,0.335661,0.717975,-0.086794,0.689776,0.034345,-0.109220,0.194470,0.330803,0.712381,0.792563,0.439355,0.365191,0.463929
D:/BTL/repo/smart-posture-monitor/data/raw/correct/nguoi3_ss1/frame_0018.jpg,ss1,nguoi3,correct,2.071806,-12.108858,-0.041764,0.372038,0.611735,0.337992,0.725047,-0.089005,0.701368,0.034046,-0.113312,0.199093,0.332663,0.715983,0.799957,0.440234,0.365191,0.469675
D:/BTL/repo/smart-posture-monitor/data/raw/correct/nguoi3_ss1/frame_0019.jpg,ss1,nguoi3,correct,0.283322,-9.650331,-0.033138,0.354004,0.611820,0.317220,0.721982,-0.106461,0.686725,0.036785,-0.110162,0.197679,0.330330,0.706854,0.788598,0.421548,0.345702,0.466518
D:/BTL/repo/smart-posture-monitor/data/raw/correct/nguoi3_ss1/frame_0020.jpg,ss1,nguoi3,correct,-0.072684,-10.207108,-0.034875,0.353303,0.618631,0.316096,0.728664,-0.106424,0.690780,0.037207,-0.110033,0.196806,0.330340,0.712410,0.794272,0.418173,0.342545,0.465354
D:/BTL/repo/smart-posture-monitor/data/raw/correct/nguoi3_ss1/frame_0021.jpg,ss1,nguoi3,correct,0.119177,-9.910985,-0.031760,0.403460,0.589403,0.368732,0.709251,-0.055879,0.708849,0.034728,-0.119848,0.184525,0.334123,0.714266,0.799375,0.481462,0.400191,0.474616
D:/BTL/repo/smart-posture-monitor/data/raw/correct/nguoi3_ss1/frame_0022.jpg,ss1,nguoi3,correct,-0.296154,-10.000437,-0.032608,0.400797,0.582678,0.368759,0.702804,-0.053406,0.706740,0.032038,-0.120125,0.187776,0.329936,0.707214,0.793673,0.481760,0.402489,0.470841
D:/BTL/repo/smart-posture-monitor/data/raw/correct/nguoi3_ss1/frame_0023.jpg,ss1,nguoi3,correct,-0.153779,-8.528047,-0.027721,0.409388,0.586562,0.376205,0.709360,-0.046155,0.716370,0.033184,-0.122797,0.186931,0.329998,0.715300,0.802945,0.488627,0.407273,0.473676
D:/BTL/repo/smart-posture-monitor/data/raw/correct/nguoi3_ss1/frame_0024.jpg,ss1,nguoi3,correct,-0.502410,-9.133790,-0.028881,0.406061,0.589403,0.372916,0.711032,-0.046880,0.718955,0.033146,-0.121628,0.181936,0.330046,0.715739,0.802890,0.484057,0.403555,0.471105
D:/BTL/repo/smart-posture-monitor/data/raw/correct/nguoi3_ss1/frame_0025.jpg,ss1,nguoi3,correct,-0.187359,-10.182182,-0.033021,0.403469,0.588444,0.371638,0.708158,-0.051956,0.713725,0.031831,-0.119714,0.186791,0.331850,0.713480,0.799752,0.481895,0.403353,0.472343
D:/BTL/repo/smart-posture-monitor/data/raw/correct/nguoi3_ss1/frame_0026.jpg,ss1,nguoi3,correct,-0.171288,-10.284526,-0.032797,0.402247,0.589818,0.370181,0.710214,-0.050011,0.716399,0.032066,-0.120396,0.183699,0.329977,0.713924,0.800898,0.480068,0.401237,0.469639
D:/BTL/repo/smart-posture-monitor/data/raw/correct/nguoi3_ss1/frame_0027.jpg,ss1,nguoi3,correct,-0.436096,-10.939177,-0.034931,0.386461,0.599570,0.354987,0.715378,-0.058105,0.711583,0.031474,-0.115808,0.184075,0.323426,0.713327,0.798612,0.459960,0.384867,0.458460
D:/BTL/repo/smart-posture-monitor/data/raw/correct/nguoi3_ss1/frame_0028.jpg,ss1,nguoi3,correct,-0.357587,-11.775608,-0.036986,0.362550,0.532706,0.334886,0.656291,-0.077634,0.676636,0.027664,-0.123584,0.181233,0.323815,0.644375,0.736794,0.463636,0.385214,0.463117
D:/BTL/repo/smart-posture-monitor/data/raw/correct/nguoi3_ss1/frame_0029.jpg,ss1,nguoi3,correct,-0.660204,-7.841927,-0.027229,0.336229,0.610671,0.300206,0.721055,-0.114151,0.683652,0.036023,-0.110385,0.199570,0.319604,0.697115,0.781053,0.403220,0.328926,0.456255
D:/BTL/repo/smart-posture-monitor/data/raw/correct/nguoi3_ss1/frame_0030.jpg,ss1,nguoi3,correct,-0.843690,-8.096408,-0.026899,0.346735,0.600381,0.312074,0.710002,-0.095707,0.681378,0.034662,-0.109621,0.190988,0.316052,0.693313,0.775560,0.418353,0.344236,0.449795
D:/BTL/repo/smart-posture-monitor/data/raw/correct/nguoi3_ss1/frame_0031.jpg,ss1,nguoi3,correct,-0.715009,-8.820371,-0.029973,0.347284,0.595502,0.313346,0.704568,-0.094698,0.672420,0.033938,-0.109066,0.195474,0.315009,0.689368,0.771104,0.420850,0.347207,0.448625
D:/BTL/repo/smart-posture-monitor/data/raw/correct/nguoi3_ss1/frame_0032.jpg,ss1,nguoi3,correct,-1.388078,-9.918779,-0.032106,0.355959,0.529708,0.326497,0.655812,-0.088949,0.674442,0.029461,-0.126104,0.186389,0.323655,0.638198,0.732591,0.457663,0.376702,0.467858
D:/BTL/repo/smart-posture-monitor/data/raw/correct/nguoi3_ss1/frame_0033.jpg,ss1,nguoi3,correct,-0.468399,-11.347439,-0.038036,0.344893,0.582828,0.313345,0.695067,-0.092304,0.671961,0.031548,-0.112239,0.193316,0.313722,0.677229,0.762432,0.423303,0.350189,0.446190
D:/BTL/repo/smart-posture-monitor/data/raw/correct/nguoi3_ss1/frame_0034.jpg,ss1,nguoi3,correct,-0.542857,-9.115027,-0.030522,0.381712,0.610417,0.345560,0.725860,-0.079135,0.704060,0.036152,-0.115444,0.192670,0.331654,0.719939,0.803919,0.450620,0.372273,0.470265
D:/BTL/repo/smart-posture-monitor/data/raw/correct/nguoi3_ss1/frame_0035.jpg,ss1,nguoi3,correct,-0.424045,-10.009706,-0.029411,0.386123,0.683846,0.335698,0.778120,-0.080534,0.698642,0.050426,-0.094274,0.169208,0.345981,0.785326,0.847446,0.426049,0.346590,0.466891
D:/BTL/repo/smart-posture-monitor/data/raw/correct/nguoi3_ss1/frame_0036.jpg,ss1,nguoi3,correct,-0.587710,-9.232631,-0.029007,0.405432,0.684712,0.356717,0.787523,-0.067645,0.718810,0.048715,-0.102811,0.180793,0.345314,0.795742,0.864546,0.443970,0.363231,0.474305
D:/BTL/repo/smart-posture-monitor/data/raw/correct/nguoi3_ss1/frame_0037.jpg,ss1,nguoi3,correct,-0.529081,-10.498395,-0.033364,0.404414,0.677439,0.358703,0.782778,-0.067047,0.723891,0.045711,-0.105339,0.183109,0.344128,0.788970,0.861051,0.445845,0.366515,0.473743
D:/BTL/repo/smart-posture-monitor/data/raw/correct/nguoi3_ss1/frame_0038.jpg,ss1,nguoi3,correct,-0.310747,-9.665171,-0.035116,0.348478,0.634777,0.316427,0.745328,-0.092126,0.703000,0.032051,-0.110551,0.209162,0.311271,0.724140,0.809716,0.407038,0.337869,0.445854
D:/BTL/repo/smart-posture-monitor/data/raw/correct/nguoi3_ss1/frame_0039.jpg,ss1,nguoi3,correct,0.833250,-9.206940,-0.031567,0.329975,0.627178,0.292565,0.738480,-0.114054,0.687655,0.037410,-0.111302,0.197296,0.316335,0.708686,0.794322,0.390478,0.316227,0.448129
D:/BTL/repo/smart-posture-monitor/data/raw/correct/nguoi3_ss1/frame_0040.jpg,ss1,nguoi3,correct,0.823883,-13.337646,-0.040098,0.310997,0.644091,0.269596,0.733133,-0.130179,0.665642,0.041400,-0.089042,0.173819,0.327140,0.715243,0.781131,0.364400,0.294418,0.441702
D:/BTL/repo/smart-posture-monitor/data/raw/correct/nguoi3_ss1/frame_0041.jpg,ss1,nguoi3,correct,0.792713,-15.023807,-0.044791,0.295871,0.704748,0.254645,0.787570,-0.139041,0.704655,0.041225,-0.082822,0.172793,0.327630,0.764336,0.827715,0.329337,0.265856,0.434912
D:/BTL/repo/smart-posture-monitor/data/raw/correct/nguoi3_ss1/frame_0042.jpg,ss1,nguoi3,correct,0.369738,-13.745950,-0.042302,0.346953,0.680919,0.308200,0.772114,-0.089995,0.703319,0.038753,-0.091195,0.178026,0.324449,0.764216,0.831353,0.388822,0.322162,0.437522
D:/BTL/repo/smart-posture-monitor/data/raw/correct/nguoi3_ss1/frame_0043.jpg,ss1,nguoi3,correct,0.580971,-14.634411,-0.047120,0.346660,0.646171,0.312264,0.747734,-0.094338,0.699263,0.034395,-0.101563,0.186503,0.324472,0.733287,0.810318,0.400952,0.333087,0.444182
D:/BTL/repo/smart-posture-monitor/data/raw/correct/nguoi3_ss1/frame_0044.jpg,ss1,nguoi3,correct,1.286505,-11.820622,-0.038307,0.348832,0.625394,0.313508,0.731878,-0.092082,0.690825,0.035324,-0.106485,0.187003,0.319790,0.716101,0.796199,0.410935,0.339011,0.445742
D:/BTL/repo/smart-posture-monitor/data/raw/correct/nguoi3_ss1/frame_0045.jpg,ss1,nguoi3,correct,-0.852321,-7.658087,-0.028438,0.305495,0.624372,0.269989,0.729995,-0.130022,0.662893,0.035506,-0.105622,0.213401,0.305291,0.695103,0.778323,0.365181,0.295651,0.437217
D:/BTL/repo/smart-posture-monitor/data/raw/correct/nguoi3_ss1/frame_0046.jpg,ss1,nguoi3,correct,-1.119792,-14.161001,-0.040846,0.428362,0.694853,0.379235,0.791439,-0.055695,0.727085,0.049127,-0.096586,0.166958,0.363998,0.816281,0.877608,0.461066,0.382376,0.485129
D:/BTL/repo/smart-posture-monitor/data/raw/correct/nguoi3_ss1/frame_0047.jpg,ss1,nguoi3,correct,-0.845406,-10.035184,-0.029613,0.445831,0.736048,0.388148,0.829751,-0.050829,0.736594,0.057683,-0.093703,0.169943,0.371346,0.860542,0.916049,0.460445,0.378183,0.496660
D:/BTL/repo/smart-posture-monitor/data/raw/correct/nguoi3_ss1/frame_0048.jpg,ss1,nguoi3,correct,-0.500064,-14.140031,-0.034009,0.481661,0.764096,0.420142,0.845939,-0.006227,0.743227,0.061519,-0.081843,0.139214,0.378313,0.903238,0.944528,0.479670,0.400210,0.488334
D:/BTL/repo/smart-posture-monitor/data/raw/correct/nguoi3_ss1/frame_0049.jpg,ss1,nguoi3,correct,-0.051268,-14.850180,-0.037388,0.460699,0.754207,0.402758,0.839389,-0.028771,0.749855,0.057941,-0.085182,0.145881,0.376898,0.883782,0.931014,0.466150,0.387696,0.489489
D:/BTL/repo/smart-posture-monitor/data/raw/correct/nguoi3_ss1/frame_0050.jpg,ss1,nguoi3,correct,0.260218,-12.560007,-0.037658,0.379156,0.764306,0.326561,0.850820,-0.086576,0.744055,0.052595,-0.086514,0.173169,0.351806,0.853184,0.911337,0.391137,0.317894,0.466172
D:/BTL/repo/smart-posture-monitor/data/raw/correct/nguoi3_ss1/frame_0051.jpg,ss1,nguoi3,correct,-0.976856,-8.567915,-0.033966,0.250628,0.658481,0.227414,0.758722,-0.142728,0.684379,0.023214,-0.100242,0.227986,0.273142,0.704565,0.792071,0.294400,0.244888,0.394208
D:/BTL/repo/smart-posture-monitor/data/raw/correct/nguoi3_ss1/frame_0054.jpg,ss1,nguoi3,correct,2.038263,-10.285967,-0.035984,0.338484,0.614267,0.304147,0.725473,-0.109051,0.685441,0.034337,-0.111206,0.201521,0.319372,0.701352,0.786649,0.404266,0.331590,0.453159
D:/BTL/repo/smart-posture-monitor/data/raw/correct/nguoi3_ss1/frame_0055.jpg,ss1,nguoi3,correct,1.132553,-7.567251,-0.028023,0.265251,0.745256,0.222791,0.824386,-0.147701,0.675887,0.042460,-0.079129,0.212795,0.310879,0.791053,0.853960,0.286830,0.226630,0.418738
D:/BTL/repo/smart-posture-monitor/data/raw/correct/nguoi3_ss1/frame_0056.jpg,ss1,nguoi3,correct,1.297036,-10.704304,-0.035967,0.338564,0.733288,0.287706,0.816599,-0.123343,0.693119,0.050858,-0.083311,0.193643,0.346139,0.807674,0.865800,0.363109,0.290856,0.463650
D:/BTL/repo/smart-posture-monitor/data/raw/correct/nguoi3_ss1/frame_0057.jpg,ss1,nguoi3,correct,1.517431,-13.924522,-0.035981,0.419133,0.744240,0.364840,0.828575,-0.045385,0.735871,0.054294,-0.084336,0.149519,0.355343,0.854146,0.905343,0.434046,0.358173,0.464593
D:/BTL/repo/smart-posture-monitor/data/raw/correct/nguoi3_ss1/frame_0058.jpg,ss1,nguoi3,correct,1.349718,-15.828524,-0.036127,0.435472,0.737032,0.379776,0.818299,-0.026809,0.730266,0.055696,-0.081268,0.132450,0.358911,0.856067,0.902132,0.451083,0.374423,0.462330
D:/BTL/repo/smart-posture-monitor/data/raw/correct/nguoi3_ss1/frame_0059.jpg,ss1,nguoi3,correct,1.438674,-15.441801,-0.037803,0.419462,0.755656,0.364446,0.832339,-0.038692,0.730705,0.055016,-0.076683,0.141977,0.355754,0.864271,0.908630,0.430202,0.356718,0.458833
D:/BTL/repo/smart-posture-monitor/data/raw/correct/nguoi3_ss1/frame_0060.jpg,ss1,nguoi3,correct,1.073125,-14.709851,-0.037053,0.407320,0.755435,0.351437,0.832523,-0.050716,0.725204,0.055883,-0.077088,0.145922,0.354661,0.858249,0.903660,0.419542,0.345140,0.459032
D:/BTL/repo/smart-posture-monitor/data/raw/correct/nguoi3_ss1/frame_0061.jpg,ss1,nguoi3,correct,1.423634,-13.186712,-0.033682,0.392211,0.738060,0.338092,0.813668,-0.059105,0.706590,0.054119,-0.075608,0.147645,0.348123,0.835800,0.881114,0.412028,0.338478,0.452411
D:/BTL/repo/smart-posture-monitor/data/raw/correct/nguoi3_ss1/frame_0062.jpg,ss1,nguoi3,correct,0.797755,-14.062366,-0.039626,0.382811,0.759964,0.330303,0.835360,-0.076497,0.722840,0.052508,-0.075397,0.163087,0.353411,0.850934,0.898291,0.395915,0.325385,0.460806
D:/BTL/repo/smart-posture-monitor/data/raw/correct/nguoi4_ss1/frame_0002.jpg,ss1,nguoi4,correct,-3.850236,14.956120,0.060835,-0.081491,0.666904,-0.097437,0.734849,-0.315329,0.503916,0.015946,-0.067945,0.235721,0.225893,0.671864,0.741281,-0.097468,-0.109176,0.285036
D:/BTL/repo/smart-posture-monitor/data/raw/correct/nguoi4_ss1/frame_0003.jpg,ss1,nguoi4,correct,-2.306077,8.125039,0.034633,-0.002540,0.635936,-0.020236,0.733631,-0.282815,0.574413,0.017696,-0.097695,0.245041,0.200246,0.635941,0.733911,-0.003140,-0.022789,0.286948
D:/BTL/repo/smart-posture-monitor/data/raw/correct/nguoi4_ss1/frame_0004.jpg,ss1,nguoi4,correct,-2.769365,7.735669,0.033852,0.011547,0.635423,-0.009172,0.740062,-0.280255,0.580472,0.020719,-0.104640,0.251492,0.204474,0.635527,0.740119,0.014280,-0.010269,0.296930
D:/BTL/repo/smart-posture-monitor/data/raw/correct/nguoi4_ss1/frame_0005.jpg,ss1,nguoi4,correct,-4.789514,4.391982,0.017450,0.103582,0.666741,0.089683,0.752442,-0.163018,0.571631,0.013899,-0.085700,0.227865,0.221276,0.674740,0.757767,0.123676,0.098931,0.283058
D:/BTL/repo/smart-posture-monitor/data/raw/correct/nguoi4_ss1/frame_0006.jpg,ss1,nguoi4,correct,-4.148060,0.430163,0.001662,0.080525,0.608748,0.077063,0.686440,-0.174155,0.552358,0.003462,-0.077692,0.221331,0.193679,0.614051,0.690752,0.101901,0.090501,0.260848
D:/BTL/repo/smart-posture-monitor/data/raw/correct/nguoi4_ss1/frame_0007.jpg,ss1,nguoi4,correct,-0.483011,9.786082,0.040622,-0.006493,0.644510,-0.016007,0.733907,-0.254179,0.547617,0.009514,-0.089396,0.238993,0.205058,0.644543,0.734081,-0.007959,-0.018023,0.265964
D:/BTL/repo/smart-posture-monitor/data/raw/correct/nguoi4_ss1/frame_0011.jpg,ss1,nguoi4,correct,-1.036463,6.908365,0.029187,0.009118,0.603241,0.009131,0.714066,-0.229589,0.571337,-0.000014,-0.110825,0.242654,0.174377,0.603310,0.714124,0.011636,0.010475,0.240829
D:/BTL/repo/smart-posture-monitor/data/raw/correct/nguoi4_ss1/frame_0012.jpg,ss1,nguoi4,correct,-1.381980,3.663028,0.015417,0.049063,0.582569,0.050555,0.691223,-0.200551,0.566601,-0.001493,-0.108654,0.241312,0.175358,0.584631,0.693069,0.063832,0.059192,0.250124
D:/BTL/repo/smart-posture-monitor/data/raw/correct/nguoi4_ss1/frame_0013.jpg,ss1,nguoi4,correct,-1.343785,6.244030,0.026205,0.027441,0.599735,0.025745,0.705683,-0.219285,0.565511,0.001696,-0.105949,0.240937,0.178439,0.600362,0.706153,0.035131,0.029758,0.249088
D:/BTL/repo/smart-posture-monitor/data/raw/correct/nguoi4_ss1/frame_0014.jpg,ss1,nguoi4,correct,-1.314391,5.992733,0.025622,0.017817,0.576944,0.018105,0.693178,-0.228448,0.569164,-0.000288,-0.116234,0.245419,0.166942,0.577219,0.693414,0.023333,0.021180,0.246387
D:/BTL/repo/smart-posture-monitor/data/raw/correct/nguoi4_ss1/frame_0015.jpg,ss1,nguoi4,correct,-0.439611,5.111040,0.021802,0.034443,0.588412,0.032376,0.706775,-0.217578,0.575026,0.002067,-0.118364,0.244730,0.176090,0.589419,0.707517,0.044581,0.037379,0.252377
D:/BTL/repo/smart-posture-monitor/data/raw/correct/nguoi4_ss1/frame_0016.jpg,ss1,nguoi4,correct,-1.093313,5.245959,0.022687,0.027848,0.566712,0.028271,0.687287,-0.225177,0.574596,-0.000423,-0.120575,0.248133,0.164759,0.567396,0.687868,0.036834,0.033251,0.253148
D:/BTL/repo/smart-posture-monitor/data/raw/correct/nguoi4_ss1/frame_0017.jpg,ss1,nguoi4,correct,-1.124148,4.406110,0.019284,0.027702,0.559341,0.030085,0.677821,-0.228397,0.569483,-0.002383,-0.118480,0.251014,0.165898,0.560027,0.678488,0.036910,0.035703,0.256300
D:/BTL/repo/smart-posture-monitor/data/raw/correct/nguoi4_ss1/frame_0018.jpg,ss1,nguoi4,correct,-1.393448,3.564977,0.015327,0.005650,0.537848,0.017197,0.666799,-0.226106,0.584868,-0.011547,-0.128950,0.246491,0.141375,0.537878,0.667020,0.007693,0.020631,0.236478
D:/BTL/repo/smart-posture-monitor/data/raw/correct/nguoi4_ss1/frame_0022.jpg,ss1,nguoi4,correct,-0.082618,-3.714672,-0.015873,0.194457,0.597774,0.174827,0.711734,-0.158055,0.625296,0.019630,-0.113959,0.244992,0.230818,0.628608,0.732891,0.244964,0.198296,0.353585
D:/BTL/repo/smart-posture-monitor/data/raw/correct/nguoi4_ss1/frame_0023.jpg,ss1,nguoi4,correct,0.827438,0.496409,0.002355,0.138074,0.602916,0.132313,0.719620,-0.171206,0.575745,0.005761,-0.116704,0.271846,0.220119,0.618524,0.731683,0.174659,0.149839,0.310471
D:/BTL/repo/smart-posture-monitor/data/raw/correct/nguoi4_ss1/frame_0024.jpg,ss1,nguoi4,correct,1.531736,2.742954,0.012173,0.053944,0.598618,0.060325,0.710572,-0.204248,0.574654,-0.006381,-0.111954,0.254367,0.189135,0.601044,0.713128,0.069065,0.069318,0.259302
D:/BTL/repo/smart-posture-monitor/data/raw/correct/nguoi4_ss1/frame_0025.jpg,ss1,nguoi4,correct,1.336954,3.904317,0.018230,0.048459,0.597725,0.045727,0.714349,-0.233634,0.558358,0.002732,-0.116624,0.267729,0.206960,0.599686,0.715811,0.062113,0.052393,0.284826
D:/BTL/repo/smart-posture-monitor/data/raw/correct/nguoi4_ss1/frame_0026.jpg,ss1,nguoi4,correct,0.451818,-9.279450,-0.037955,0.360188,0.488364,0.322771,0.618721,-0.109297,0.575484,0.037417,-0.130357,0.235381,0.321985,0.606823,0.697851,0.481169,0.385846,0.477500
D:/BTL/repo/smart-posture-monitor/data/raw/correct/nguoi4_ss1/frame_0027.jpg,ss1,nguoi4,correct,-1.337831,-4.307317,-0.017588,0.456718,0.349842,0.408349,0.513273,-0.103419,0.535297,0.048369,-0.163431,0.234179,0.395231,0.575310,0.655895,0.666166,0.521943,0.590040
D:/BTL/repo/smart-posture-monitor/data/raw/correct/nguoi4_ss1/frame_0028.jpg,ss1,nguoi4,correct,-3.548649,-4.673409,-0.018607,0.413699,0.442014,0.354165,0.594364,-0.145795,0.560195,0.059534,-0.152350,0.228370,0.388594,0.605412,0.691883,0.564639,0.428615,0.571840
D:/BTL/repo/smart-posture-monitor/data/raw/correct/nguoi4_ss1/frame_0029.jpg,ss1,nguoi4,correct,-3.710653,-3.404959,-0.012081,0.338238,0.496227,0.292107,0.623135,-0.135908,0.592014,0.046130,-0.126908,0.203411,0.328597,0.600538,0.688203,0.452179,0.350936,0.483724
D:/BTL/repo/smart-posture-monitor/data/raw/correct/nguoi4_ss1/frame_0030.jpg,ss1,nguoi4,correct,2.000691,-8.545745,-0.030962,0.447206,0.441873,0.409825,0.594104,-0.059559,0.633921,0.037382,-0.152231,0.208361,0.367167,0.628685,0.721745,0.600189,0.485710,0.541935
D:/BTL/repo/smart-posture-monitor/data/raw/correct/nguoi4_ss1/frame_0031.jpg,ss1,nguoi4,correct,1.508046,-10.842488,-0.040323,0.468231,0.424765,0.435801,0.582211,-0.043834,0.641936,0.032430,-0.157445,0.214358,0.376453,0.632191,0.727249,0.631355,0.516391,0.556213
D:/BTL/repo/smart-posture-monitor/data/raw/correct/nguoi4_ss1/frame_0032.jpg,ss1,nguoi4,correct,0.758929,-9.394279,-0.035525,0.446705,0.405869,0.415856,0.563504,-0.064964,0.632222,0.030849,-0.157634,0.217643,0.376918,0.603552,0.700337,0.620685,0.505576,0.559500
D:/BTL/repo/smart-posture-monitor/data/raw/correct/nguoi4_ss1/frame_0033.jpg,ss1,nguoi4,correct,2.415175,-9.864960,-0.036676,0.455714,0.411414,0.425499,0.567917,-0.049525,0.633389,0.030215,-0.156503,0.214069,0.372566,0.613952,0.709633,0.626715,0.513070,0.551851
D:/BTL/repo/smart-posture-monitor/data/raw/correct/nguoi4_ss1/frame_0034.jpg,ss1,nguoi4,correct,1.962178,-8.273640,-0.030512,0.435147,0.435877,0.399105,0.589293,-0.060765,0.625637,0.036042,-0.153416,0.212036,0.355581,0.615907,0.711724,0.591066,0.477146,0.530978
D:/BTL/repo/smart-posture-monitor/data/raw/correct/nguoi4_ss1/frame_0035.jpg,ss1,nguoi4,correct,0.674998,-7.831656,-0.028118,0.348693,0.607743,0.298528,0.718572,-0.134310,0.643499,0.050165,-0.110829,0.206349,0.342429,0.700670,0.778116,0.417559,0.327958,0.484325
D:/BTL/repo/smart-posture-monitor/data/raw/correct/nguoi4_ss1/frame_0036.jpg,ss1,nguoi4,correct,-0.291307,-6.460282,-0.021647,0.305665,0.616137,0.254140,0.720423,-0.155816,0.635296,0.051525,-0.104286,0.192390,0.328688,0.687790,0.763934,0.368201,0.281726,0.461878
D:/BTL/repo/smart-posture-monitor/data/raw/correct/nguoi4_ss1/frame_0037.jpg,ss1,nguoi4,correct,0.087769,-7.112419,-0.024559,0.322482,0.582616,0.278316,0.698336,-0.137311,0.645810,0.044166,-0.115720,0.198348,0.323768,0.665910,0.751754,0.398868,0.313003,0.464115
D:/BTL/repo/smart-posture-monitor/data/raw/correct/nguoi4_ss1/frame_0038.jpg,ss1,nguoi4,correct,-0.029331,-5.176152,-0.018710,0.329627,0.522478,0.288821,0.649232,-0.129750,0.622792,0.040806,-0.126753,0.207384,0.317327,0.617768,0.710577,0.430885,0.338922,0.470202
D:/BTL/repo/smart-posture-monitor/data/raw/correct/nguoi4_ss1/frame_0039.jpg,ss1,nguoi4,correct,0.178360,-6.049198,-0.021718,0.329648,0.540326,0.285645,0.668117,-0.127374,0.627581,0.044004,-0.127791,0.206087,0.314774,0.632946,0.726618,0.423541,0.329657,0.465277
D:/BTL/repo/smart-posture-monitor/data/raw/correct/nguoi4_ss1/frame_0040.jpg,ss1,nguoi4,correct,0.253772,-3.403278,-0.013047,0.274032,0.581137,0.232308,0.698273,-0.143004,0.616488,0.041723,-0.117136,0.219789,0.279907,0.642506,0.735902,0.344384,0.264034,0.418531
D:/BTL/repo/smart-posture-monitor/data/raw/correct/nguoi4_ss1/frame_0041.jpg,ss1,nguoi4,correct,0.642700,-3.587536,-0.013879,0.305368,0.500113,0.268256,0.634137,-0.139988,0.611082,0.037112,-0.134024,0.221807,0.299066,0.585971,0.688543,0.411363,0.321011,0.458973
D:/BTL/repo/smart-posture-monitor/data/raw/correct/nguoi4_ss1/frame_0042.jpg,ss1,nguoi4,correct,0.766758,-2.539347,-0.009806,0.332519,0.474551,0.295081,0.612488,-0.128632,0.608735,0.037438,-0.137937,0.221321,0.313281,0.579455,0.679864,0.455035,0.357783,0.480277
D:/BTL/repo/smart-posture-monitor/data/raw/correct/nguoi4_ss1/frame_0043.jpg,ss1,nguoi4,correct,-0.734350,-3.864395,-0.014799,0.373251,0.438877,0.338235,0.583589,-0.110186,0.610915,0.035016,-0.144712,0.219587,0.339462,0.576133,0.674521,0.520520,0.415785,0.513135
D:/BTL/repo/smart-posture-monitor/data/raw/correct/nguoi4_ss1/frame_0044.jpg,ss1,nguoi4,correct,-0.939621,-2.164904,-0.008499,0.374234,0.438522,0.338048,0.584212,-0.113927,0.609733,0.036186,-0.145691,0.224975,0.340234,0.576500,0.674967,0.521852,0.415337,0.517315
D:/BTL/repo/smart-posture-monitor/data/raw/correct/nguoi4_ss1/frame_0045.jpg,ss1,nguoi4,correct,-0.522704,-1.282567,-0.005007,0.356599,0.416994,0.322571,0.562253,-0.117638,0.593524,0.034028,-0.145259,0.223708,0.329641,0.548678,0.648214,0.511742,0.406785,0.506028
D:/BTL/repo/smart-posture-monitor/data/raw/correct/nguoi4_ss1/frame_0046.jpg,ss1,nguoi4,correct,-0.487117,-1.098437,-0.004415,0.353940,0.397183,0.322035,0.546106,-0.120248,0.585289,0.031906,-0.148923,0.230290,0.329242,0.532004,0.633986,0.518602,0.412528,0.510136
D:/BTL/repo/smart-posture-monitor/data/raw/correct/nguoi4_ss1/frame_0047.jpg,ss1,nguoi4,correct,-0.675030,-0.216707,-0.000864,0.356001,0.410575,0.321161,0.558033,-0.123108,0.589742,0.034841,-0.147457,0.228473,0.331512,0.543423,0.643851,0.514279,0.406837,0.511514
D:/BTL/repo/smart-posture-monitor/data/raw/correct/nguoi4_ss1/frame_0048.jpg,ss1,nguoi4,correct,-0.305855,-0.392659,-0.001544,0.355031,0.408272,0.320402,0.554722,-0.118227,0.585098,0.034629,-0.146450,0.225315,0.327315,0.541048,0.640604,0.514258,0.407270,0.505213
D:/BTL/repo/smart-posture-monitor/data/raw/correct/nguoi4_ss1/frame_0049.jpg,ss1,nguoi4,correct,-0.706730,0.201096,0.000799,0.356104,0.434789,0.316096,0.580871,-0.124508,0.590932,0.040008,-0.146082,0.227616,0.326964,0.562007,0.661308,0.502204,0.392423,0.505340
D:/BTL/repo/smart-posture-monitor/data/raw/correct/nguoi4_ss1/frame_0050.jpg,ss1,nguoi4,correct,-1.097496,0.019539,0.000078,0.354090,0.439569,0.315718,0.582414,-0.127374,0.592575,0.038371,-0.142845,0.230006,0.328248,0.564447,0.662484,0.497415,0.391426,0.505191
D:/BTL/repo/smart-posture-monitor/data/raw/correct/nguoi4_ss1/frame_0051.jpg,ss1,nguoi4,correct,-0.284824,1.737990,0.007105,0.322602,0.424496,0.283773,0.568567,-0.152685,0.575601,0.038829,-0.144071,0.234275,0.319549,0.533169,0.635449,0.465601,0.359987,0.498729
D:/BTL/repo/smart-posture-monitor/data/raw/correct/nguoi4_ss1/frame_0052.jpg,ss1,nguoi4,correct,0.109926,3.677040,0.015004,0.318033,0.421003,0.273137,0.567307,-0.161345,0.559225,0.044897,-0.146304,0.233954,0.317746,0.527625,0.629635,0.461367,0.347960,0.498908
D:/BTL/repo/smart-posture-monitor/data/raw/correct/nguoi4_ss1/frame_0053.jpg,ss1,nguoi4,correct,-0.759876,3.028426,0.012309,0.312911,0.425050,0.269538,0.568469,-0.165574,0.561537,0.043373,-0.143419,0.232977,0.318788,0.527808,0.629133,0.452926,0.343329,0.497571
D:/BTL/repo/smart-posture-monitor/data/raw/correct/nguoi4_ss1/frame_0054.jpg,ss1,nguoi4,correct,-1.067053,-0.273843,-0.001213,0.169961,0.543369,0.149339,0.672274,-0.173007,0.585295,0.020621,-0.128905,0.253799,0.214176,0.569330,0.688661,0.226863,0.176431,0.345521
D:/BTL/repo/smart-posture-monitor/data/raw/correct/nguoi4_ss1/frame_0057.jpg,ss1,nguoi4,correct,-0.927142,6.522805,0.026503,0.033807,0.584614,0.049289,0.700037,-0.169987,0.569566,-0.015482,-0.115423,0.233307,0.156293,0.585591,0.701770,0.043922,0.057233,0.204349
D:/BTL/repo/smart-posture-monitor/data/raw/correct/nguoi4_ss1/frame_0058.jpg,ss1,nguoi4,correct,-0.722003,5.282581,0.022141,0.081393,0.571160,0.082218,0.681122,-0.164813,0.552052,-0.000825,-0.109962,0.240482,0.173578,0.576930,0.686066,0.106874,0.097007,0.246946
D:/BTL/repo/smart-posture-monitor/data/raw/correct/nguoi4_ss1/frame_0059.jpg,ss1,nguoi4,correct,-0.470205,-1.978179,-0.008301,0.172025,0.564185,0.164537,0.671473,-0.137457,0.588337,0.007489,-0.107287,0.240486,0.201689,0.589829,0.691338,0.224863,0.194107,0.310423
D:/BTL/repo/smart-posture-monitor/data/raw/correct/nguoi4_ss1/frame_0060.jpg,ss1,nguoi4,correct,-5.084440,3.886763,0.020137,0.069746,0.420177,0.043096,0.604620,-0.323224,0.597850,0.026650,-0.184443,0.297068,0.218153,0.425926,0.606154,0.106538,0.054880,0.431270
D:/BTL/repo/smart-posture-monitor/data/raw/correct/nguoi4_ss1/frame_0061.jpg,ss1,nguoi4,correct,5.445279,-10.627847,-0.041594,0.821252,0.167153,0.839241,0.354893,0.206801,0.655924,-0.017989,-0.187740,0.225531,0.592121,0.838090,0.911194,0.969647,0.894514,0.785141
D:/BTL/repo/smart-posture-monitor/data/raw/correct/nguoi4_ss1/frame_0062.jpg,ss1,nguoi4,correct,-2.404489,2.954213,0.013351,0.112689,0.499965,0.109999,0.640231,-0.175536,0.575002,0.002691,-0.140266,0.259056,0.166795,0.512508,0.649612,0.158358,0.134640,0.297833
D:/BTL/repo/smart-posture-monitor/data/raw/correct/nguoi4_ss1/frame_0063.jpg,ss1,nguoi4,correct,-0.530567,1.616836,0.007761,0.139352,0.490520,0.126573,0.626823,-0.188623,0.530697,0.012779,-0.136303,0.275075,0.200228,0.509930,0.639475,0.197009,0.156659,0.330427
D:/BTL/repo/smart-posture-monitor/data/raw/correct/nguoi4_ss1/frame_0064.jpg,ss1,nguoi4,correct,-1.446460,-0.866829,-0.004151,0.075500,0.446418,0.091560,0.590110,-0.195465,0.531818,-0.016061,-0.143692,0.274382,0.161552,0.452757,0.597171,0.112319,0.117896,0.284104
D:/BTL/repo/smart-posture-monitor/data/raw/correct/nguoi4_ss1/frame_0065.jpg,ss1,nguoi4,correct,-0.519776,1.163266,0.005431,0.081778,0.484261,0.081722,0.619964,-0.209401,0.532116,0.000056,-0.135702,0.267522,0.178938,0.491118,0.625327,0.117093,0.102279,0.295085
D:/BTL/repo/smart-posture-monitor/data/raw/correct/nguoi5_ss2/frame_0014.jpg,ss2,nguoi5,correct,0.111129,-14.505735,-0.052476,0.097781,0.725609,0.079688,0.809431,-0.285331,0.712991,0.018094,-0.083822,0.209504,0.290755,0.732167,0.813344,0.110502,0.083545,0.383320
D:/BTL/repo/smart-posture-monitor/data/raw/correct/nguoi5_ss2/frame_0015.jpg,ss2,nguoi5,correct,-0.014549,-8.667375,-0.030068,0.129613,0.693069,0.097813,0.790881,-0.277674,0.698712,0.031800,-0.097812,0.199524,0.296895,0.705085,0.796906,0.150521,0.104130,0.407326
D:/BTL/repo/smart-posture-monitor/data/raw/correct/nguoi5_ss2/frame_0016.jpg,ss2,nguoi5,correct,0.525426,-8.497499,-0.030480,0.089009,0.712060,0.062881,0.802830,-0.293465,0.698737,0.026128,-0.090770,0.206270,0.280947,0.717601,0.805289,0.101942,0.066379,0.382706
D:/BTL/repo/smart-posture-monitor/data/raw/correct/nguoi5_ss2/frame_0025.jpg,ss2,nguoi5,correct,-2.553749,3.099391,0.011587,-0.199205,0.751953,-0.156625,0.818476,-0.335086,0.623998,-0.042579,-0.066523,0.214304,0.201765,0.777892,0.833327,-0.216918,-0.161728,0.186644
D:/BTL/repo/smart-posture-monitor/data/raw/correct/nguoi5_ss2/frame_0034.jpg,ss2,nguoi5,correct,0.038689,12.591364,0.047920,-0.106973,0.782055,-0.136368,0.811540,-0.370775,0.506740,0.029395,-0.029485,0.219818,0.308279,0.789337,0.822918,-0.114703,-0.142008,0.381300
D:/BTL/repo/smart-posture-monitor/data/raw/correct/nguoi5_ss2/frame_0042.jpg,ss2,nguoi5,correct,1.742398,-0.738256,-0.002956,-0.011107,0.700999,-0.032194,0.797665,-0.353175,0.671771,0.021087,-0.096665,0.229439,0.242428,0.701087,0.798314,-0.012898,-0.034183,0.343315
D:/BTL/repo/smart-posture-monitor/data/raw/correct/nguoi5_ss2/frame_0043.jpg,ss2,nguoi5,correct,1.375453,-13.355696,-0.044221,0.099411,0.696887,0.075351,0.779055,-0.273432,0.678722,0.024061,-0.082168,0.191435,0.283463,0.703942,0.782691,0.115391,0.081207,0.373286
D:/BTL/repo/smart-posture-monitor/data/raw/correct/nguoi5_ss2/frame_0044.jpg,ss2,nguoi5,correct,1.651546,-9.672529,-0.033837,0.095844,0.705655,0.063085,0.795782,-0.324908,0.692771,0.032759,-0.090127,0.201392,0.312646,0.712134,0.798279,0.110371,0.067016,0.420950
D:/BTL/repo/smart-posture-monitor/data/raw/correct/nguoi5_ss2/frame_0045.jpg,ss2,nguoi5,correct,0.777313,-7.242429,-0.023006,0.151534,0.613842,0.117358,0.725792,-0.277941,0.675218,0.034176,-0.111950,0.182493,0.311038,0.632269,0.735219,0.189298,0.132359,0.433838
D:/BTL/repo/smart-posture-monitor/data/raw/correct/nguoi5_ss2/frame_0046.jpg,ss2,nguoi5,correct,1.040182,-2.321847,-0.009542,-0.068662,0.647896,-0.061847,0.761050,-0.339763,0.691298,-0.006816,-0.113153,0.235528,0.176729,0.651524,0.763558,-0.083714,-0.067809,0.274552
D:/BTL/repo/smart-posture-monitor/data/raw/correct/nguoi5_ss2/frame_0065.jpg,ss2,nguoi5,correct,-1.068063,2.437649,0.009639,-0.101905,0.704812,-0.100431,0.797178,-0.351199,0.658402,-0.001474,-0.092366,0.226640,0.192001,0.712141,0.803479,-0.117381,-0.106292,0.253577
D:/BTL/repo/smart-posture-monitor/data/raw/correct/nguoi5_ss2/frame_0066.jpg,ss2,nguoi5,correct,-1.452098,3.708176,0.014897,-0.129706,0.675204,-0.124004,0.780668,-0.366014,0.667298,-0.005702,-0.105464,0.230344,0.165433,0.687549,0.790455,-0.153195,-0.132916,0.236439
D:/BTL/repo/smart-posture-monitor/data/raw/correct/nguoi6_ss2/frame_0001.jpg,ss2,nguoi6,correct,-0.895303,0.149638,0.000568,0.161251,0.660966,0.126553,0.738881,-0.209739,0.604005,0.034698,-0.077915,0.217421,0.264402,0.680351,0.749640,0.192233,0.140876,0.375338
D:/BTL/repo/smart-posture-monitor/data/raw/correct/nguoi6_ss2/frame_0002.jpg,ss2,nguoi6,correct,0.944684,-4.117491,-0.015085,0.207225,0.709753,0.166809,0.776234,-0.185305,0.608063,0.040416,-0.066481,0.210091,0.303401,0.739386,0.793955,0.234189,0.178593,0.405488
D:/BTL/repo/smart-posture-monitor/data/raw/correct/nguoi6_ss2/frame_0003.jpg,ss2,nguoi6,correct,0.095394,-2.201093,-0.008261,0.166065,0.689794,0.128459,0.753445,-0.213124,0.587858,0.037606,-0.063651,0.215088,0.289163,0.709503,0.764318,0.192511,0.141069,0.392652
D:/BTL/repo/smart-posture-monitor/data/raw/correct/nguoi6_ss2/frame_0004.jpg,ss2,nguoi6,correct,0.934087,1.438228,0.005529,0.162518,0.674305,0.125498,0.749971,-0.199715,0.587371,0.037020,-0.075666,0.220275,0.267993,0.693613,0.760399,0.191270,0.138301,0.372519
D:/BTL/repo/smart-posture-monitor/data/raw/correct/nguoi6_ss2/frame_0005.jpg,ss2,nguoi6,correct,1.314484,0.373418,0.001396,0.146252,0.672981,0.113473,0.741179,-0.201644,0.581397,0.032779,-0.068198,0.214221,0.261869,0.688690,0.749815,0.172740,0.126218,0.359749
D:/BTL/repo/smart-posture-monitor/data/raw/correct/nguoi6_ss2/frame_0006.jpg,ss2,nguoi6,correct,0.545320,-1.383945,-0.005037,0.145173,0.689385,0.113369,0.757227,-0.201436,0.597717,0.031804,-0.067842,0.208561,0.265682,0.704505,0.765667,0.168852,0.124261,0.358526
D:/BTL/repo/smart-posture-monitor/data/raw/correct/nguoi6_ss2/frame_0007.jpg,ss2,nguoi6,correct,-0.466683,-1.683090,-0.006141,0.132612,0.692920,0.103657,0.758940,-0.203691,0.597549,0.028955,-0.066021,0.209085,0.261143,0.705495,0.765986,0.153971,0.113538,0.349564
D:/BTL/repo/smart-posture-monitor/data/raw/correct/nguoi6_ss2/frame_0008.jpg,ss2,nguoi6,correct,0.420702,-0.940940,-0.003576,0.116474,0.682147,0.093247,0.756815,-0.213590,0.609883,0.023228,-0.074667,0.217740,0.247617,0.692020,0.762537,0.136867,0.102423,0.337883
D:/BTL/repo/smart-posture-monitor/data/raw/correct/nguoi6_ss2/frame_0009.jpg,ss2,nguoi6,correct,-2.018616,-0.131432,-0.000491,0.169085,0.698965,0.131864,0.774777,-0.199300,0.614775,0.037220,-0.075812,0.214040,0.275536,0.719125,0.785918,0.194246,0.141976,0.377882
D:/BTL/repo/smart-posture-monitor/data/raw/correct/nguoi6_ss2/frame_0010.jpg,ss2,nguoi6,correct,0.474804,2.266356,0.008140,0.165803,0.678406,0.123131,0.748410,-0.205065,0.589296,0.042672,-0.070004,0.205841,0.273540,0.698374,0.758472,0.194285,0.135920,0.381423
D:/BTL/repo/smart-posture-monitor/data/raw/correct/nguoi6_ss2/frame_0011.jpg,ss2,nguoi6,correct,0.939074,-3.126874,-0.011331,0.173088,0.696910,0.139616,0.760790,-0.187004,0.598726,0.033472,-0.063880,0.207735,0.278964,0.718083,0.773494,0.199105,0.152107,0.373238
D:/BTL/repo/smart-posture-monitor/data/raw/correct/nguoi6_ss2/frame_0012.jpg,ss2,nguoi6,correct,0.280289,-1.847312,-0.006867,0.165435,0.681355,0.131489,0.754734,-0.200622,0.603481,0.033946,-0.073378,0.213010,0.273588,0.701152,0.766102,0.193326,0.144179,0.374248
D:/BTL/repo/smart-posture-monitor/data/raw/correct/nguoi6_ss2/frame_0013.jpg,ss2,nguoi6,correct,0.291805,-1.938128,-0.007298,0.172629,0.675639,0.139415,0.750605,-0.197463,0.605238,0.033214,-0.074967,0.215790,0.273254,0.697344,0.763443,0.202599,0.153308,0.376729
D:/BTL/repo/smart-posture-monitor/data/raw/correct/nguoi6_ss2/frame_0014.jpg,ss2,nguoi6,correct,-1.540797,4.495723,0.017699,0.047640,0.620472,0.039383,0.716918,-0.220082,0.600653,0.008257,-0.096446,0.225794,0.181995,0.622298,0.717999,0.059720,0.045027,0.268455
D:/BTL/repo/smart-posture-monitor/data/raw/correct/nguoi6_ss2/frame_0015.jpg,ss2,nguoi6,correct,-3.515604,6.000243,0.022630,-0.087854,0.645222,-0.062443,0.737893,-0.252555,0.602523,-0.025411,-0.092671,0.216487,0.148962,0.651176,0.740531,-0.107238,-0.069937,0.170146
D:/BTL/repo/smart-posture-monitor/data/raw/correct/nguoi6_ss2/frame_0016.jpg,ss2,nguoi6,correct,-1.489312,-0.320118,-0.001213,0.161520,0.665163,0.127485,0.750742,-0.206925,0.614846,0.034035,-0.085579,0.217129,0.263894,0.684493,0.761489,0.191779,0.140361,0.371865
D:/BTL/repo/smart-posture-monitor/data/raw/correct/nguoi6_ss2/frame_0017.jpg,ss2,nguoi6,correct,-1.306062,1.192833,0.004658,0.119312,0.649515,0.092402,0.739038,-0.221829,0.609289,0.026910,-0.089523,0.223752,0.239150,0.660383,0.744792,0.144594,0.103176,0.343504
D:/BTL/repo/smart-posture-monitor/data/raw/correct/nguoi6_ss2/frame_0018.jpg,ss2,nguoi6,correct,-0.593623,0.375021,0.001413,0.160584,0.678537,0.123369,0.756289,-0.208458,0.602294,0.037215,-0.077753,0.215919,0.271321,0.697280,0.766285,0.188293,0.135202,0.376835
D:/BTL/repo/smart-posture-monitor/data/raw/correct/nguoi6_ss2/frame_0019.jpg,ss2,nguoi6,correct,0.194583,-1.261816,-0.004770,0.165402,0.670317,0.134271,0.749908,-0.193693,0.609824,0.031130,-0.079591,0.216598,0.261843,0.690422,0.761834,0.195315,0.147834,0.364154
D:/BTL/repo/smart-posture-monitor/data/raw/correct/nguoi6_ss2/frame_0020.jpg,ss2,nguoi6,correct,-0.398999,-2.334457,-0.008799,0.172040,0.690949,0.138788,0.769125,-0.200883,0.626871,0.033252,-0.078176,0.216008,0.274260,0.712045,0.781547,0.199039,0.150080,0.378389
D:/BTL/repo/smart-posture-monitor/data/raw/correct/nguoi6_ss2/frame_0021.jpg,ss2,nguoi6,correct,-1.007287,-2.021022,-0.007508,0.152820,0.676957,0.123090,0.753008,-0.205439,0.616019,0.029730,-0.076051,0.212902,0.262976,0.693992,0.763002,0.179657,0.135305,0.363404
D:/BTL/repo/smart-posture-monitor/data/raw/correct/nguoi6_ss2/frame_0022.jpg,ss2,nguoi6,correct,-0.911743,1.307888,0.004902,0.179671,0.656514,0.138572,0.748134,-0.210006,0.616927,0.041100,-0.091620,0.214761,0.273437,0.680655,0.760859,0.214474,0.152741,0.391683
D:/BTL/repo/smart-posture-monitor/data/raw/correct/nguoi6_ss2/frame_0023.jpg,ss2,nguoi6,correct,-0.969591,-0.840267,-0.003116,0.176200,0.699023,0.137787,0.776405,-0.204175,0.625542,0.038413,-0.077382,0.212460,0.280727,0.720888,0.788536,0.202188,0.148038,0.387408
D:/BTL/repo/smart-posture-monitor/data/raw/correct/nguoi6_ss2/frame_0024.jpg,ss2,nguoi6,correct,0.327010,3.487875,0.012437,0.206661,0.644548,0.156913,0.738471,-0.209181,0.611018,0.049748,-0.093923,0.204429,0.290569,0.676868,0.754957,0.248298,0.174092,0.417192
D:/BTL/repo/smart-posture-monitor/data/raw/correct/nguoi6_ss2/frame_0025.jpg,ss2,nguoi6,correct,-0.774451,4.406813,0.016786,0.114876,0.637038,0.081534,0.728405,-0.229265,0.595156,0.033342,-0.091366,0.218467,0.237377,0.647313,0.732954,0.140972,0.092018,0.346681
D:/BTL/repo/smart-posture-monitor/data/raw/correct/nguoi6_ss2/frame_0026.jpg,ss2,nguoi6,correct,-1.929840,8.132663,0.031905,0.040451,0.612196,0.020203,0.711544,-0.243383,0.585989,0.020248,-0.099347,0.225530,0.187358,0.613531,0.711830,0.051136,0.023227,0.285042
D:/BTL/repo/smart-posture-monitor/data/raw/correct/nguoi6_ss2/frame_0027.jpg,ss2,nguoi6,correct,-2.371501,4.404714,0.017613,0.030103,0.666946,0.021856,0.754393,-0.235341,0.600664,0.008248,-0.087447,0.229329,0.203506,0.667625,0.754709,0.036099,0.024144,0.273594
D:/BTL/repo/smart-posture-monitor/data/raw/correct/nguoi6_ss2/frame_0028.jpg,ss2,nguoi6,correct,-2.545299,2.110152,0.008286,0.068302,0.648703,0.051566,0.735764,-0.233427,0.603733,0.016736,-0.087061,0.225042,0.214774,0.652289,0.737568,0.083212,0.057900,0.305061
D:/BTL/repo/smart-posture-monitor/data/raw/correct/nguoi6_ss2/frame_0029.jpg,ss2,nguoi6,correct,-0.116382,-2.764275,-0.008826,0.270709,0.685508,0.216111,0.756915,-0.176608,0.617973,0.054598,-0.071407,0.183004,0.333686,0.737024,0.787162,0.308623,0.233584,0.452386
D:/BTL/repo/smart-posture-monitor/data/raw/correct/nguoi6_ss2/frame_0030.jpg,ss2,nguoi6,correct,-0.136075,-6.851770,-0.021955,0.270592,0.682314,0.222657,0.759139,-0.175285,0.636058,0.047935,-0.076825,0.184027,0.334614,0.734011,0.791118,0.309407,0.239891,0.448270
D:/BTL/repo/smart-posture-monitor/data/raw/correct/nguoi6_ss2/frame_0031.jpg,ss2,nguoi6,correct,-0.611625,0.789922,0.003062,0.134128,0.654207,0.105265,0.741580,-0.216304,0.611039,0.028863,-0.087373,0.222095,0.246915,0.667815,0.749014,0.161535,0.117136,0.353080
D:/BTL/repo/smart-posture-monitor/data/raw/correct/nguoi6_ss2/frame_0032.jpg,ss2,nguoi6,correct,-1.214174,-1.811924,-0.007256,0.099692,0.642271,0.085943,0.733918,-0.222030,0.627468,0.013749,-0.091646,0.229480,0.222437,0.649962,0.738933,0.121908,0.096468,0.322062
D:/BTL/repo/smart-posture-monitor/data/raw/correct/nguoi6_ss2/frame_0033.jpg,ss2,nguoi6,correct,-1.317609,0.250446,0.000993,0.094154,0.628584,0.077902,0.722811,-0.224438,0.617897,0.016252,-0.094227,0.227224,0.215689,0.635596,0.726997,0.116732,0.088402,0.318772
D:/BTL/repo/smart-posture-monitor/data/raw/correct/nguoi6_ss2/frame_0036.jpg,ss2,nguoi6,correct,-1.143453,1.879168,0.007244,0.140976,0.649602,0.106426,0.742941,-0.221382,0.612116,0.034550,-0.093340,0.220903,0.251894,0.664723,0.750526,0.170383,0.118267,0.364292
D:/BTL/repo/smart-posture-monitor/data/raw/correct/nguoi6_ss2/frame_0037.jpg,ss2,nguoi6,correct,-1.574085,-1.047615,-0.003942,0.146987,0.676633,0.116846,0.755498,-0.206696,0.614741,0.030141,-0.078864,0.215622,0.258687,0.692414,0.764480,0.172991,0.128231,0.359057
D:/BTL/repo/smart-posture-monitor/data/raw/correct/nguoi6_ss2/frame_0038.jpg,ss2,nguoi6,correct,-0.848795,0.081691,0.000315,0.152252,0.663798,0.118975,0.752728,-0.217014,0.620425,0.033277,-0.088929,0.220827,0.261432,0.681035,0.762072,0.181253,0.130871,0.371805
D:/BTL/repo/smart-posture-monitor/data/raw/correct/nguoi6_ss2/frame_0039.jpg,ss2,nguoi6,correct,2.976466,-4.933661,-0.011769,0.339401,0.641685,0.281394,0.726860,-0.124702,0.633782,0.058007,-0.085175,0.136846,0.352119,0.725915,0.779429,0.395099,0.308172,0.464170
D:/BTL/repo/smart-posture-monitor/data/raw/correct/nguoi6_ss2/frame_0040.jpg,ss2,nguoi6,correct,3.698332,-6.718355,-0.011287,0.430678,0.549702,0.383161,0.646692,-0.013486,0.632757,0.047517,-0.096990,0.096483,0.349286,0.698323,0.751680,0.526839,0.437454,0.451862
D:/BTL/repo/smart-posture-monitor/data/raw/correct/nguoi6_ss2/frame_0041.jpg,ss2,nguoi6,correct,0.206807,3.508284,0.013943,0.055493,0.626879,0.045960,0.717328,-0.219041,0.595735,0.009533,-0.090448,0.227853,0.189806,0.629331,0.718799,0.069104,0.052513,0.276295
D:/BTL/repo/smart-posture-monitor/data/raw/correct/nguoi6_ss2/frame_0042.jpg,ss2,nguoi6,correct,0.871338,-0.805843,-0.003095,0.140604,0.661066,0.114660,0.738846,-0.201930,0.605322,0.025944,-0.077779,0.220092,0.246798,0.675854,0.747690,0.168088,0.127799,0.347040
D:/BTL/repo/smart-posture-monitor/data/raw/correct/nguoi6_ss2/frame_0043.jpg,ss2,nguoi6,correct,0.875471,0.805743,0.003021,0.127833,0.654222,0.099446,0.730974,-0.209157,0.592436,0.028387,-0.076752,0.214794,0.243443,0.666594,0.737708,0.154070,0.111808,0.342607
D:/BTL/repo/smart-posture-monitor/data/raw/correct/nguoi6_ss2/frame_0044.jpg,ss2,nguoi6,correct,0.415936,0.493543,0.001890,0.111556,0.661597,0.085313,0.735313,-0.222018,0.590797,0.026243,-0.073717,0.219403,0.244278,0.670936,0.740246,0.133748,0.095641,0.341005
D:/BTL/repo/smart-posture-monitor/data/raw/correct/nguoi6_ss2/frame_0045.jpg,ss2,nguoi6,correct,-0.558480,0.964319,0.003820,0.063425,0.651818,0.054498,0.730698,-0.220494,0.598829,0.008926,-0.078880,0.226965,0.207316,0.654897,0.732728,0.077061,0.061473,0.288821
D:/BTL/repo/smart-posture-monitor/data/raw/correct/nguoi6_ss2/frame_0046.jpg,ss2,nguoi6,correct,-0.209304,0.734856,0.002828,0.125937,0.645714,0.099883,0.737271,-0.213598,0.614374,0.026053,-0.091556,0.220524,0.236770,0.657881,0.744006,0.153064,0.111643,0.340978
D:/BTL/repo/smart-posture-monitor/data/raw/correct/nguoi6_ss2/frame_0047.jpg,ss2,nguoi6,correct,0.095885,-2.785580,-0.009843,0.210925,0.675817,0.167726,0.753042,-0.196092,0.612421,0.043199,-0.077225,0.202528,0.300300,0.707968,0.771495,0.245843,0.183354,0.411925
D:/BTL/repo/smart-posture-monitor/data/raw/correct/nguoi6_ss2/frame_0048.jpg,ss2,nguoi6,correct,1.313954,-3.166074,-0.011434,0.240669,0.661663,0.196315,0.743449,-0.183902,0.610459,0.044354,-0.081786,0.207023,0.309666,0.704073,0.768932,0.282502,0.215530,0.427647
D:/BTL/repo/smart-posture-monitor/data/raw/correct/nguoi6_ss2/frame_0049.jpg,ss2,nguoi6,correct,1.128066,-3.974648,-0.013998,0.243730,0.656032,0.202689,0.744036,-0.175058,0.631477,0.041041,-0.088004,0.201949,0.301714,0.699844,0.771150,0.287412,0.222168,0.419507
D:/BTL/repo/smart-posture-monitor/data/raw/correct/nguoi6_ss2/frame_0050.jpg,ss2,nguoi6,correct,0.485562,-2.513176,-0.009097,0.225784,0.657598,0.185808,0.748367,-0.184179,0.634673,0.039976,-0.090769,0.207451,0.291427,0.695279,0.771088,0.266905,0.203433,0.410603
D:/BTL/repo/smart-posture-monitor/data/raw/correct/nguoi6_ss2/frame_0051.jpg,ss2,nguoi6,correct,-0.764867,1.795406,0.007244,0.117966,0.608541,0.097333,0.715825,-0.219122,0.627545,0.020633,-0.107283,0.231208,0.218016,0.619870,0.722412,0.148776,0.111008,0.337623
D:/BTL/repo/smart-posture-monitor/data/raw/correct/nguoi6_ss2/frame_0052.jpg,ss2,nguoi6,correct,-0.653125,0.683870,0.002749,0.136501,0.599794,0.114744,0.709540,-0.211369,0.627391,0.021757,-0.109746,0.230341,0.225886,0.615130,0.718758,0.173233,0.131422,0.348963
D:/BTL/repo/smart-posture-monitor/data/raw/correct/nguoi6_ss2/frame_0053.jpg,ss2,nguoi6,correct,-0.322488,-10.390673,-0.031090,0.284187,0.698860,0.237752,0.768165,-0.156264,0.646653,0.046435,-0.069305,0.172376,0.338252,0.754432,0.804116,0.318983,0.253364,0.443534
D:/BTL/repo/smart-posture-monitor/data/raw/correct/nguoi6_ss2/frame_0054.jpg,ss2,nguoi6,correct,-1.357298,-6.670345,-0.020216,0.273525,0.693443,0.224115,0.766575,-0.169230,0.640753,0.049410,-0.073132,0.174042,0.335667,0.745439,0.798664,0.309359,0.239797,0.445879
D:/BTL/repo/smart-posture-monitor/data/raw/correct/nguoi6_ss2/frame_0055.jpg,ss2,nguoi6,correct,-0.611166,-6.054819,-0.019674,0.267561,0.692848,0.220922,0.766871,-0.164802,0.637470,0.046639,-0.074023,0.186519,0.324387,0.742716,0.798059,0.303217,0.236457,0.435895
D:/BTL/repo/smart-posture-monitor/data/raw/correct/nguoi6_ss2/frame_0056.jpg,ss2,nguoi6,correct,0.141406,-2.812200,-0.009197,0.270554,0.661603,0.221994,0.750354,-0.165769,0.638332,0.048561,-0.088751,0.187449,0.316426,0.714786,0.782504,0.315354,0.241101,0.436943
D:/BTL/repo/smart-posture-monitor/data/raw/correct/nguoi6_ss2/frame_0057.jpg,ss2,nguoi6,correct,0.052902,-2.847417,-0.009647,0.258708,0.664902,0.213419,0.754195,-0.170285,0.644112,0.045289,-0.089293,0.194197,0.308894,0.713460,0.783810,0.301497,0.231353,0.429497
D:/BTL/repo/smart-posture-monitor/data/raw/correct/nguoi6_ss2/frame_0058.jpg,ss2,nguoi6,correct,0.057200,-2.516614,-0.008473,0.264435,0.672413,0.216648,0.758497,-0.164182,0.637142,0.047787,-0.086085,0.192961,0.310936,0.722541,0.788831,0.305605,0.233810,0.430066
D:/BTL/repo/smart-posture-monitor/data/raw/correct/nguoi6_ss2/frame_0059.jpg,ss2,nguoi6,correct,0.428918,-4.016642,-0.013290,0.269406,0.668493,0.223211,0.753540,-0.162175,0.639906,0.046195,-0.085047,0.189730,0.314651,0.720737,0.785905,0.312103,0.241674,0.432527
D:/BTL/repo/smart-posture-monitor/data/raw/correct/nguoi6_ss2/frame_0060.jpg,ss2,nguoi6,correct,-0.029345,-1.409624,-0.005313,0.173591,0.653683,0.142695,0.746384,-0.196402,0.634138,0.030896,-0.092702,0.215971,0.258129,0.676340,0.759902,0.207984,0.157460,0.370510
D:/BTL/repo/smart-posture-monitor/data/raw/correct/nguoi6_ss2/frame_0061.jpg,ss2,nguoi6,correct,-0.824317,1.603171,0.006397,0.113280,0.641511,0.091455,0.737468,-0.216637,0.620397,0.021825,-0.095956,0.228655,0.224787,0.651436,0.743117,0.138437,0.102275,0.330593
D:/BTL/repo/smart-posture-monitor/data/raw/correct/nguoi6_ss2/frame_0062.jpg,ss2,nguoi6,correct,-1.063445,1.995460,0.008082,0.095584,0.638192,0.074968,0.734281,-0.228514,0.611347,0.020617,-0.096089,0.232119,0.222011,0.645311,0.738098,0.117392,0.084185,0.325208
D:/BTL/repo/smart-posture-monitor/data/raw/correct/nguoi6_ss2/frame_0063.jpg,ss2,nguoi6,correct,-1.162347,2.616580,0.010571,0.093024,0.638883,0.072254,0.734624,-0.228433,0.610332,0.020770,-0.095741,0.231561,0.219995,0.645620,0.738169,0.114196,0.081126,0.322722
D:/BTL/repo/smart-posture-monitor/data/raw/correct/nguoi7_ss1/frame_0001.jpg,ss1,nguoi7,correct,7.504083,-11.075408,-0.034173,0.497920,0.582937,0.460853,0.711654,-0.010039,0.734041,0.037066,-0.128717,0.177890,0.383640,0.766642,0.847843,0.572766,0.482967,0.529956
D:/BTL/repo/smart-posture-monitor/data/raw/correct/nguoi7_ss1/frame_0002.jpg,ss1,nguoi7,correct,7.944957,-12.485081,-0.036083,0.488832,0.584556,0.453626,0.708564,-0.007330,0.735328,0.035206,-0.124008,0.166909,0.379575,0.762012,0.841332,0.564030,0.477971,0.518564
D:/BTL/repo/smart-posture-monitor/data/raw/correct/nguoi7_ss1/frame_0003.jpg,ss1,nguoi7,correct,7.748019,-11.821596,-0.038582,0.479667,0.587344,0.444826,0.716864,-0.031909,0.742109,0.034841,-0.129520,0.188329,0.384613,0.758323,0.843661,0.554548,0.467013,0.534473
D:/BTL/repo/smart-posture-monitor/data/raw/correct/nguoi7_ss1/frame_0004.jpg,ss1,nguoi7,correct,7.361256,-10.401641,-0.031549,0.476847,0.594601,0.437360,0.717841,-0.031412,0.728968,0.039487,-0.123240,0.174741,0.382865,0.762190,0.840583,0.548531,0.460083,0.525720
D:/BTL/repo/smart-posture-monitor/data/raw/correct/nguoi7_ss1/frame_0005.jpg,ss1,nguoi7,correct,7.397404,-11.094213,-0.031855,0.489775,0.602626,0.447665,0.725189,-0.025960,0.736622,0.042110,-0.122563,0.165546,0.392425,0.776555,0.852235,0.556085,0.466227,0.532858
D:/BTL/repo/smart-posture-monitor/data/raw/correct/nguoi7_ss1/frame_0006.jpg,ss1,nguoi7,correct,7.691581,-12.322803,-0.038145,0.469763,0.621771,0.430142,0.743896,-0.036127,0.744319,0.039621,-0.122125,0.178732,0.379421,0.779280,0.859304,0.529466,0.443858,0.520522
D:/BTL/repo/smart-posture-monitor/data/raw/correct/nguoi7_ss1/frame_0007.jpg,ss1,nguoi7,correct,8.146020,-11.341261,-0.033642,0.444087,0.635043,0.405523,0.757440,-0.044984,0.756606,0.038564,-0.122396,0.171074,0.367065,0.774915,0.859164,0.500296,0.417236,0.503953
D:/BTL/repo/smart-posture-monitor/data/raw/correct/nguoi7_ss1/frame_0008.jpg,ss1,nguoi7,correct,8.499702,-12.257380,-0.037199,0.461278,0.653216,0.420974,0.773820,-0.039869,0.766659,0.040304,-0.120604,0.175216,0.376115,0.799668,0.880918,0.507854,0.425065,0.513827
D:/BTL/repo/smart-posture-monitor/data/raw/correct/nguoi7_ss1/frame_0009.jpg,ss1,nguoi7,correct,8.782422,-12.859562,-0.039814,0.459034,0.614783,0.423361,0.740051,-0.044327,0.756301,0.035673,-0.125269,0.178891,0.380503,0.767249,0.852591,0.523022,0.439322,0.522877
D:/BTL/repo/smart-posture-monitor/data/raw/correct/nguoi7_ss1/frame_0010.jpg,ss1,nguoi7,correct,7.693878,-8.968404,-0.028342,0.424056,0.612952,0.384175,0.734277,-0.069960,0.728554,0.039881,-0.121325,0.181807,0.364885,0.745341,0.828705,0.491230,0.405960,0.507361
D:/BTL/repo/smart-posture-monitor/data/raw/correct/nguoi7_ss1/frame_0011.jpg,ss1,nguoi7,correct,7.646740,-8.636103,-0.027486,0.456420,0.624262,0.410351,0.743777,-0.053698,0.719093,0.046069,-0.119515,0.183047,0.375534,0.773319,0.849465,0.516340,0.426400,0.518858
D:/BTL/repo/smart-posture-monitor/data/raw/correct/nguoi7_ss1/frame_0012.jpg,ss1,nguoi7,correct,8.208495,-11.052115,-0.036272,0.412471,0.649341,0.372510,0.767273,-0.074972,0.738857,0.039961,-0.117932,0.189209,0.357674,0.769270,0.852920,0.464718,0.384094,0.495594
D:/BTL/repo/smart-posture-monitor/data/raw/correct/nguoi7_ss1/frame_0013.jpg,ss1,nguoi7,correct,7.551120,-7.663990,-0.027513,0.309278,0.672186,0.272628,0.783648,-0.132069,0.716608,0.036650,-0.111462,0.206301,0.313073,0.739923,0.829717,0.353309,0.284514,0.443577
D:/BTL/repo/smart-posture-monitor/data/raw/correct/nguoi7_ss1/frame_0014.jpg,ss1,nguoi7,correct,7.121564,-3.544541,-0.013367,0.243787,0.688356,0.205608,0.797919,-0.170105,0.706903,0.038179,-0.109564,0.216213,0.285078,0.730250,0.823984,0.278944,0.214661,0.414308
D:/BTL/repo/smart-posture-monitor/data/raw/correct/nguoi7_ss1/frame_0015.jpg,ss1,nguoi7,correct,7.780259,-3.403035,-0.013115,0.256081,0.689174,0.219326,0.801270,-0.159268,0.704062,0.036755,-0.112095,0.220943,0.287683,0.735213,0.830745,0.291978,0.227778,0.415615
D:/BTL/repo/smart-posture-monitor/data/raw/correct/nguoi7_ss1/frame_0016.jpg,ss1,nguoi7,correct,7.741313,-3.742095,-0.013688,0.335807,0.711389,0.289500,0.828493,-0.127077,0.743166,0.046306,-0.117104,0.209736,0.325266,0.786664,0.877617,0.367472,0.289610,0.463973
D:/BTL/repo/smart-posture-monitor/data/raw/correct/nguoi7_ss1/frame_0017.jpg,ss1,nguoi7,correct,7.605878,-5.159309,-0.018974,0.313821,0.705925,0.270903,0.820746,-0.144370,0.741652,0.042917,-0.114822,0.210998,0.322602,0.772537,0.864299,0.347264,0.273897,0.459581
D:/BTL/repo/smart-posture-monitor/data/raw/correct/nguoi7_ss1/frame_0018.jpg,ss1,nguoi7,correct,7.223663,-4.192799,-0.014761,0.271727,0.672022,0.232451,0.780998,-0.155672,0.702637,0.039276,-0.108976,0.201898,0.299960,0.724879,0.814857,0.313582,0.245166,0.428494
D:/BTL/repo/smart-posture-monitor/data/raw/correct/nguoi7_ss1/frame_0019.jpg,ss1,nguoi7,correct,7.808868,-8.013166,-0.029253,0.291802,0.663054,0.255948,0.775468,-0.143731,0.711519,0.035854,-0.112415,0.209850,0.306037,0.724423,0.816615,0.337786,0.269997,0.438221
D:/BTL/repo/smart-posture-monitor/data/raw/correct/nguoi7_ss1/frame_0020.jpg,ss1,nguoi7,correct,8.167325,-9.932211,-0.035459,0.408248,0.675018,0.369520,0.799866,-0.092124,0.774811,0.038729,-0.124848,0.205579,0.362926,0.788870,0.881096,0.450395,0.371022,0.510227
D:/BTL/repo/smart-posture-monitor/data/raw/correct/nguoi7_ss1/frame_0021.jpg,ss1,nguoi7,correct,9.686476,-11.417007,-0.037461,0.426700,0.663471,0.388436,0.786132,-0.069294,0.774063,0.038264,-0.122660,0.189248,0.366275,0.788839,0.876861,0.472214,0.392297,0.508173
D:/BTL/repo/smart-posture-monitor/data/raw/correct/nguoi7_ss1/frame_0022.jpg,ss1,nguoi7,correct,9.821821,-12.893488,-0.042747,0.387447,0.666283,0.351873,0.784821,-0.095354,0.766458,0.035574,-0.118539,0.191571,0.356081,0.770745,0.860092,0.434005,0.359611,0.493085
D:/BTL/repo/smart-posture-monitor/data/raw/correct/nguoi7_ss1/frame_0023.jpg,ss1,nguoi7,correct,7.352536,-9.775897,-0.032668,0.440605,0.656734,0.398647,0.777480,-0.066599,0.756067,0.041958,-0.120746,0.192398,0.372362,0.790843,0.873725,0.487772,0.404235,0.516838
D:/BTL/repo/smart-posture-monitor/data/raw/correct/nguoi7_ss1/frame_0024.jpg,ss1,nguoi7,correct,7.473569,-12.650362,-0.039981,0.477657,0.658907,0.436243,0.785565,-0.034366,0.777899,0.041414,-0.126659,0.182563,0.382544,0.813827,0.898566,0.519685,0.434007,0.525668
D:/BTL/repo/smart-posture-monitor/data/raw/correct/nguoi7_ss1/frame_0025.jpg,ss1,nguoi7,correct,6.017498,-11.394294,-0.037796,0.414153,0.675282,0.371614,0.789172,-0.080014,0.746841,0.042538,-0.113890,0.191312,0.363058,0.792167,0.872290,0.455805,0.376252,0.499321
D:/BTL/repo/smart-posture-monitor/data/raw/correct/nguoi7_ss1/frame_0026.jpg,ss1,nguoi7,correct,7.023062,-10.299991,-0.034174,0.400967,0.689004,0.358526,0.797508,-0.079362,0.743847,0.042441,-0.108503,0.191130,0.351066,0.797183,0.874391,0.438141,0.361828,0.483450
D:/BTL/repo/smart-posture-monitor/data/raw/correct/nguoi7_ss1/frame_0027.jpg,ss1,nguoi7,correct,7.813694,-12.304005,-0.040928,0.397170,0.688043,0.355372,0.801575,-0.093491,0.755575,0.041798,-0.113533,0.192060,0.361206,0.794447,0.876819,0.434942,0.357738,0.495286
D:/BTL/repo/smart-posture-monitor/data/raw/correct/nguoi7_ss1/frame_0028.jpg,ss1,nguoi7,correct,7.138252,-9.334686,-0.032691,0.369013,0.693823,0.326229,0.808215,-0.117036,0.750298,0.042784,-0.114392,0.201543,0.351756,0.785850,0.871571,0.405934,0.329112,0.489319
D:/BTL/repo/smart-posture-monitor/data/raw/correct/nguoi7_ss1/frame_0029.jpg,ss1,nguoi7,correct,7.228759,-8.809772,-0.031626,0.392867,0.701080,0.347598,0.811986,-0.099799,0.743048,0.045269,-0.110906,0.206499,0.355613,0.803653,0.883259,0.426002,0.347609,0.494451
D:/BTL/repo/smart-posture-monitor/data/raw/correct/nguoi7_ss1/frame_0030.jpg,ss1,nguoi7,correct,6.619284,-9.512345,-0.034378,0.405576,0.696196,0.359607,0.812339,-0.101741,0.752531,0.045969,-0.116143,0.208025,0.366935,0.805718,0.888376,0.439689,0.358335,0.510435
D:/BTL/repo/smart-posture-monitor/data/raw/correct/nguoi7_ss1/frame_0031.jpg,ss1,nguoi7,correct,6.867002,-11.923080,-0.039770,0.434978,0.667754,0.393466,0.789884,-0.076990,0.767524,0.041512,-0.122130,0.192500,0.378647,0.796932,0.882458,0.478035,0.395524,0.521599
D:/BTL/repo/smart-posture-monitor/data/raw/correct/nguoi7_ss1/frame_0032.jpg,ss1,nguoi7,correct,8.200597,-12.140634,-0.039960,0.499441,0.650124,0.457794,0.779546,-0.027707,0.777773,0.041647,-0.129422,0.190001,0.393227,0.819819,0.904028,0.542161,0.454246,0.542383
D:/BTL/repo/smart-posture-monitor/data/raw/correct/nguoi7_ss1/frame_0033.jpg,ss1,nguoi7,correct,7.069159,-10.931280,-0.037185,0.459404,0.668528,0.416434,0.789998,-0.057308,0.765856,0.042970,-0.121470,0.196089,0.379887,0.811161,0.893036,0.499593,0.415532,0.525798
D:/BTL/repo/smart-posture-monitor/data/raw/correct/nguoi7_ss1/frame_0034.jpg,ss1,nguoi7,correct,7.175320,-10.510511,-0.034838,0.438704,0.664116,0.395463,0.790032,-0.068956,0.764873,0.043240,-0.125916,0.190979,0.372971,0.795934,0.883483,0.482937,0.397236,0.517562
D:/BTL/repo/smart-posture-monitor/data/raw/correct/nguoi7_ss1/frame_0035.jpg,ss1,nguoi7,correct,8.115030,-11.379523,-0.038168,0.451239,0.665941,0.408882,0.789452,-0.059033,0.766070,0.042358,-0.123511,0.193445,0.375502,0.804422,0.889055,0.493454,0.409176,0.520003
D:/BTL/repo/smart-posture-monitor/data/raw/correct/nguoi7_ss1/frame_0036.jpg,ss1,nguoi7,correct,7.766253,-11.899497,-0.040698,0.459151,0.681109,0.417021,0.798786,-0.053033,0.769977,0.042130,-0.117677,0.197375,0.376708,0.821419,0.901091,0.494051,0.413052,0.519836
D:/BTL/repo/smart-posture-monitor/data/raw/correct/nguoi7_ss1/frame_0037.jpg,ss1,nguoi7,correct,8.126729,-13.153649,-0.044147,0.460132,0.673809,0.417570,0.795463,-0.061207,0.772857,0.042562,-0.121654,0.194000,0.386910,0.815929,0.898402,0.497989,0.414648,0.530665
D:/BTL/repo/smart-posture-monitor/data/raw/correct/nguoi7_ss1/frame_0038.jpg,ss1,nguoi7,correct,7.749226,-13.771152,-0.044358,0.451752,0.650001,0.413973,0.777336,-0.048636,0.771905,0.037779,-0.127335,0.186343,0.373138,0.791569,0.880695,0.500744,0.417751,0.515023
D:/BTL/repo/smart-posture-monitor/data/raw/correct/nguoi7_ss1/frame_0039.jpg,ss1,nguoi7,correct,7.952008,-13.371242,-0.041218,0.393866,0.662512,0.360616,0.777849,-0.069507,0.763693,0.033250,-0.115337,0.178235,0.345177,0.770748,0.857376,0.441658,0.369808,0.474291
D:/BTL/repo/smart-posture-monitor/data/raw/correct/nguoi7_ss1/frame_0040.jpg,ss1,nguoi7,correct,5.723669,-7.351886,-0.024854,0.390808,0.693067,0.347859,0.813448,-0.108566,0.779198,0.042949,-0.120382,0.194225,0.363123,0.795658,0.884706,0.427047,0.347420,0.506747
D:/BTL/repo/smart-posture-monitor/data/raw/correct/nguoi7_ss1/frame_0041.jpg,ss1,nguoi7,correct,5.682595,-8.699485,-0.031005,0.364603,0.666436,0.327842,0.793462,-0.118062,0.769048,0.036761,-0.127026,0.204990,0.346893,0.759653,0.858524,0.411588,0.334769,0.493452
D:/BTL/repo/smart-posture-monitor/data/raw/correct/nguoi7_ss1/frame_0042.jpg,ss1,nguoi7,correct,7.382727,-10.871362,-0.038459,0.374692,0.622869,0.346162,0.751448,-0.093398,0.755375,0.028529,-0.128579,0.203916,0.339776,0.726883,0.827347,0.438453,0.364631,0.486483
D:/BTL/repo/smart-posture-monitor/data/raw/correct/nguoi7_ss1/frame_0043.jpg,ss1,nguoi7,correct,5.642871,-8.277266,-0.026626,0.410444,0.677546,0.363173,0.799024,-0.104713,0.765127,0.047271,-0.121478,0.184951,0.379323,0.792169,0.877687,0.451452,0.365571,0.522548
D:/BTL/repo/smart-posture-monitor/data/raw/correct/nguoi7_ss1/frame_0044.jpg,ss1,nguoi7,correct,6.166419,-9.427917,-0.031052,0.459770,0.682739,0.412092,0.800665,-0.062835,0.763340,0.047678,-0.117926,0.189566,0.385069,0.823117,0.900492,0.493910,0.408186,0.528785
D:/BTL/repo/smart-posture-monitor/data/raw/correct/nguoi7_ss1/frame_0045.jpg,ss1,nguoi7,correct,7.348362,-12.695568,-0.036688,0.454407,0.663959,0.407511,0.779728,-0.052968,0.750618,0.046896,-0.115769,0.166940,0.382009,0.804567,0.879796,0.497119,0.411281,0.514723
D:/BTL/repo/smart-posture-monitor/data/raw/correct/nguoi7_ss1/frame_0046.jpg,ss1,nguoi7,correct,6.788937,-12.475263,-0.039431,0.425069,0.691140,0.382229,0.805398,-0.073589,0.771425,0.042841,-0.114258,0.182537,0.370614,0.811393,0.891496,0.459552,0.380605,0.505080
D:/BTL/repo/smart-posture-monitor/data/raw/correct/nguoi7_ss1/frame_0047.jpg,ss1,nguoi7,correct,6.841465,-14.635134,-0.046127,0.451469,0.680608,0.410977,0.797708,-0.058765,0.781674,0.040492,-0.117100,0.182565,0.383419,0.816732,0.897352,0.487501,0.408214,0.520146
D:/BTL/repo/smart-posture-monitor/data/raw/correct/nguoi7_ss1/frame_0048.jpg,ss1,nguoi7,correct,7.091848,-13.209662,-0.044594,0.420588,0.683659,0.383318,0.801686,-0.072514,0.778615,0.037270,-0.118027,0.195147,0.363681,0.802673,0.888613,0.458423,0.382742,0.502161
D:/BTL/repo/smart-posture-monitor/data/raw/correct/nguoi7_ss1/frame_0049.jpg,ss1,nguoi7,correct,6.640834,-13.017653,-0.042681,0.405517,0.673381,0.367686,0.790568,-0.083774,0.766766,0.037832,-0.117187,0.189480,0.361980,0.786058,0.871890,0.448475,0.372266,0.498123
D:/BTL/repo/smart-posture-monitor/data/raw/correct/nguoi7_ss1/frame_0050.jpg,ss1,nguoi7,correct,7.062491,-12.520806,-0.042827,0.403204,0.676908,0.365730,0.794229,-0.086845,0.766194,0.037474,-0.117320,0.197546,0.359567,0.787895,0.874390,0.444915,0.369358,0.498116
D:/BTL/repo/smart-posture-monitor/data/raw/correct/nguoi7_ss1/frame_0051.jpg,ss1,nguoi7,correct,6.818957,-10.602924,-0.036350,0.414428,0.692806,0.372274,0.810458,-0.089004,0.774025,0.042154,-0.117652,0.197552,0.368261,0.807299,0.891869,0.449169,0.370213,0.509942
D:/BTL/repo/smart-posture-monitor/data/raw/correct/nguoi7_ss1/frame_0052.jpg,ss1,nguoi7,correct,3.861983,-10.309323,-0.041862,0.434985,0.772995,0.389840,0.901368,-0.089089,0.835940,0.045144,-0.128373,0.233914,0.373968,0.886980,0.982059,0.437419,0.358527,0.527840
D:/BTL/repo/smart-posture-monitor/data/raw/correct/nguoi7_ss1/frame_0053.jpg,ss1,nguoi7,correct,6.860548,-9.586872,-0.037775,0.468647,0.708810,0.423319,0.840874,-0.055889,0.782118,0.045328,-0.132064,0.226818,0.375498,0.849731,0.941418,0.490784,0.404471,0.529634
D:/BTL/repo/smart-posture-monitor/data/raw/correct/nguoi7_ss1/frame_0054.jpg,ss1,nguoi7,correct,6.185106,-10.052935,-0.033234,0.405802,0.637074,0.362843,0.752302,-0.087652,0.715230,0.042958,-0.115228,0.190389,0.360780,0.755340,0.835233,0.463402,0.380049,0.499604
D:/BTL/repo/smart-posture-monitor/data/raw/correct/nguoi7_ss1/frame_0055.jpg,ss1,nguoi7,correct,6.871657,-16.027491,-0.054012,0.446576,0.630084,0.408918,0.757805,-0.065759,0.749470,0.037658,-0.127721,0.195627,0.382303,0.772293,0.861094,0.504762,0.420126,0.526061
D:/BTL/repo/smart-posture-monitor/data/raw/correct/nguoi7_ss1/frame_0059.jpg,ss1,nguoi7,correct,5.598296,-0.492974,-0.002064,0.008033,0.677681,0.007949,0.777064,-0.268937,0.671808,0.000084,-0.099383,0.239925,0.189535,0.677729,0.777105,0.009538,0.008603,0.277032
D:/BTL/repo/smart-posture-monitor/data/raw/correct/nguoi7_ss1/frame_0060.jpg,ss1,nguoi7,correct,7.788984,-6.363647,-0.027995,-0.017431,0.693377,-0.000712,0.804204,-0.294605,0.734204,-0.016719,-0.110827,0.252575,0.188172,0.693596,0.804204,-0.020388,-0.000752,0.280164
D:/BTL/repo/smart-posture-monitor/data/raw/correct/nguoi7_ss1/frame_0061.jpg,ss1,nguoi7,correct,5.708396,-4.963767,-0.020416,0.005452,0.661338,0.012275,0.765619,-0.288307,0.708952,-0.006824,-0.104281,0.235953,0.194882,0.661360,0.765717,0.006576,0.013423,0.297593
D:/BTL/repo/smart-posture-monitor/data/raw/correct/nguoi8_ss1/frame_0001.jpg,ss1,nguoi8,correct,-0.220521,-1.777920,-0.006486,0.179058,0.660721,0.139237,0.743408,-0.226437,0.619478,0.039821,-0.082687,0.209055,0.290511,0.684554,0.756335,0.212911,0.154128,0.407587
D:/BTL/repo/smart-posture-monitor/data/raw/correct/nguoi8_ss1/frame_0002.jpg,ss1,nguoi8,correct,0.412120,-6.066255,-0.021332,0.309327,0.711884,0.261834,0.801034,-0.147336,0.687425,0.047493,-0.089150,0.201862,0.332873,0.776184,0.842741,0.340886,0.269772,0.457318
D:/BTL/repo/smart-posture-monitor/data/raw/correct/nguoi8_ss1/frame_0003.jpg,ss1,nguoi8,correct,-0.689447,-3.995459,-0.013741,0.344043,0.729891,0.289182,0.825374,-0.133135,0.710343,0.054861,-0.095483,0.197202,0.346132,0.806912,0.874568,0.369496,0.290078,0.477578
D:/BTL/repo/smart-posture-monitor/data/raw/correct/nguoi8_ss1/frame_0004.jpg,ss1,nguoi8,correct,-0.966262,-4.982909,-0.017331,0.326252,0.719906,0.275702,0.815125,-0.131421,0.701628,0.050550,-0.095219,0.199527,0.331098,0.790383,0.860488,0.355306,0.279808,0.458038
D:/BTL/repo/smart-posture-monitor/data/raw/correct/nguoi8_ss1/frame_0005.jpg,ss1,nguoi8,correct,-0.631866,-3.274978,-0.011361,0.322206,0.742671,0.268316,0.833320,-0.135749,0.704014,0.053889,-0.090649,0.198878,0.333343,0.809553,0.875452,0.344307,0.268533,0.459583
D:/BTL/repo/smart-posture-monitor/data/raw/correct/nguoi8_ss1/frame_0006.jpg,ss1,nguoi8,correct,0.112651,-2.422264,-0.007902,0.314073,0.754570,0.256276,0.840792,-0.145132,0.703535,0.057798,-0.086222,0.186960,0.338837,0.817324,0.878981,0.332857,0.255473,0.462032
D:/BTL/repo/smart-posture-monitor/data/raw/correct/nguoi8_ss1/frame_0007.jpg,ss1,nguoi8,correct,2.327756,-4.993832,-0.016485,0.306162,0.744502,0.251667,0.833278,-0.164751,0.710939,0.054496,-0.088776,0.189375,0.347553,0.804996,0.870453,0.328030,0.252715,0.472108
D:/BTL/repo/smart-posture-monitor/data/raw/correct/nguoi8_ss1/frame_0008.jpg,ss1,nguoi8,correct,5.334059,-7.666936,-0.025760,0.331515,0.708623,0.283291,0.800954,-0.136075,0.701510,0.048225,-0.092332,0.193086,0.342621,0.782335,0.849577,0.364126,0.290546,0.467644
D:/BTL/repo/smart-posture-monitor/data/raw/correct/nguoi8_ss1/frame_0009.jpg,ss1,nguoi8,correct,4.779170,-7.170898,-0.025193,0.297865,0.709422,0.251543,0.793491,-0.150071,0.674140,0.046322,-0.084068,0.201823,0.329101,0.769418,0.832407,0.329989,0.261427,0.449323
D:/BTL/repo/smart-posture-monitor/data/raw/correct/nguoi8_ss1/frame_0010.jpg,ss1,nguoi8,correct,-0.393181,-3.148454,-0.009367,0.345757,0.774589,0.280880,0.858528,-0.140995,0.717580,0.064877,-0.083939,0.170550,0.366871,0.848255,0.903307,0.357066,0.274487,0.490079
D:/BTL/repo/smart-posture-monitor/data/raw/correct/nguoi8_ss1/frame_0011.jpg,ss1,nguoi8,correct,-3.706708,-2.699029,-0.007797,0.380925,0.788238,0.313123,0.882249,-0.116252,0.752963,0.067802,-0.094011,0.165585,0.371377,0.875456,0.936167,0.384914,0.297981,0.498427
D:/BTL/repo/smart-posture-monitor/data/raw/correct/nguoi8_ss1/frame_0012.jpg,ss1,nguoi8,correct,-1.423859,-2.235282,-0.007140,0.376315,0.748741,0.315412,0.847869,-0.114050,0.734330,0.060903,-0.099129,0.183055,0.357717,0.837989,0.904636,0.393735,0.308612,0.490576
D:/BTL/repo/smart-posture-monitor/data/raw/correct/nguoi8_ss1/frame_0013.jpg,ss1,nguoi8,correct,3.074485,-6.879993,-0.022360,0.349643,0.732916,0.295157,0.821747,-0.135865,0.710808,0.054486,-0.088831,0.186662,0.359726,0.812044,0.873147,0.373898,0.296585,0.486011
D:/BTL/repo/smart-posture-monitor/data/raw/correct/nguoi8_ss1/frame_0014.jpg,ss1,nguoi8,correct,1.205191,-9.855455,-0.031142,0.338956,0.739002,0.284912,0.826236,-0.141783,0.709937,0.054044,-0.087234,0.181944,0.361943,0.813028,0.873980,0.361675,0.285855,0.481617
D:/BTL/repo/smart-posture-monitor/data/raw/correct/nguoi8_ss1/frame_0015.jpg,ss1,nguoi8,correct,0.759851,-3.152122,-0.008624,0.392063,0.728978,0.331501,0.827425,-0.091185,0.731933,0.060562,-0.098447,0.156845,0.358553,0.827722,0.891362,0.415110,0.328634,0.483257
D:/BTL/repo/smart-posture-monitor/data/raw/correct/nguoi8_ss1/frame_0016.jpg,ss1,nguoi8,correct,5.168688,-8.543656,-0.025586,0.387791,0.703627,0.337794,0.799096,-0.088931,0.722683,0.049997,-0.095470,0.172226,0.353024,0.803413,0.867560,0.420294,0.342387,0.477102
D:/BTL/repo/smart-posture-monitor/data/raw/correct/nguoi8_ss1/frame_0017.jpg,ss1,nguoi8,correct,2.421700,-9.309735,-0.030190,0.322219,0.713733,0.275592,0.794676,-0.140690,0.693328,0.046628,-0.080943,0.186624,0.344476,0.783096,0.841107,0.353247,0.284675,0.463359
D:/BTL/repo/smart-posture-monitor/data/raw/correct/nguoi8_ss1/frame_0018.jpg,ss1,nguoi8,correct,0.663934,-8.052505,-0.028173,0.276072,0.715873,0.234521,0.796168,-0.166023,0.685367,0.041552,-0.080294,0.201118,0.325858,0.767262,0.829990,0.305744,0.243975,0.443146
D:/BTL/repo/smart-posture-monitor/data/raw/correct/nguoi8_ss1/frame_0019.jpg,ss1,nguoi8,correct,0.576613,-7.484409,-0.026930,0.300763,0.726939,0.255564,0.816622,-0.159774,0.705298,0.045199,-0.089683,0.206743,0.336817,0.786701,0.855678,0.327762,0.260122,0.461045
D:/BTL/repo/smart-posture-monitor/data/raw/correct/nguoi8_ss1/frame_0020.jpg,ss1,nguoi8,correct,0.064069,-5.978924,-0.021620,0.297965,0.707038,0.254224,0.800082,-0.148937,0.692389,0.043741,-0.093044,0.207564,0.322505,0.767258,0.839501,0.330801,0.262558,0.447142
D:/BTL/repo/smart-posture-monitor/data/raw/correct/nguoi8_ss1/frame_0021.jpg,ss1,nguoi8,correct,0.527715,-5.929296,-0.021477,0.289552,0.705519,0.245229,0.795631,-0.155537,0.681790,0.044323,-0.090112,0.207905,0.322411,0.762625,0.832566,0.322606,0.254709,0.445721
D:/BTL/repo/smart-posture-monitor/data/raw/correct/nguoi8_ss1/frame_0022.jpg,ss1,nguoi8,correct,0.775166,-5.816064,-0.020465,0.308110,0.694320,0.262106,0.785069,-0.140355,0.676743,0.046004,-0.090749,0.201957,0.324440,0.759613,0.827667,0.345072,0.273817,0.448809
D:/BTL/repo/smart-posture-monitor/data/raw/correct/nguoi8_ss1/frame_0023.jpg,ss1,nguoi8,correct,1.572117,-7.850667,-0.029461,0.408973,0.705646,0.361547,0.817675,-0.086970,0.738561,0.047425,-0.112028,0.215686,0.354337,0.815595,0.894040,0.439232,0.358481,0.497033
D:/BTL/repo/smart-posture-monitor/data/raw/correct/nguoi8_ss1/frame_0024.jpg,ss1,nguoi8,correct,0.589752,-3.626488,-0.013206,0.307671,0.735194,0.256001,0.823631,-0.149569,0.690170,0.051669,-0.088437,0.208783,0.332343,0.796977,0.862499,0.332238,0.258979,0.459451
D:/BTL/repo/smart-posture-monitor/data/raw/correct/nguoi8_ss1/frame_0025.jpg,ss1,nguoi8,correct,-0.174177,-1.984383,-0.007510,0.262843,0.733654,0.212071,0.821446,-0.175679,0.673723,0.050772,-0.087792,0.216891,0.317793,0.779317,0.848379,0.287351,0.216669,0.442598
D:/BTL/repo/smart-posture-monitor/data/raw/correct/nguoi8_ss1/frame_0026.jpg,ss1,nguoi8,correct,1.032575,2.928347,0.010390,0.308486,0.720127,0.242556,0.816606,-0.174676,0.670727,0.065929,-0.096479,0.203374,0.345608,0.783420,0.851868,0.337538,0.247511,0.485680
D:/BTL/repo/smart-posture-monitor/data/raw/correct/nguoi8_ss1/frame_0027.jpg,ss1,nguoi8,correct,3.178734,3.103835,0.012592,0.138081,0.651901,0.095862,0.733871,-0.250852,0.577716,0.042219,-0.081970,0.232555,0.275023,0.666364,0.740106,0.166580,0.107522,0.395945
D:/BTL/repo/smart-posture-monitor/data/raw/correct/nguoi8_ss1/frame_0028.jpg,ss1,nguoi8,correct,1.248005,-5.754193,-0.019964,0.326413,0.622149,0.291863,0.732692,-0.110694,0.690706,0.034549,-0.110543,0.199119,0.307916,0.702577,0.788683,0.388510,0.317154,0.442450
D:/BTL/repo/smart-posture-monitor/data/raw/correct/nguoi8_ss1/frame_0029.jpg,ss1,nguoi8,correct,1.751144,-5.755078,-0.019800,0.314397,0.660838,0.270915,0.765916,-0.148950,0.695311,0.043482,-0.105078,0.197454,0.331558,0.731815,0.812417,0.362377,0.287267,0.464628
D:/BTL/repo/smart-posture-monitor/data/raw/correct/nguoi8_ss1/frame_0030.jpg,ss1,nguoi8,correct,0.183505,-7.143023,-0.023789,0.335697,0.678779,0.294664,0.780667,-0.126250,0.718659,0.041032,-0.101888,0.191309,0.334274,0.757254,0.834427,0.378248,0.306752,0.463665
D:/BTL/repo/smart-posture-monitor/data/raw/correct/nguoi8_ss1/frame_0031.jpg,ss1,nguoi8,correct,0.849268,-2.124518,-0.007326,0.288577,0.712088,0.236227,0.808590,-0.175609,0.697719,0.052349,-0.096502,0.197613,0.333389,0.768340,0.842390,0.319696,0.243023,0.464408
D:/BTL/repo/smart-posture-monitor/data/raw/correct/nguoi8_ss1/frame_0032.jpg,ss1,nguoi8,correct,1.770670,-5.706910,-0.018846,0.284418,0.686132,0.238596,0.779017,-0.173812,0.689013,0.045821,-0.092885,0.189520,0.333294,0.742746,0.814737,0.322953,0.251790,0.458239
D:/BTL/repo/smart-posture-monitor/data/raw/correct/nguoi8_ss1/frame_0033.jpg,ss1,nguoi8,correct,1.564696,-5.491354,-0.018163,0.270194,0.693766,0.223325,0.782143,-0.183536,0.679871,0.046869,-0.088377,0.189801,0.331649,0.744524,0.813401,0.305750,0.235702,0.453943
D:/BTL/repo/smart-posture-monitor/data/raw/correct/nguoi8_ss1/frame_0034.jpg,ss1,nguoi8,correct,2.676890,-6.131163,-0.019739,0.282426,0.655973,0.239572,0.747225,-0.160651,0.665617,0.042854,-0.091252,0.184813,0.321628,0.714189,0.784691,0.329911,0.260031,0.443182
D:/BTL/repo/smart-posture-monitor/data/raw/correct/nguoi8_ss1/frame_0035.jpg,ss1,nguoi8,correct,2.207765,-4.482434,-0.014549,0.279761,0.661749,0.233073,0.755124,-0.175218,0.668343,0.046687,-0.093375,0.186160,0.329218,0.718455,0.790276,0.325275,0.251517,0.455027
D:/BTL/repo/smart-posture-monitor/data/raw/correct/nguoi8_ss1/frame_0036.jpg,ss1,nguoi8,correct,-3.007724,-5.716182,-0.017582,0.307524,0.689315,0.259922,0.783485,-0.143396,0.695672,0.047602,-0.094170,0.176527,0.329953,0.754802,0.825474,0.346038,0.272039,0.450965
D:/BTL/repo/smart-posture-monitor/data/raw/correct/nguoi8_ss1/frame_0037.jpg,ss1,nguoi8,correct,-2.193986,-4.530657,-0.016245,0.250618,0.669051,0.215680,0.767083,-0.155129,0.679134,0.034938,-0.098031,0.205653,0.284986,0.714450,0.796827,0.291496,0.231022,0.405873
D:/BTL/repo/smart-posture-monitor/data/raw/correct/nguoi8_ss1/frame_0038.jpg,ss1,nguoi8,correct,-0.307512,-6.596618,-0.021086,0.321680,0.646660,0.281344,0.746455,-0.125895,0.687284,0.040336,-0.099795,0.183548,0.323669,0.722251,0.797715,0.374827,0.302778,0.449415
D:/BTL/repo/smart-posture-monitor/data/raw/correct/nguoi8_ss1/frame_0039.jpg,ss1,nguoi8,correct,0.449006,-8.466477,-0.031732,0.269080,0.669324,0.236372,0.767042,-0.161464,0.686123,0.032708,-0.097718,0.215522,0.306910,0.721387,0.802637,0.311510,0.252214,0.430872
D:/BTL/repo/smart-posture-monitor/data/raw/correct/nguoi8_ss1/frame_0040.jpg,ss1,nguoi8,correct,0.848653,-1.819716,-0.005935,0.369342,0.648931,0.318655,0.760657,-0.112546,0.701896,0.050686,-0.111725,0.186889,0.343398,0.746676,0.824706,0.422881,0.335520,0.484790
D:/BTL/repo/smart-posture-monitor/data/raw/correct/nguoi8_ss1/frame_0041.jpg,ss1,nguoi8,correct,1.734407,-5.389769,-0.015751,0.380215,0.688503,0.325194,0.790044,-0.104437,0.712257,0.055021,-0.101541,0.167689,0.356598,0.786511,0.854354,0.418658,0.333264,0.485233
D:/BTL/repo/smart-posture-monitor/data/raw/correct/nguoi8_ss1/frame_0042.jpg,ss1,nguoi8,correct,1.764132,-6.736453,-0.018987,0.345700,0.745180,0.285301,0.823759,-0.127308,0.695110,0.060398,-0.078578,0.161859,0.359814,0.821463,0.871766,0.366178,0.286824,0.475651
D:/BTL/repo/smart-posture-monitor/data/raw/correct/nguoi8_ss1/frame_0043.jpg,ss1,nguoi8,correct,1.746587,-4.727514,-0.013585,0.349536,0.749977,0.286796,0.833212,-0.129413,0.703525,0.062740,-0.083235,0.164833,0.360876,0.827431,0.881189,0.368294,0.285931,0.481196
D:/BTL/repo/smart-posture-monitor/data/raw/correct/nguoi8_ss1/frame_0044.jpg,ss1,nguoi8,correct,1.771576,-6.340898,-0.018344,0.337484,0.756963,0.276851,0.837915,-0.136421,0.707070,0.060633,-0.080952,0.166093,0.359151,0.828787,0.882467,0.354669,0.275508,0.476524
D:/BTL/repo/smart-posture-monitor/data/raw/correct/nguoi8_ss1/frame_0045.jpg,ss1,nguoi8,correct,1.473840,-2.435384,-0.007445,0.360837,0.679175,0.308726,0.780548,-0.113911,0.705938,0.052111,-0.101372,0.175198,0.344150,0.769079,0.839385,0.403217,0.320320,0.475501
D:/BTL/repo/smart-posture-monitor/data/raw/correct/nguoi8_ss1/frame_0046.jpg,ss1,nguoi8,correct,1.899865,-6.800856,-0.021386,0.370955,0.625771,0.331106,0.737283,-0.106149,0.712952,0.039849,-0.111512,0.180597,0.349352,0.727459,0.808219,0.433513,0.354621,0.485004
D:/BTL/repo/smart-posture-monitor/data/raw/correct/nguoi8_ss1/frame_0047.jpg,ss1,nguoi8,correct,1.876888,-6.560565,-0.021633,0.367278,0.627296,0.327869,0.740002,-0.110533,0.712140,0.039409,-0.112706,0.189346,0.346514,0.726906,0.809383,0.429178,0.350634,0.485285
D:/BTL/repo/smart-posture-monitor/data/raw/correct/nguoi8_ss1/frame_0048.jpg,ss1,nguoi8,correct,1.784072,-8.010318,-0.025312,0.371661,0.624931,0.333405,0.734536,-0.100779,0.709874,0.038256,-0.109605,0.181644,0.346266,0.727098,0.806661,0.434562,0.357712,0.480016
D:/BTL/repo/smart-posture-monitor/data/raw/correct/nguoi8_ss1/frame_0049.jpg,ss1,nguoi8,correct,0.815957,-5.170297,-0.020002,0.230687,0.649097,0.203222,0.751309,-0.171051,0.676677,0.027465,-0.102211,0.221956,0.276992,0.688871,0.778308,0.274609,0.221270,0.402683
D:/BTL/repo/smart-posture-monitor/data/raw/correct/nguoi8_ss1/frame_0050.jpg,ss1,nguoi8,correct,1.333797,-4.863936,-0.016465,0.338559,0.630147,0.298435,0.739193,-0.131393,0.697205,0.040123,-0.109046,0.194183,0.336851,0.715337,0.797164,0.398437,0.321892,0.474712
D:/BTL/repo/smart-posture-monitor/data/raw/correct/nguoi8_ss1/frame_0051.jpg,ss1,nguoi8,correct,1.402116,-5.891001,-0.019272,0.374745,0.613791,0.338463,0.726824,-0.093008,0.711945,0.036282,-0.113033,0.187771,0.338969,0.719147,0.801767,0.442165,0.365078,0.477941
D:/BTL/repo/smart-posture-monitor/data/raw/correct/nguoi8_ss1/frame_0052.jpg,ss1,nguoi8,correct,1.415923,-4.447266,-0.014550,0.379492,0.612343,0.342719,0.728169,-0.092100,0.719601,0.036773,-0.115826,0.187642,0.341649,0.720401,0.804790,0.447579,0.368774,0.483636
D:/BTL/repo/smart-posture-monitor/data/raw/correct/nguoi8_ss1/frame_0053.jpg,ss1,nguoi8,correct,1.260796,-4.959504,-0.015906,0.382341,0.590562,0.346765,0.709103,-0.086028,0.710341,0.035576,-0.118541,0.183982,0.341212,0.703525,0.789350,0.459570,0.378992,0.483442
D:/BTL/repo/smart-posture-monitor/data/raw/correct/nguoi8_ss1/frame_0054.jpg,ss1,nguoi8,correct,1.008120,-6.010589,-0.020596,0.352091,0.610588,0.317237,0.725389,-0.108965,0.704848,0.034854,-0.114802,0.196690,0.329842,0.704830,0.791725,0.420026,0.344675,0.470593
D:/BTL/repo/smart-posture-monitor/data/raw/correct/nguoi8_ss1/frame_0055.jpg,ss1,nguoi8,correct,1.450924,-4.756394,-0.015897,0.343349,0.616193,0.305685,0.728795,-0.122436,0.701510,0.037665,-0.112602,0.191713,0.334455,0.705395,0.790307,0.408684,0.332147,0.473534
D:/BTL/repo/smart-posture-monitor/data/raw/correct/nguoi8_ss1/frame_0056.jpg,ss1,nguoi8,correct,1.848920,-3.981585,-0.015439,0.218098,0.636927,0.187710,0.737770,-0.182375,0.653717,0.030388,-0.100843,0.222344,0.274949,0.673233,0.761275,0.263342,0.207445,0.400825
D:/BTL/repo/smart-posture-monitor/data/raw/correct/nguoi8_ss1/frame_0057.jpg,ss1,nguoi8,correct,1.307434,-5.515157,-0.020338,0.170967,0.618030,0.146769,0.699639,-0.190550,0.599907,0.024198,-0.081609,0.211619,0.256714,0.641242,0.714868,0.212067,0.169036,0.361971
D:/BTL/repo/smart-posture-monitor/data/raw/correct/nguoi8_ss1/frame_0058.jpg,ss1,nguoi8,correct,-2.893305,-5.551632,-0.019626,0.211457,0.657879,0.180112,0.739332,-0.169869,0.632761,0.031345,-0.081453,0.202871,0.274876,0.691027,0.760955,0.250633,0.199004,0.382152
D:/BTL/repo/smart-posture-monitor/data/raw/correct/nguoi8_ss1/frame_0059.jpg,ss1,nguoi8,correct,-0.200466,-5.032894,-0.014923,0.310941,0.640317,0.260620,0.729578,-0.131197,0.635321,0.050322,-0.089261,0.170108,0.323498,0.711822,0.774730,0.365618,0.286112,0.442166
D:/BTL/repo/smart-posture-monitor/data/raw/correct/nguoi8_ss1/frame_0060.jpg,ss1,nguoi8,correct,3.401763,-6.602749,-0.020802,0.278968,0.658556,0.229935,0.736226,-0.152145,0.615864,0.049033,-0.077671,0.180912,0.320147,0.715205,0.771297,0.325384,0.252545,0.433222
D:/BTL/repo/smart-posture-monitor/data/raw/correct/nguoi8_ss1/frame_0061.jpg,ss1,nguoi8,correct,-2.636804,-1.260150,-0.004414,0.237812,0.666488,0.194152,0.743524,-0.161954,0.605984,0.043660,-0.077036,0.200688,0.291471,0.707644,0.768455,0.278066,0.213217,0.404319
D:/BTL/repo/smart-posture-monitor/data/raw/correct/nguoi9_ss1/frame_0001.jpg,ss1,nguoi9,correct,2.471026,-6.747688,-0.026823,0.202296,0.528528,0.182966,0.648733,-0.171479,0.607789,0.019329,-0.120205,0.228288,0.247143,0.565920,0.674041,0.272350,0.219909,0.382086
D:/BTL/repo/smart-posture-monitor/data/raw/correct/nguoi9_ss1/frame_0002.jpg,ss1,nguoi9,correct,2.170678,-4.518585,-0.018209,0.170663,0.530901,0.152631,0.647764,-0.182385,0.591299,0.018032,-0.116863,0.231136,0.229379,0.557658,0.665503,0.230607,0.184498,0.358177
D:/BTL/repo/smart-posture-monitor/data/raw/correct/nguoi9_ss1/frame_0003.jpg,ss1,nguoi9,correct,2.672105,-6.338711,-0.025111,0.180747,0.459876,0.169812,0.589459,-0.173687,0.587957,0.010935,-0.129583,0.227444,0.230900,0.494121,0.613431,0.261696,0.216612,0.376866
D:/BTL/repo/smart-posture-monitor/data/raw/correct/nguoi9_ss1/frame_0004.jpg,ss1,nguoi9,correct,1.855687,-3.956259,-0.016280,0.189470,0.399272,0.177966,0.541380,-0.182449,0.569302,0.011504,-0.142108,0.235967,0.243518,0.441947,0.569881,0.290923,0.237682,0.408943
D:/BTL/repo/smart-posture-monitor/data/raw/correct/nguoi9_ss1/frame_0005.jpg,ss1,nguoi9,correct,2.490176,-3.583890,-0.014647,0.125628,0.516846,0.116333,0.633708,-0.189967,0.575215,0.009295,-0.116862,0.234315,0.200483,0.531895,0.644297,0.173316,0.143197,0.320947
D:/BTL/repo/smart-posture-monitor/data/raw/correct/nguoi9_ss1/frame_0006.jpg,ss1,nguoi9,correct,2.260466,-5.565508,-0.023176,0.235345,0.354462,0.230667,0.493317,-0.154201,0.567336,0.004678,-0.138855,0.238969,0.273176,0.425477,0.544581,0.373954,0.319558,0.443916
D:/BTL/repo/smart-posture-monitor/data/raw/correct/nguoi9_ss1/frame_0007.jpg,ss1,nguoi9,correct,1.943021,-6.330068,-0.026350,0.177192,0.428058,0.170532,0.569355,-0.169394,0.577981,0.006661,-0.141297,0.238988,0.221207,0.463283,0.594345,0.265006,0.221836,0.377623
D:/BTL/repo/smart-posture-monitor/data/raw/correct/nguoi9_ss1/frame_0008.jpg,ss1,nguoi9,correct,2.172585,-5.364784,-0.021935,0.150558,0.503144,0.141305,0.626467,-0.180443,0.588644,0.009253,-0.123323,0.234612,0.210683,0.525187,0.642206,0.209835,0.174623,0.341866
D:/BTL/repo/smart-posture-monitor/data/raw/correct/nguoi9_ss1/frame_0009.jpg,ss1,nguoi9,correct,2.136801,-6.275605,-0.025704,0.165684,0.594030,0.158208,0.705698,-0.162152,0.646649,0.007476,-0.111668,0.235143,0.215822,0.616703,0.723214,0.210548,0.180899,0.332032
D:/BTL/repo/smart-posture-monitor/data/raw/correct/nguoi9_ss1/frame_0010.jpg,ss1,nguoi9,correct,1.964224,-4.139651,-0.017272,0.175736,0.542131,0.165549,0.663449,-0.159487,0.620093,0.010188,-0.121318,0.239268,0.212182,0.569903,0.683791,0.234623,0.196763,0.344170
D:/BTL/repo/smart-posture-monitor/data/raw/correct/nguoi9_ss1/frame_0011.jpg,ss1,nguoi9,correct,1.734442,-5.190098,-0.021738,0.195351,0.481887,0.181214,0.616257,-0.172731,0.602039,0.014137,-0.134370,0.240299,0.235627,0.519978,0.642348,0.275896,0.224771,0.387196
D:/BTL/repo/smart-posture-monitor/data/raw/correct/nguoi9_ss1/frame_0012.jpg,ss1,nguoi9,correct,2.018838,-7.259924,-0.029648,0.195346,0.491922,0.186327,0.618336,-0.158437,0.606619,0.009019,-0.126414,0.234612,0.229935,0.529289,0.645799,0.273139,0.230441,0.371911
D:/BTL/repo/smart-posture-monitor/data/raw/correct/nguoi9_ss1/frame_0013.jpg,ss1,nguoi9,correct,2.068145,-4.870815,-0.021649,0.210122,0.350807,0.212279,0.495316,-0.161973,0.594229,-0.002156,-0.144509,0.254965,0.262454,0.408922,0.538888,0.336971,0.294752,0.444645
D:/BTL/repo/smart-posture-monitor/data/raw/correct/nguoi9_ss1/frame_0014.jpg,ss1,nguoi9,correct,2.009503,-4.499377,-0.019093,0.219594,0.390798,0.213990,0.540285,-0.144639,0.595947,0.005604,-0.149487,0.243377,0.241755,0.448269,0.581120,0.337876,0.284053,0.418034
D:/BTL/repo/smart-posture-monitor/data/raw/correct/nguoi9_ss1/frame_0015.jpg,ss1,nguoi9,correct,1.659507,-3.788594,-0.015879,0.208003,0.507150,0.189024,0.633715,-0.163704,0.595223,0.018979,-0.126565,0.240319,0.237415,0.548148,0.661305,0.285698,0.230230,0.381999
D:/BTL/repo/smart-posture-monitor/data/raw/correct/nguoi9_ss1/frame_0016.jpg,ss1,nguoi9,correct,2.069152,-4.610897,-0.019420,0.173296,0.507485,0.163382,0.631230,-0.164719,0.594860,0.009914,-0.123745,0.241574,0.212754,0.536258,0.652031,0.239577,0.200335,0.349125
D:/BTL/repo/smart-posture-monitor/data/raw/correct/nguoi9_ss1/frame_0017.jpg,ss1,nguoi9,correct,2.192497,-4.633438,-0.019505,0.173943,0.494607,0.161816,0.618696,-0.173494,0.581315,0.012127,-0.124089,0.241453,0.220084,0.524302,0.639507,0.243554,0.200881,0.358093
D:/BTL/repo/smart-posture-monitor/data/raw/correct/nguoi9_ss1/frame_0018.jpg,ss1,nguoi9,correct,1.780207,-4.062047,-0.016707,0.234595,0.491193,0.212050,0.621799,-0.161950,0.600434,0.022545,-0.130606,0.235850,0.258087,0.544339,0.656962,0.325375,0.260093,0.411317
D:/BTL/repo/smart-posture-monitor/data/raw/correct/nguoi9_ss1/frame_0019.jpg,ss1,nguoi9,correct,2.298336,-5.255802,-0.021205,0.227760,0.494381,0.208041,0.620773,-0.151207,0.594171,0.019719,-0.126391,0.231491,0.246809,0.544323,0.654706,0.315417,0.255635,0.391885
D:/BTL/repo/smart-posture-monitor/data/raw/correct/nguoi9_ss1/frame_0020.jpg,ss1,nguoi9,correct,1.783216,-6.903442,-0.029051,0.194043,0.488566,0.181705,0.618855,-0.167718,0.593657,0.012338,-0.130288,0.241696,0.232865,0.525690,0.644979,0.272299,0.224797,0.376716
D:/BTL/repo/smart-posture-monitor/data/raw/correct/nguoi9_ss1/frame_0021.jpg,ss1,nguoi9,correct,1.485681,-5.250645,-0.021856,0.203423,0.471739,0.187509,0.605372,-0.166667,0.586979,0.015914,-0.133634,0.238827,0.237083,0.513730,0.633747,0.289739,0.234780,0.387617
D:/BTL/repo/smart-posture-monitor/data/raw/correct/nguoi9_ss1/frame_0022.jpg,ss1,nguoi9,correct,1.201573,-2.146857,-0.009087,0.209412,0.430930,0.193480,0.567273,-0.168683,0.572910,0.015932,-0.136344,0.242582,0.240960,0.479118,0.599361,0.310288,0.251153,0.403874
D:/BTL/repo/smart-posture-monitor/data/raw/correct/nguoi9_ss1/frame_0023.jpg,ss1,nguoi9,correct,1.671047,-3.811557,-0.016006,0.212412,0.427702,0.198160,0.568195,-0.160482,0.575930,0.014252,-0.140493,0.240780,0.238519,0.477544,0.601758,0.315540,0.256759,0.401274
D:/BTL/repo/smart-posture-monitor/data/raw/correct/nguoi9_ss1/frame_0024.jpg,ss1,nguoi9,correct,1.258575,-5.211577,-0.022178,0.166123,0.464063,0.157039,0.603065,-0.178009,0.589093,0.009084,-0.139002,0.244165,0.214937,0.492901,0.623177,0.240145,0.198080,0.366141
D:/BTL/repo/smart-posture-monitor/data/raw/correct/nguoi9_ss1/frame_0025.jpg,ss1,nguoi9,correct,1.752499,-4.697172,-0.020387,0.196523,0.469051,0.180370,0.610710,-0.183309,0.595990,0.016152,-0.141659,0.248955,0.240911,0.508557,0.636789,0.281068,0.224963,0.400481
D:/BTL/repo/smart-posture-monitor/data/raw/correct/nguoi9_ss1/frame_0026.jpg,ss1,nguoi9,correct,1.586773,-8.051306,-0.035317,0.197430,0.490886,0.193592,0.622828,-0.144875,0.598738,0.003838,-0.131943,0.252156,0.217673,0.529100,0.652221,0.276220,0.238074,0.358894
D:/BTL/repo/smart-posture-monitor/data/raw/correct/nguoi9_ss1/frame_0027.jpg,ss1,nguoi9,correct,1.652081,-1.593785,-0.006986,0.147979,0.465345,0.133686,0.607852,-0.199165,0.578152,0.014293,-0.142508,0.251185,0.209948,0.488307,0.622379,0.214268,0.168393,0.365013
D:/BTL/repo/smart-posture-monitor/data/raw/correct/nguoi9_ss1/frame_0028.jpg,ss1,nguoi9,correct,6.685959,-7.368609,-0.029738,0.252429,0.458497,0.242992,0.596261,-0.111796,0.613359,0.009437,-0.137764,0.231871,0.239821,0.523393,0.643873,0.360050,0.303370,0.395780
D:/BTL/repo/smart-posture-monitor/data/raw/correct/nguoi9_ss1/frame_0029.jpg,ss1,nguoi9,correct,5.918960,-7.149820,-0.028797,0.228569,0.455117,0.220472,0.593252,-0.120040,0.603380,0.008097,-0.138135,0.231368,0.225768,0.509289,0.632895,0.329125,0.277481,0.378827
D:/BTL/repo/smart-posture-monitor/data/raw/correct/nguoi9_ss1/frame_0030.jpg,ss1,nguoi9,correct,5.504024,-6.627143,-0.027029,0.221293,0.462293,0.213478,0.600358,-0.125592,0.607621,0.007815,-0.138065,0.234206,0.222837,0.512529,0.637183,0.316918,0.267234,0.376097
D:/BTL/repo/smart-posture-monitor/data/raw/correct/nguoi9_ss1/frame_0031.jpg,ss1,nguoi9,correct,5.393494,-7.652818,-0.031119,0.223613,0.466518,0.216924,0.603789,-0.120329,0.608389,0.006689,-0.137271,0.233678,0.221726,0.517341,0.641574,0.318717,0.270452,0.372054
D:/BTL/repo/smart-posture-monitor/data/raw/correct/nguoi9_ss1/frame_0032.jpg,ss1,nguoi9,correct,5.251553,-8.897268,-0.035368,0.220709,0.450252,0.216396,0.584131,-0.117715,0.596551,0.004313,-0.133879,0.228680,0.221210,0.501437,0.622926,0.319953,0.275017,0.368693
D:/BTL/repo/smart-posture-monitor/data/raw/correct/nguoi9_ss1/frame_0033.jpg,ss1,nguoi9,correct,5.352482,-8.924644,-0.035652,0.219929,0.454394,0.214718,0.588577,-0.122824,0.598809,0.005211,-0.134183,0.229814,0.224155,0.504819,0.626520,0.317562,0.271804,0.371934
D:/BTL/repo/smart-posture-monitor/data/raw/correct/nguoi9_ss1/frame_0034.jpg,ss1,nguoi9,correct,5.191365,-7.959832,-0.032317,0.215649,0.455693,0.210731,0.588100,-0.128410,0.599184,0.004918,-0.132407,0.233373,0.223637,0.504143,0.624716,0.311283,0.267106,0.372782
D:/BTL/repo/smart-posture-monitor/data/raw/correct/nguoi9_ss1/frame_0035.jpg,ss1,nguoi9,correct,4.975550,-7.887394,-0.032147,0.211581,0.455314,0.207544,0.589437,-0.130508,0.603407,0.004037,-0.134123,0.234259,0.222040,0.502073,0.624908,0.305806,0.262897,0.372768
D:/BTL/repo/smart-posture-monitor/data/raw/correct/nguoi9_ss1/frame_0036.jpg,ss1,nguoi9,correct,4.903350,-7.427502,-0.030480,0.206655,0.452640,0.202461,0.587188,-0.131911,0.596568,0.004194,-0.134548,0.235785,0.217547,0.497583,0.621112,0.299810,0.257285,0.367889
D:/BTL/repo/smart-posture-monitor/data/raw/correct/nguoi9_ss1/frame_0037.jpg,ss1,nguoi9,correct,5.024708,-7.304973,-0.029576,0.211671,0.453498,0.205985,0.585369,-0.128063,0.591015,0.005685,-0.131870,0.232607,0.218880,0.500465,0.620553,0.306485,0.262041,0.366511
D:/BTL/repo/smart-posture-monitor/data/raw/correct/nguoi9_ss1/frame_0038.jpg,ss1,nguoi9,correct,5.255212,-8.153891,-0.032702,0.217768,0.455270,0.213188,0.587203,-0.120974,0.597348,0.004580,-0.131933,0.230568,0.220131,0.504672,0.624705,0.314323,0.270316,0.367331
D:/BTL/repo/smart-posture-monitor/data/raw/correct/nguoi9_ss1/frame_0039.jpg,ss1,nguoi9,correct,4.850398,-7.165137,-0.029326,0.209110,0.458426,0.203386,0.591036,-0.133958,0.597111,0.005724,-0.132610,0.235116,0.220871,0.503866,0.625052,0.301460,0.257447,0.370039
D:/BTL/repo/smart-posture-monitor/data/raw/correct/nguoi9_ss1/frame_0040.jpg,ss1,nguoi9,correct,5.010997,-7.511824,-0.029897,0.214064,0.467720,0.207944,0.597630,-0.124672,0.601815,0.006120,-0.129910,0.228693,0.219515,0.514379,0.632774,0.305412,0.261294,0.364312
D:/BTL/repo/smart-posture-monitor/data/raw/correct/nguoi9_ss1/frame_0041.jpg,ss1,nguoi9,correct,5.087241,-7.338488,-0.029264,0.223235,0.461981,0.216211,0.594248,-0.119472,0.601675,0.007024,-0.132267,0.229105,0.222185,0.513089,0.632359,0.319653,0.272105,0.370084
D:/BTL/repo/smart-posture-monitor/data/raw/correct/nguoi9_ss1/frame_0042.jpg,ss1,nguoi9,correct,5.458484,-7.968946,-0.031767,0.224265,0.461910,0.218828,0.593560,-0.114862,0.601713,0.005437,-0.131649,0.229138,0.220364,0.513474,0.632613,0.321073,0.275428,0.366814
D:/BTL/repo/smart-posture-monitor/data/raw/correct/nguoi9_ss1/frame_0043.jpg,ss1,nguoi9,correct,5.250535,-6.523552,-0.026579,0.215277,0.469550,0.209277,0.601036,-0.127807,0.609718,0.006001,-0.131486,0.233943,0.220918,0.516547,0.636428,0.306497,0.262031,0.370613
D:/BTL/repo/smart-posture-monitor/data/raw/correct/nguoi9_ss1/frame_0044.jpg,ss1,nguoi9,correct,5.284556,-7.600672,-0.030796,0.214682,0.466082,0.209724,0.598476,-0.124940,0.605372,0.004959,-0.132394,0.232832,0.219436,0.513148,0.634159,0.306753,0.263218,0.367077
D:/BTL/repo/smart-posture-monitor/data/raw/correct/nguoi9_ss1/frame_0045.jpg,ss1,nguoi9,correct,5.047729,-7.400944,-0.029937,0.218485,0.460834,0.212602,0.595539,-0.123967,0.605856,0.005884,-0.134705,0.232408,0.221382,0.510004,0.632349,0.313557,0.267432,0.371894
D:/BTL/repo/smart-posture-monitor/data/raw/correct/nguoi9_ss1/frame_0046.jpg,ss1,nguoi9,correct,2.837492,-5.224113,-0.021242,0.183924,0.463344,0.178069,0.596113,-0.146940,0.600597,0.005855,-0.132769,0.233301,0.208933,0.498514,0.622141,0.265215,0.225356,0.358203
D:/BTL/repo/smart-posture-monitor/data/raw/correct/nguoi9_ss1/frame_0047.jpg,ss1,nguoi9,correct,3.217617,-5.283563,-0.021047,0.191123,0.465019,0.181327,0.599205,-0.152162,0.603532,0.009796,-0.134185,0.228564,0.219780,0.502763,0.626040,0.274749,0.228658,0.370176
D:/BTL/repo/smart-posture-monitor/data/raw/correct/nguoi9_ss1/frame_0048.jpg,ss1,nguoi9,correct,3.558277,-6.113847,-0.024423,0.189561,0.461394,0.181331,0.597220,-0.149645,0.603157,0.008230,-0.135826,0.229318,0.217059,0.498816,0.624142,0.273577,0.229105,0.367638
D:/BTL/repo/smart-posture-monitor/data/raw/correct/nguoi9_ss1/frame_0049.jpg,ss1,nguoi9,correct,3.015962,-5.819255,-0.023607,0.179746,0.450905,0.174091,0.585519,-0.153523,0.595138,0.005654,-0.134614,0.232828,0.211812,0.485411,0.610852,0.262639,0.222767,0.363141
D:/BTL/repo/smart-posture-monitor/data/raw/correct/nguoi9_ss1/frame_0050.jpg,ss1,nguoi9,correct,3.518705,-6.495050,-0.025997,0.182254,0.444495,0.176742,0.579306,-0.154098,0.594588,0.005512,-0.134811,0.229824,0.216677,0.480409,0.605667,0.267890,0.227434,0.368321
D:/BTL/repo/smart-posture-monitor/data/raw/correct/nguoi9_ss1/frame_0051.jpg,ss1,nguoi9,correct,3.060715,-6.081310,-0.024561,0.184151,0.432756,0.177551,0.575006,-0.154319,0.594352,0.006600,-0.142251,0.231841,0.216717,0.470308,0.601794,0.273771,0.229408,0.375067
D:/BTL/repo/smart-posture-monitor/data/raw/correct/nguoi9_ss1/frame_0052.jpg,ss1,nguoi9,correct,3.221165,-6.029920,-0.024575,0.183710,0.426326,0.178902,0.566258,-0.156068,0.591625,0.004808,-0.139932,0.233945,0.219036,0.464223,0.593847,0.274896,0.233095,0.377853
D:/BTL/repo/smart-posture-monitor/data/raw/correct/nguoi9_ss1/frame_0053.jpg,ss1,nguoi9,correct,3.649876,-6.987719,-0.027943,0.187693,0.427655,0.183761,0.568926,-0.148608,0.597881,0.003932,-0.141271,0.229686,0.218893,0.467030,0.597867,0.280270,0.238587,0.376929
D:/BTL/repo/smart-posture-monitor/data/raw/correct/nguoi9_ss1/frame_0054.jpg,ss1,nguoi9,correct,3.333402,-6.348039,-0.025779,0.186305,0.427196,0.180384,0.569926,-0.152205,0.590598,0.005922,-0.142730,0.233149,0.216869,0.466053,0.597790,0.278400,0.234116,0.375885
D:/BTL/repo/smart-posture-monitor/data/raw/correct/nguoi9_ss1/frame_0055.jpg,ss1,nguoi9,correct,2.809229,-5.936674,-0.023799,0.178854,0.441568,0.171758,0.576014,-0.157546,0.585180,0.007097,-0.134446,0.230102,0.214888,0.476415,0.601076,0.263829,0.221927,0.365773
D:/BTL/repo/smart-posture-monitor/data/raw/correct/nguoi9_ss1/frame_0056.jpg,ss1,nguoi9,correct,3.326476,-6.004152,-0.023801,0.183429,0.442302,0.176542,0.574587,-0.152339,0.585409,0.006886,-0.132285,0.227544,0.215736,0.478829,0.601097,0.270148,0.228240,0.364992
D:/BTL/repo/smart-posture-monitor/data/raw/correct/nguoi9_ss1/frame_0057.jpg,ss1,nguoi9,correct,3.598624,-5.594119,-0.022277,0.179116,0.436273,0.171211,0.571643,-0.156004,0.579087,0.007905,-0.135370,0.228525,0.213528,0.471611,0.596732,0.265603,0.222193,0.364282
D:/BTL/repo/smart-posture-monitor/data/raw/correct/nguoi9_ss1/frame_0058.jpg,ss1,nguoi9,correct,4.224517,1.424279,0.005964,0.056452,0.427148,0.045481,0.565971,-0.248659,0.537326,0.010971,-0.138823,0.239941,0.176087,0.430862,0.567796,0.085710,0.060163,0.324395
D:/BTL/repo/smart-posture-monitor/data/raw/correct/nguoi9_ss1/frame_0059.jpg,ss1,nguoi9,correct,3.785482,-4.548698,-0.018749,0.173832,0.421098,0.164867,0.563328,-0.174490,0.580679,0.008966,-0.142230,0.236408,0.221668,0.455567,0.586957,0.261947,0.215948,0.383138
D:/BTL/repo/smart-posture-monitor/data/raw/correct/nguoi9_ss1/frame_0060.jpg,ss1,nguoi9,correct,3.357928,-4.332572,-0.018023,0.161798,0.418153,0.154717,0.559298,-0.177129,0.574581,0.007081,-0.141145,0.238567,0.212996,0.448364,0.580304,0.245030,0.203793,0.373284
D:/BTL/repo/smart-posture-monitor/data/raw/correct/nguoi9_ss1/frame_0061.jpg,ss1,nguoi9,correct,3.216503,-5.079171,-0.021081,0.162548,0.416396,0.157190,0.556217,-0.175990,0.576655,0.005359,-0.139821,0.238122,0.214815,0.446998,0.578001,0.246566,0.207601,0.374555
D:/BTL/repo/smart-posture-monitor/data/raw/correct/nguoi9_ss1/frame_0062.jpg,ss1,nguoi9,correct,3.980699,-4.604781,-0.019455,0.145880,0.431335,0.138910,0.570224,-0.185551,0.563370,0.006971,-0.138888,0.242329,0.204361,0.455336,0.586899,0.218589,0.181427,0.356763
D:/BTL/repo/smart-posture-monitor/data/raw/correct/nguoi9_ss1/frame_0063.jpg,ss1,nguoi9,correct,3.236465,-4.172513,-0.017460,0.167432,0.380603,0.159194,0.528022,-0.184327,0.556700,0.008239,-0.147419,0.239966,0.224743,0.415803,0.551497,0.262896,0.216141,0.393376
D:/BTL/repo/smart-posture-monitor/data/raw/correct/nguoi9_ss1/frame_0064.jpg,ss1,nguoi9,correct,2.926550,-3.845979,-0.015844,0.177871,0.383449,0.169212,0.526582,-0.174078,0.555843,0.008659,-0.143133,0.236221,0.226453,0.422696,0.553102,0.278009,0.229688,0.391903
D:/BTL/repo/smart-posture-monitor/data/raw/correct/nguoi9_ss1/frame_0065.jpg,ss1,nguoi9,correct,3.440598,-4.332278,-0.017593,0.178526,0.379109,0.171155,0.524379,-0.171913,0.563941,0.007372,-0.145270,0.232894,0.229029,0.419041,0.551604,0.280193,0.232756,0.396195
D:/BTL/repo/smart-posture-monitor/data/raw/correct/nguoi9_ss1/frame_0066.jpg,ss1,nguoi9,correct,3.591228,-5.026000,-0.020003,0.180346,0.378382,0.173409,0.519807,-0.167271,0.558163,0.006937,-0.141426,0.228330,0.228718,0.419163,0.547969,0.283159,0.236803,0.391355
D:/BTL/repo/smart-posture-monitor/data/raw/correct/nguoi9_ss1/frame_0067.jpg,ss1,nguoi9,correct,4.730939,-3.105942,-0.013404,0.110379,0.385826,0.107761,0.529336,-0.207410,0.539546,0.002618,-0.143509,0.247386,0.191691,0.401305,0.540193,0.173767,0.147136,0.353015
D:/BTL/repo/smart-posture-monitor/data/raw/correct/nguoi9_ss1/frame_0068.jpg,ss1,nguoi9,correct,4.028217,-6.482415,-0.027632,0.149064,0.414164,0.145604,0.548589,-0.180592,0.540506,0.003460,-0.134425,0.244747,0.205773,0.440173,0.567583,0.227094,0.194099,0.353038
