mean_fit_time,std_fit_time,mean_score_time,std_score_time,param_subsample,param_reg_lambda,param_reg_alpha,param_n_estimators,param_min_child_weight,param_max_depth,param_learning_rate,param_gamma,param_colsample_bytree,params,split0_test_score,split1_test_score,split2_test_score,split3_test_score,mean_test_score,std_test_score,rank_test_score,model_name,outer_fold,heldout_person,param_model__C,param_model__class_weight,param_model__gamma,param_min_samples_split,param_min_samples_leaf,param_max_features,param_class_weight,param_model__learning_rate_init,param_model__hidden_layer_sizes,param_model__alpha,param_model__activation
7.831177771091461,0.3104595222667642,0.05021524429321289,0.004245993707346332,,,,600.0,,20,,,,"{'n_estimators': 600, 'min_samples_split': 5, 'min_samples_leaf': 2, 'max_features': None, 'max_depth': 20, 'class_weight': 'balanced'}",0.8063187239571902,0.9475065478190556,0.8438504168830356,0.9689751021439323,0.8916626977008034,0.06831059860694275,23,Random_Forest,1,person01,,,,5.0,2.0,,balanced,,,,
4.921490430831909,0.20574722944742346,0.03373563289642334,0.002178408602512787,,,,400.0,,12,,,,"{'n_estimators': 400, 'min_samples_split': 5, 'min_samples_leaf': 1, 'max_features': None, 'max_depth': 12, 'class_weight': None}",0.8104216890946554,0.9558957370310365,0.8331384844709717,0.9740961538475967,0.8933880161110651,0.07234368692732013,19,Random_Forest,1,person01,,,,5.0,1.0,,,,,,
2.515925705432892,0.08933274803002281,0.049148738384246826,0.0033583267680133834,,,,600.0,,20,,,,"{'n_estimators': 600, 'min_samples_split': 10, 'min_samples_leaf': 4, 'max_features': 'sqrt', 'max_depth': 20, 'class_weight': 'balanced'}",0.8606101099958502,0.9736074809062266,0.847440845459597,0.9736581374320026,0.913829143448419,0.0599846434135135,12,Random_Forest,1,person01,,,,10.0,4.0,sqrt,balanced,,,,
0.7671748995780945,0.02777061274817834,0.018345296382904053,0.0036729306730276935,,,,200.0,,8,,,,"{'n_estimators': 200, 'min_samples_split': 10, 'min_samples_leaf': 4, 'max_features': 'sqrt', 'max_depth': 8, 'class_weight': 'balanced'}",0.8583248199991731,0.9796886693393858,0.8470161888790454,0.9685323624112605,0.9133905101572162,0.06097919837672228,14,Random_Forest,1,person01,,,,10.0,4.0,sqrt,balanced,,,,
2.351627767086029,0.1142690708584559,0.016669154167175293,0.0016687504680264692,,,,200.0,,,,,,"{'n_estimators': 200, 'min_samples_split': 2, 'min_samples_leaf': 4, 'max_features': None, 'max_depth': None, 'class_weight': None}",0.8141279686902927,0.9493970678415466,0.8407379327102236,0.968823629730992,0.8932716497432638,0.06686119560831809,20,Random_Forest,1,person01,,,,2.0,4.0,,,,,,
1.545964539051056,0.08368910696125147,0.03352230787277222,0.0013986588891488343,,,,400.0,,8,,,,"{'n_estimators': 400, 'min_samples_split': 10, 'min_samples_leaf': 2, 'max_features': 'log2', 'max_depth': 8, 'class_weight': 'balanced'}",0.867827450639159,0.9814165520123053,0.8480174080137052,0.9705859533578041,0.9169618410057434,0.05957658590792062,1,Random_Forest,1,person01,,,,10.0,2.0,log2,balanced,,,,
1.4625558853149414,0.07059283308434233,0.034618914127349854,0.0012463586955477513,,,,400.0,,12,,,,"{'n_estimators': 400, 'min_samples_split': 2, 'min_samples_leaf': 4, 'max_features': 'sqrt', 'max_depth': 12, 'class_weight': None}",0.8541663201408156,0.9774676280913694,0.8533438940605194,0.9705365560153065,0.9138785995770027,0.06017411291950703,11,Random_Forest,1,person01,,,,2.0,4.0,sqrt,,,,,
2.24062043428421,0.092481083185061,0.04839634895324707,0.0020557854789004064,,,,600.0,,8,,,,"{'n_estimators': 600, 'min_samples_split': 5, 'min_samples_leaf': 4, 'max_features': 'log2', 'max_depth': 8, 'class_weight': None}",0.8579884466158326,0.9758464299742567,0.8492787373117864,0.9705859533578041,0.9134248918149199,0.05989942398875431,13,Random_Forest,1,person01,,,,5.0,4.0,log2,,,,,
2.5983723998069763,0.21131503748967234,0.019981443881988525,0.002374513798756989,,,,200.0,,12,,,,"{'n_estimators': 200, 'min_samples_split': 10, 'min_samples_leaf': 2, 'max_features': None, 'max_depth': 12, 'class_weight': None}",0.8096625440342179,0.9541148194237712,0.8409412066772077,0.9700779773743217,0.8936991368773797,0.06951498059572704,18,Random_Forest,1,person01,,,,10.0,2.0,,,,,,
1.5899081230163574,0.03954452001276409,0.03450840711593628,0.004814879371157743,,,,400.0,,20,,,,"{'n_estimators': 400, 'min_samples_split': 10, 'min_samples_leaf': 1, 'max_features': 'log2', 'max_depth': 20, 'class_weight': None}",0.8559965161032378,0.9774676280913694,0.8520788460314273,0.9748559680205215,0.9150997395616389,0.0610847452393129,9,Random_Forest,1,person01,,,,10.0,1.0,log2,,,,,
2.492380678653717,0.12300238577341953,0.06034672260284424,0.016792113225708227,,,,600.0,,20,,,,"{'n_estimators': 600, 'min_samples_split': 2, 'min_samples_leaf': 2, 'max_features': 'log2', 'max_depth': 20, 'class_weight': 'balanced'}",0.8636790006711,0.9819509511127466,0.8443286377137397,0.9736581374320026,0.9159041817323972,0.06234625727135729,6,Random_Forest,1,person01,,,,2.0,2.0,log2,balanced,,,,
2.365805983543396,0.0989779463718684,0.05753302574157715,0.004062469086090303,,,,600.0,,20,,,,"{'n_estimators': 600, 'min_samples_split': 2, 'min_samples_leaf': 2, 'max_features': 'log2', 'max_depth': 20, 'class_weight': None}",0.8524119809716109,0.9753588148020813,0.8487165483516503,0.970477760215624,0.9117412760852416,0.061215290910361736,16,Random_Forest,1,person01,,,,2.0,2.0,log2,,,,,
0.8115776777267456,0.04969338138628905,0.01972252130508423,0.0016568241116867197,,,,200.0,,20,,,,"{'n_estimators': 200, 'min_samples_split': 10, 'min_samples_leaf': 1, 'max_features': 'sqrt', 'max_depth': 20, 'class_weight': None}",0.8635415650307346,0.9755817700390623,0.849549755306685,0.9771832506434961,0.9164640852549946,0.06012494989399792,4,Random_Forest,1,person01,,,,10.0,1.0,sqrt,,,,,
0.854773759841919,0.046713659478858985,0.027122318744659424,0.005884601441064087,,,,200.0,,8,,,,"{'n_estimators': 200, 'min_samples_split': 2, 'min_samples_leaf': 1, 'max_features': 'sqrt', 'max_depth': 8, 'class_weight': None}",0.8584374543886124,0.9810611101884995,0.8497244975839799,0.975184799229244,0.9161019653475839,0.06213218934014098,5,Random_Forest,1,person01,,,,2.0,1.0,sqrt,,,,,
6.983698308467865,0.22798983369528003,0.0468326210975647,0.004217860732441906,,,,400.0,,8,,,,"{'n_estimators': 400, 'min_samples_split': 5, 'min_samples_leaf': 1, 'max_features': None, 'max_depth': 8, 'class_weight': 'balanced'}",0.8089759198489517,0.9455906976572921,0.8394410773207248,0.9719985962884867,0.8915015727788639,0.06878623191249507,24,Random_Forest,1,person01,,,,5.0,1.0,,balanced,,,,
2.117148458957672,0.08741268492722626,0.04762154817581177,0.004739500198371972,,,,400.0,,20,,,,"{'n_estimators': 400, 'min_samples_split': 5, 'min_samples_leaf': 1, 'max_features': 'sqrt', 'max_depth': 20, 'class_weight': None}",0.8617082278938168,0.9820482593731226,0.8476381279347383,0.9749820689309816,0.9165941710331649,0.06217070639663963,3,Random_Forest,1,person01,,,,5.0,1.0,sqrt,,,,,
3.497555911540985,0.13171960362148788,0.0653882622718811,0.011151182391762703,,,,600.0,,,,,,"{'n_estimators': 600, 'min_samples_split': 2, 'min_samples_leaf': 2, 'max_features': 'log2', 'max_depth': None, 'class_weight': 'balanced'}",0.8636790006711,0.9819509511127466,0.8443286377137397,0.9736581374320026,0.9159041817323972,0.06234625727135729,6,Random_Forest,1,person01,,,,2.0,2.0,log2,balanced,,,,
1.727514624595642,0.0823747724989374,0.03428328037261963,0.001706128495400791,,,,400.0,,20,,,,"{'n_estimators': 400, 'min_samples_split': 5, 'min_samples_leaf': 1, 'max_features': 'log2', 'max_depth': 20, 'class_weight': 'balanced'}",0.8598326452593247,0.9810188768518232,0.8436358098651948,0.9770130856441541,0.9153751044051242,0.0639136854306387,8,Random_Forest,1,person01,,,,5.0,1.0,log2,balanced,,,,
2.3737233877182007,0.10241834581616359,0.01752394437789917,0.0013797437088616093,,,,200.0,,,,,,"{'n_estimators': 200, 'min_samples_split': 10, 'min_samples_leaf': 2, 'max_features': None, 'max_depth': None, 'class_weight': None}",0.8096625440342179,0.9541148194237712,0.8409412066772077,0.9710653702269423,0.8939459850905348,0.06978698510427561,17,Random_Forest,1,person01,,,,10.0,2.0,,,,,,
1.4739172458648682,0.09615178654837873,0.03324991464614868,0.0024848032833482345,,,,400.0,,,,,,"{'n_estimators': 400, 'min_samples_split': 2, 'min_samples_leaf': 2, 'max_features': 'sqrt', 'max_depth': None, 'class_weight': None}",0.8563382144962763,0.9772759758655838,0.8487165483516503,0.9694844078776277,0.9129537866477845,0.06054915556050168,15,Random_Forest,1,person01,,,,2.0,2.0,sqrt,,,,,
1.6204099655151367,0.07077095545944041,0.03354382514953613,0.0037710858655540763,,,,400.0,,,,,,"{'n_estimators': 400, 'min_samples_split': 10, 'min_samples_leaf': 2, 'max_features': 'sqrt', 'max_depth': None, 'class_weight': 'balanced'}",0.8625669502086186,0.9820820617162083,0.8471340456438535,0.9747757606958514,0.916639704566133,0.06208341670225655,2,Random_Forest,1,person01,,,,10.0,2.0,sqrt,balanced,,,,
2.4362747073173523,0.09961384082794426,0.01763373613357544,0.002048042373897088,,,,200.0,,,,,,"{'n_estimators': 200, 'min_samples_split': 2, 'min_samples_leaf': 2, 'max_features': None, 'max_depth': None, 'class_weight': None}",0.8071825590682455,0.9521481942033737,0.8377974660916809,0.9699510781552266,0.8917698243796317,0.07040219615984698,22,Random_Forest,1,person01,,,,2.0,2.0,,,,,,
2.5073562264442444,0.10366457736909519,0.05617034435272217,0.011512904262825892,,,,600.0,,,,,,"{'n_estimators': 600, 'min_samples_split': 10, 'min_samples_leaf': 2, 'max_features': 'sqrt', 'max_depth': None, 'class_weight': 'balanced'}",0.8613163339429224,0.9781381877241901,0.8457942967069094,0.9725728503310126,0.9144554171762587,0.06117851528956818,10,Random_Forest,1,person01,,,,10.0,2.0,sqrt,balanced,,,,
2.543184280395508,0.04737172621599354,0.018482327461242676,0.004327874593401605,,,,200.0,,,,,,"{'n_estimators': 200, 'min_samples_split': 2, 'min_samples_leaf': 1, 'max_features': None, 'max_depth': None, 'class_weight': None}",0.8111012589937218,0.9568379989882361,0.8328754453473639,0.9720497867444147,0.8932161225184341,0.07184416802006068,21,Random_Forest,1,person01,,,,2.0,1.0,,,,,,
6.415208637714386,0.47564716596654527,0.04513365030288696,0.0017952858481409628,,,,600.0,,20,,,,"{'n_estimators': 600, 'min_samples_split': 5, 'min_samples_leaf': 2, 'max_features': None, 'max_depth': 20, 'class_weight': 'balanced'}",0.8174643147625786,0.9345078212512593,0.9664727919246775,0.8072644033487564,0.8814273328218178,0.07007438218278683,24,Random_Forest,2,person02,,,,5.0,2.0,,balanced,,,,
4.201303720474243,0.2603602438911584,0.030914127826690674,0.0009124544782327962,,,,400.0,,12,,,,"{'n_estimators': 400, 'min_samples_split': 5, 'min_samples_leaf': 1, 'max_features': None, 'max_depth': 12, 'class_weight': None}",0.8272061862661979,0.9343773111321686,0.9690365085379382,0.8060172516694256,0.8841593144014326,0.06905763182396217,19,Random_Forest,2,person02,,,,5.0,1.0,,,,,,
2.1031625270843506,0.12480160558049552,0.04398876428604126,0.004271017341115531,,,,600.0,,20,,,,"{'n_estimators': 600, 'min_samples_split': 10, 'min_samples_leaf': 4, 'max_features': 'sqrt', 'max_depth': 20, 'class_weight': 'balanced'}",0.8945929299190947,0.9768285989937863,0.9762136943988715,0.8091615400409867,0.9141991908381848,0.06925596539291924,8,Random_Forest,2,person02,,,,10.0,4.0,sqrt,balanced,,,,
0.6963520646095276,0.03574351428101684,0.016119003295898438,0.0013580031878234426,,,,200.0,,8,,,,"{'n_estimators': 200, 'min_samples_split': 10, 'min_samples_leaf': 4, 'max_features': 'sqrt', 'max_depth': 8, 'class_weight': 'balanced'}",0.8842037190540678,0.9787192178508437,0.9723245379605241,0.8070935246796758,0.9105852498862779,0.07046364246510561,16,Random_Forest,2,person02,,,,10.0,4.0,sqrt,balanced,,,,
2.02061128616333,0.14632501676758633,0.01662898063659668,0.000782892903094497,,,,200.0,,,,,,"{'n_estimators': 200, 'min_samples_split': 2, 'min_samples_leaf': 4, 'max_features': None, 'max_depth': None, 'class_weight': None}",0.8279884972594618,0.9307871524352382,0.9652271883685155,0.808537846322,0.8831351710963039,0.06636212610385774,22,Random_Forest,2,person02,,,,2.0,4.0,,,,,,
1.4347121715545654,0.07203961912170632,0.034237563610076904,0.0037465907133308143,,,,400.0,,8,,,,"{'n_estimators': 400, 'min_samples_split': 10, 'min_samples_leaf': 2, 'max_features': 'log2', 'max_depth': 8, 'class_weight': 'balanced'}",0.888565033451397,0.978756416235121,0.9724590950879166,0.8100012478281903,0.9124454481506562,0.06903598824694114,13,Random_Forest,2,person02,,,,10.0,2.0,log2,balanced,,,,
1.468232274055481,0.08104437114865994,0.033055782318115234,0.0012942822066532805,,,,400.0,,12,,,,"{'n_estimators': 400, 'min_samples_split': 2, 'min_samples_leaf': 4, 'max_features': 'sqrt', 'max_depth': 12, 'class_weight': None}",0.8917252505467752,0.975967408770429,0.9723245379605241,0.8070935246796758,0.911777680489351,0.06918655142189745,15,Random_Forest,2,person02,,,,2.0,4.0,sqrt,,,,,
2.002436101436615,0.11487639755645156,0.05183786153793335,0.004655361118682837,,,,600.0,,8,,,,"{'n_estimators': 600, 'min_samples_split': 5, 'min_samples_leaf': 4, 'max_features': 'log2', 'max_depth': 8, 'class_weight': None}",0.8902844024717128,0.9770293034118491,0.9712100715011938,0.8091615400409867,0.9119213293564357,0.06852359837289322,14,Random_Forest,2,person02,,,,5.0,4.0,log2,,,,,
2.159669518470764,0.15729384464313273,0.0166284441947937,0.0012681118383682582,,,,200.0,,12,,,,"{'n_estimators': 200, 'min_samples_split': 10, 'min_samples_leaf': 2, 'max_features': None, 'max_depth': 12, 'class_weight': None}",0.8233012156998002,0.9335523774991078,0.9652271883685155,0.8118923199806097,0.8834932753870083,0.0669629134298152,20,Random_Forest,2,person02,,,,10.0,2.0,,,,,,
1.3698515892028809,0.07492950054868225,0.036053597927093506,0.002621995960317229,,,,400.0,,20,,,,"{'n_estimators': 400, 'min_samples_split': 10, 'min_samples_leaf': 1, 'max_features': 'log2', 'max_depth': 20, 'class_weight': None}",0.9043396346399795,0.9777006235958765,0.9710793205036696,0.8062536456230089,0.9148433060906336,0.06894848286118303,6,Random_Forest,2,person02,,,,10.0,1.0,log2,,,,,
2.3221206068992615,0.1373121584515224,0.04734480381011963,0.0032727436047400305,,,,600.0,,20,,,,"{'n_estimators': 600, 'min_samples_split': 2, 'min_samples_leaf': 2, 'max_features': 'log2', 'max_depth': 20, 'class_weight': 'balanced'}",0.9043396346399795,0.9805688447014763,0.9712100715011938,0.8091615400409867,0.916320022720909,0.06849689534903307,1,Random_Forest,2,person02,,,,2.0,2.0,log2,balanced,,,,
2.032457172870636,0.11623549833452873,0.05555182695388794,0.015306796267854382,,,,600.0,,20,,,,"{'n_estimators': 600, 'min_samples_split': 2, 'min_samples_leaf': 2, 'max_features': 'log2', 'max_depth': 20, 'class_weight': None}",0.9030890249360317,0.9786563679657992,0.9712100715011938,0.807886029836905,0.9152103735599826,0.06860539742560795,3,Random_Forest,2,person02,,,,2.0,2.0,log2,,,,,
0.7025676369667053,0.05370626263041088,0.017521321773529053,0.0012622401684498868,,,,200.0,,20,,,,"{'n_estimators': 200, 'min_samples_split': 10, 'min_samples_leaf': 1, 'max_features': 'sqrt', 'max_depth': 20, 'class_weight': None}",0.9002742497253151,0.9777006235958765,0.9710345936634152,0.8062536456230089,0.9138157781519038,0.06911629994478927,9,Random_Forest,2,person02,,,,10.0,1.0,sqrt,,,,,
0.6628426909446716,0.03513580668077135,0.017704129219055176,0.0016380109927558262,,,,200.0,,8,,,,"{'n_estimators': 200, 'min_samples_split': 2, 'min_samples_leaf': 1, 'max_features': 'sqrt', 'max_depth': 8, 'class_weight': None}",0.8975131191717194,0.9807300376716851,0.9697677197787059,0.807045689351777,0.9137641414934718,0.06941497638428412,10,Random_Forest,2,person02,,,,2.0,1.0,sqrt,,,,,
4.258939743041992,0.36460543303933707,0.02940899133682251,0.002746862595308056,,,,400.0,,8,,,,"{'n_estimators': 400, 'min_samples_split': 5, 'min_samples_leaf': 1, 'max_features': None, 'max_depth': 8, 'class_weight': 'balanced'}",0.8388101547758287,0.9381788832972957,0.9703156719883652,0.8060172516694256,0.8883304904327287,0.06788623790056325,17,Random_Forest,2,person02,,,,5.0,1.0,,balanced,,,,
1.3812935948371887,0.09700344084216687,0.031712114810943604,0.0018153638806554949,,,,400.0,,20,,,,"{'n_estimators': 400, 'min_samples_split': 5, 'min_samples_leaf': 1, 'max_features': 'sqrt', 'max_depth': 20, 'class_weight': None}",0.9031413942695723,0.9787478298335874,0.9698982300270516,0.807886029836905,0.9149183709917792,0.06835862043185424,5,Random_Forest,2,person02,,,,5.0,1.0,sqrt,,,,,
2.1254796385765076,0.1088335286269307,0.04618722200393677,0.0016426863480377648,,,,600.0,,,,,,"{'n_estimators': 600, 'min_samples_split': 2, 'min_samples_leaf': 2, 'max_features': 'log2', 'max_depth': None, 'class_weight': 'balanced'}",0.9043396346399795,0.9805688447014763,0.9712100715011938,0.8091615400409867,0.916320022720909,0.06849689534903307,1,Random_Forest,2,person02,,,,2.0,2.0,log2,balanced,,,,
1.4375259280204773,0.08764623801151936,0.03059399127960205,0.001985652997604646,,,,400.0,,20,,,,"{'n_estimators': 400, 'min_samples_split': 5, 'min_samples_leaf': 1, 'max_features': 'log2', 'max_depth': 20, 'class_weight': 'balanced'}",0.8958603144127096,0.9796812400468983,0.9686506647917301,0.8091615400409867,0.9133384398230812,0.06822594940451354,12,Random_Forest,2,person02,,,,5.0,1.0,log2,balanced,,,,
2.0746132135391235,0.14302067452016354,0.01603931188583374,0.001368575200779236,,,,200.0,,,,,,"{'n_estimators': 200, 'min_samples_split': 10, 'min_samples_leaf': 2, 'max_features': None, 'max_depth': None, 'class_weight': None}",0.8233012156998002,0.9335523774991078,0.9652271883685155,0.8118923199806097,0.8834932753870083,0.0669629134298152,20,Random_Forest,2,person02,,,,10.0,2.0,,,,,,
1.3335185050964355,0.06693579973124716,0.03188633918762207,0.00116749838990591,,,,400.0,,,,,,"{'n_estimators': 400, 'min_samples_split': 2, 'min_samples_leaf': 2, 'max_features': 'sqrt', 'max_depth': None, 'class_weight': None}",0.9030890249360317,0.9786563679657992,0.9712100715011938,0.807886029836905,0.9152103735599826,0.06860539742560795,3,Random_Forest,2,person02,,,,2.0,2.0,sqrt,,,,,
1.4321070313453674,0.08285367993703517,0.033008038997650146,0.001682947837514605,,,,400.0,,,,,,"{'n_estimators': 400, 'min_samples_split': 10, 'min_samples_leaf': 2, 'max_features': 'sqrt', 'max_depth': None, 'class_weight': 'balanced'}",0.8986317011081162,0.9777566710711302,0.9723245379605241,0.8091615400409867,0.9144686125451893,0.06836130802749238,7,Random_Forest,2,person02,,,,10.0,2.0,sqrt,balanced,,,,
2.0715858936309814,0.14739792765941553,0.017123520374298096,0.001405745525779518,,,,200.0,,,,,,"{'n_estimators': 200, 'min_samples_split': 2, 'min_samples_leaf': 2, 'max_features': None, 'max_depth': None, 'class_weight': None}",0.8198724753814054,0.9335523774991078,0.9652271883685155,0.808537846322,0.8817974718927571,0.06863083450105746,23,Random_Forest,2,person02,,,,2.0,2.0,,,,,,
2.124749183654785,0.12816173518338908,0.046504855155944824,0.0017800510942650308,,,,600.0,,,,,,"{'n_estimators': 600, 'min_samples_split': 10, 'min_samples_leaf': 2, 'max_features': 'sqrt', 'max_depth': None, 'class_weight': 'balanced'}",0.8960199071131054,0.9786563679657992,0.9712100715011938,0.8091615400409867,0.9137619716552712,0.06849744155172502,11,Random_Forest,2,person02,,,,10.0,2.0,sqrt,balanced,,,,
2.1489132046699524,0.12163597568829465,0.017163455486297607,0.0020335186343962536,,,,200.0,,,,,,"{'n_estimators': 200, 'min_samples_split': 2, 'min_samples_leaf': 1, 'max_features': None, 'max_depth': None, 'class_weight': None}",0.8355229661754545,0.9326017038852594,0.9677904263838095,0.8072644033487564,0.88579487494832,0.06634841646878073,18,Random_Forest,2,person02,,,,2.0,1.0,,,,,,
6.899178385734558,0.5137170009177922,0.04396331310272217,0.002293131264734543,,,,600.0,,20,,,,"{'n_estimators': 600, 'min_samples_split': 5, 'min_samples_leaf': 2, 'max_features': None, 'max_depth': 20, 'class_weight': 'balanced'}",0.7878586070592762,0.9343247408956629,0.9737072541662806,0.84931286063306,0.88630086568857,0.07246578526906004,19,Random_Forest,3,person03,,,,5.0,2.0,,balanced,,,,
4.82024210691452,0.37460493044421433,0.03373843431472778,0.002258692918173233,,,,400.0,,12,,,,"{'n_estimators': 400, 'min_samples_split': 5, 'min_samples_leaf': 1, 'max_features': None, 'max_depth': 12, 'class_weight': None}",0.793195629078938,0.9188393497797722,0.9782269940956491,0.8445584898297684,0.8837051156960319,0.07052167288367132,23,Random_Forest,3,person03,,,,5.0,1.0,,,,,,
2.2978988885879517,0.0876955058652831,0.05147641897201538,0.0023298599959540975,,,,600.0,,20,,,,"{'n_estimators': 600, 'min_samples_split': 10, 'min_samples_leaf': 4, 'max_features': 'sqrt', 'max_depth': 20, 'class_weight': 'balanced'}",0.807628582810802,0.9713506160183245,0.98848357832625,0.8550268052939642,0.9056223956123353,0.07640169446015817,16,Random_Forest,3,person03,,,,10.0,4.0,sqrt,balanced,,,,
0.7457616925239563,0.029363902881957917,0.020124733448028564,0.0016761300514281435,,,,200.0,,8,,,,"{'n_estimators': 200, 'min_samples_split': 10, 'min_samples_leaf': 4, 'max_features': 'sqrt', 'max_depth': 8, 'class_weight': 'balanced'}",0.813819064805815,0.9743433477546036,0.9828568389280916,0.8550268052939642,0.9065115141956186,0.07360762813229683,13,Random_Forest,3,person03,,,,10.0,4.0,sqrt,balanced,,,,
2.2367442846298218,0.18020687659389784,0.016698002815246582,0.0017063709690583741,,,,200.0,,,,,,"{'n_estimators': 200, 'min_samples_split': 2, 'min_samples_leaf': 4, 'max_features': None, 'max_depth': None, 'class_weight': None}",0.7849868775594131,0.9310550877031514,0.9747901208079526,0.84931286063306,0.8850362366758944,0.07324535518068055,21,Random_Forest,3,person03,,,,2.0,4.0,,,,,,
1.5101993083953857,0.08845047142289032,0.03240323066711426,0.003491690016852257,,,,400.0,,8,,,,"{'n_estimators': 400, 'min_samples_split': 10, 'min_samples_leaf': 2, 'max_features': 'log2', 'max_depth': 8, 'class_weight': 'balanced'}",0.8192001905293371,0.9760721401635297,0.985172769316311,0.8538036242300654,0.9085621810598109,0.07316221994451394,5,Random_Forest,3,person03,,,,10.0,2.0,log2,balanced,,,,
1.4039841890335083,0.06792195531664501,0.03454345464706421,0.0037367877932315994,,,,400.0,,12,,,,"{'n_estimators': 400, 'min_samples_split': 2, 'min_samples_leaf': 4, 'max_features': 'sqrt', 'max_depth': 12, 'class_weight': None}",0.8195933134668401,0.9732796597610934,0.986264792512224,0.8552314374478636,0.9085923007970053,0.07243216112708532,4,Random_Forest,3,person03,,,,2.0,4.0,sqrt,,,,,
2.1636326909065247,0.10466031050708578,0.0594976544380188,0.016243574132079087,,,,600.0,,8,,,,"{'n_estimators': 600, 'min_samples_split': 5, 'min_samples_leaf': 4, 'max_features': 'log2', 'max_depth': 8, 'class_weight': None}",0.8158810892252122,0.9724212904905527,0.985172769316311,0.8550268052939642,0.9071254885815101,0.073134692505044,9,Random_Forest,3,person03,,,,5.0,4.0,log2,,,,,
2.263435482978821,0.14268021533729772,0.01800704002380371,0.0013648641449098143,,,,200.0,,12,,,,"{'n_estimators': 200, 'min_samples_split': 10, 'min_samples_leaf': 2, 'max_features': None, 'max_depth': 12, 'class_weight': None}",0.7908546363341216,0.9377458150558079,0.9737403998612728,0.85040363693015,0.8881861220453381,0.07189685653095396,18,Random_Forest,3,person03,,,,10.0,2.0,,,,,,
1.404767632484436,0.09201973678679491,0.03480905294418335,0.004942733977658371,,,,400.0,,20,,,,"{'n_estimators': 400, 'min_samples_split': 10, 'min_samples_leaf': 1, 'max_features': 'log2', 'max_depth': 20, 'class_weight': None}",0.8243755881047091,0.9785560759936471,0.986264792512224,0.8550268052939642,0.9110558154761361,0.07222428122851561,1,Random_Forest,3,person03,,,,10.0,1.0,log2,,,,,
2.3624306321144104,0.1294375688344662,0.0490800142288208,0.0036324384367135577,,,,600.0,,20,,,,"{'n_estimators': 600, 'min_samples_split': 2, 'min_samples_leaf': 2, 'max_features': 'log2', 'max_depth': 20, 'class_weight': 'balanced'}",0.8049587774735631,0.977592392128663,0.98848357832625,0.8550268052939642,0.9065153883056101,0.0786376882162125,11,Random_Forest,3,person03,,,,2.0,2.0,log2,balanced,,,,
2.131291925907135,0.12190249041850759,0.05032920837402344,0.00460027658311204,,,,600.0,,20,,,,"{'n_estimators': 600, 'min_samples_split': 2, 'min_samples_leaf': 2, 'max_features': 'log2', 'max_depth': 20, 'class_weight': None}",0.809641641363668,0.9758658415840036,0.9861901851064042,0.8550268052939642,0.90668111833701,0.0761463160246637,10,Random_Forest,3,person03,,,,2.0,2.0,log2,,,,,
0.7100434303283691,0.05441291991796376,0.01942676305770874,0.0018306898239617106,,,,200.0,,20,,,,"{'n_estimators': 200, 'min_samples_split': 10, 'min_samples_leaf': 1, 'max_features': 'sqrt', 'max_depth': 20, 'class_weight': None}",0.8224595578995822,0.9738512993453338,0.9873879055879533,0.855976277741865,0.9099187601436836,0.07184661009658194,2,Random_Forest,3,person03,,,,10.0,1.0,sqrt,,,,,
0.7076444029808044,0.03828497872919513,0.018133223056793213,0.001058814082894055,,,,200.0,,8,,,,"{'n_estimators': 200, 'min_samples_split': 2, 'min_samples_leaf': 1, 'max_features': 'sqrt', 'max_depth': 8, 'class_weight': None}",0.8180550538604572,0.976740174667593,0.985141409809076,0.8538036242300654,0.908435065641798,0.07365899821958878,6,Random_Forest,3,person03,,,,2.0,1.0,sqrt,,,,,
4.468420088291168,0.2354647986697509,0.03099668025970459,0.0015464113230583194,,,,400.0,,8,,,,"{'n_estimators': 400, 'min_samples_split': 5, 'min_samples_leaf': 1, 'max_features': None, 'max_depth': 8, 'class_weight': 'balanced'}",0.7902103742369186,0.9240925497208233,0.9771031570481881,0.8472363871491134,0.8846606170387608,0.07145264492409882,22,Random_Forest,3,person03,,,,5.0,1.0,,balanced,,,,
1.4042425155639648,0.08450256670940401,0.03432506322860718,0.0013967443251286364,,,,400.0,,20,,,,"{'n_estimators': 400, 'min_samples_split': 5, 'min_samples_leaf': 1, 'max_features': 'sqrt', 'max_depth': 20, 'class_weight': None}",0.8145350725264148,0.9767270140267589,0.985172769316311,0.8537309996570903,0.9075414638816437,0.0747646554619173,7,Random_Forest,3,person03,,,,5.0,1.0,sqrt,,,,,
2.4091150164604187,0.2050687296719028,0.05719548463821411,0.008772445132282019,,,,600.0,,,,,,"{'n_estimators': 600, 'min_samples_split': 2, 'min_samples_leaf': 2, 'max_features': 'log2', 'max_depth': None, 'class_weight': 'balanced'}",0.8049587774735631,0.977592392128663,0.98848357832625,0.8550268052939642,0.9065153883056101,0.0786376882162125,11,Random_Forest,3,person03,,,,2.0,2.0,log2,balanced,,,,
1.641201913356781,0.06060535280829936,0.04571336507797241,0.016096030778446384,,,,400.0,,20,,,,"{'n_estimators': 400, 'min_samples_split': 5, 'min_samples_leaf': 1, 'max_features': 'log2', 'max_depth': 20, 'class_weight': 'balanced'}",0.8060674747787951,0.977592392128663,0.98848357832625,0.8524311080113046,0.9061436383112532,0.0787163651382803,14,Random_Forest,3,person03,,,,5.0,1.0,log2,balanced,,,,
2.298625111579895,0.17810127945473675,0.01638251543045044,0.0015265532804078748,,,,200.0,,,,,,"{'n_estimators': 200, 'min_samples_split': 10, 'min_samples_leaf': 2, 'max_features': None, 'max_depth': None, 'class_weight': None}",0.7908546363341216,0.9377458150558079,0.9748253152896368,0.85040363693015,0.888457350902429,0.07222041437359561,17,Random_Forest,3,person03,,,,10.0,2.0,,,,,,
1.422529399394989,0.0986886235837173,0.03363323211669922,0.002282040483280189,,,,400.0,,,,,,"{'n_estimators': 400, 'min_samples_split': 2, 'min_samples_leaf': 2, 'max_features': 'sqrt', 'max_depth': None, 'class_weight': None}",0.8097460395694949,0.9749069805058863,0.9850974508480906,0.8538036242300654,0.9058885237883844,0.07581855895391831,15,Random_Forest,3,person03,,,,2.0,2.0,sqrt,,,,,
1.4982265830039978,0.054085539257924566,0.033741891384124756,0.005297095951972331,,,,400.0,,,,,,"{'n_estimators': 400, 'min_samples_split': 10, 'min_samples_leaf': 2, 'max_features': 'sqrt', 'max_depth': None, 'class_weight': 'balanced'}",0.8176562738883836,0.9757681529486415,0.98848357832625,0.8550268052939642,0.9092337026143098,0.07421621967400423,3,Random_Forest,3,person03,,,,10.0,2.0,sqrt,balanced,,,,
2.2620626091957092,0.1951096117516501,0.017758548259735107,0.0018733042628679476,,,,200.0,,,,,,"{'n_estimators': 200, 'min_samples_split': 2, 'min_samples_leaf': 2, 'max_features': None, 'max_depth': None, 'class_weight': None}",0.7894450086169248,0.9325405038576671,0.9749787067363999,0.8450536366714054,0.8855044639705992,0.07259772303386147,20,Random_Forest,3,person03,,,,2.0,2.0,,,,,,
2.4044488072395325,0.19825450263031913,0.057772696018218994,0.018944267573052134,,,,600.0,,,,,,"{'n_estimators': 600, 'min_samples_split': 10, 'min_samples_leaf': 2, 'max_features': 'sqrt', 'max_depth': None, 'class_weight': 'balanced'}",0.8121523416205069,0.9749016249205619,0.9873576119438704,0.8550268052939642,0.9073595959447258,0.07543996039107029,8,Random_Forest,3,person03,,,,10.0,2.0,sqrt,balanced,,,,
2.2075583934783936,0.053649000378067066,0.015461444854736328,0.0019431411486381669,,,,200.0,,,,,,"{'n_estimators': 200, 'min_samples_split': 2, 'min_samples_leaf': 1, 'max_features': None, 'max_depth': None, 'class_weight': None}",0.7920286766613407,0.9069968408535356,0.977186899868372,0.8445584898297684,0.8801927268032542,0.06922613076128642,24,Random_Forest,3,person03,,,,2.0,1.0,,,,,,
6.406964659690857,0.5222899836436511,0.043763935565948486,0.004632490803896728,,,,600.0,,20,,,,"{'n_estimators': 600, 'min_samples_split': 5, 'min_samples_leaf': 2, 'max_features': None, 'max_depth': 20, 'class_weight': 'balanced'}",0.7998766918641231,0.9416329487340493,0.9674341748026386,0.8213893382685028,0.8825832884173285,0.07292396031505106,20,Random_Forest,4,person04,,,,5.0,2.0,,balanced,,,,
4.334564507007599,0.28938803707678074,0.031157195568084717,0.0014395330425610818,,,,400.0,,12,,,,"{'n_estimators': 400, 'min_samples_split': 5, 'min_samples_leaf': 1, 'max_features': None, 'max_depth': 12, 'class_weight': None}",0.8069009261155483,0.9389675751211739,0.9354522892628179,0.825979173791032,0.876824991072643,0.06077321128685602,22,Random_Forest,4,person04,,,,5.0,1.0,,,,,,
2.163103461265564,0.154787982694332,0.04742318391799927,0.0038953578227585452,,,,600.0,,20,,,,"{'n_estimators': 600, 'min_samples_split': 10, 'min_samples_leaf': 4, 'max_features': 'sqrt', 'max_depth': 20, 'class_weight': 'balanced'}",0.9081310567229847,0.9773773707798277,0.9745433374470123,0.8111798438711456,0.9178079022052426,0.06751039801563646,6,Random_Forest,4,person04,,,,10.0,4.0,sqrt,balanced,,,,
0.707061231136322,0.049720391942805885,0.01764470338821411,0.0006919106058767461,,,,200.0,,8,,,,"{'n_estimators': 200, 'min_samples_split': 10, 'min_samples_leaf': 4, 'max_features': 'sqrt', 'max_depth': 8, 'class_weight': 'balanced'}",0.9024966437009381,0.9795833687806617,0.9707559229267293,0.8065124455323578,0.9148370952351718,0.06929197591664499,14,Random_Forest,4,person04,,,,10.0,4.0,sqrt,balanced,,,,
2.048263967037201,0.15693297623954777,0.018360376358032227,0.0022786719213032567,,,,200.0,,,,,,"{'n_estimators': 200, 'min_samples_split': 2, 'min_samples_leaf': 4, 'max_features': None, 'max_depth': None, 'class_weight': None}",0.7945120136862394,0.9388774992176429,0.9699483527509918,0.8227246438314681,0.8815156273715856,0.07439210273885982,21,Random_Forest,4,person04,,,,2.0,4.0,,,,,,
1.4829539060592651,0.09677908217865697,0.033529460430145264,0.0013857496810766585,,,,400.0,,8,,,,"{'n_estimators': 400, 'min_samples_split': 10, 'min_samples_leaf': 2, 'max_features': 'log2', 'max_depth': 8, 'class_weight': 'balanced'}",0.9053220313038908,0.977533252774125,0.9745433374470123,0.8064367617696389,0.9159588458236667,0.06951938393126794,12,Random_Forest,4,person04,,,,10.0,2.0,log2,balanced,,,,
1.4374488592147827,0.10679206969988772,0.03573983907699585,0.005381103129672062,,,,400.0,,12,,,,"{'n_estimators': 400, 'min_samples_split': 2, 'min_samples_leaf': 4, 'max_features': 'sqrt', 'max_depth': 12, 'class_weight': None}",0.8996543391636929,0.9763114164853735,0.9757897081786772,0.8093669717175083,0.915280608886313,0.06864398993563822,13,Random_Forest,4,person04,,,,2.0,4.0,sqrt,,,,,
2.025622606277466,0.11668176146724461,0.04832178354263306,0.0036371376905883056,,,,600.0,,8,,,,"{'n_estimators': 600, 'min_samples_split': 5, 'min_samples_leaf': 4, 'max_features': 'log2', 'max_depth': 8, 'class_weight': None}",0.8953579247138272,0.9755615141510019,0.9745433374470123,0.8106473939730586,0.914027542571225,0.0679790424376318,15,Random_Forest,4,person04,,,,5.0,4.0,log2,,,,,
2.1587160229682922,0.13887740750967137,0.017387986183166504,0.0010980982908688581,,,,200.0,,12,,,,"{'n_estimators': 200, 'min_samples_split': 10, 'min_samples_leaf': 2, 'max_features': None, 'max_depth': 12, 'class_weight': None}",0.8069009261155483,0.9407278000278001,0.9687199130317382,0.8220481664043517,0.8845992013948596,0.07102177073010077,18,Random_Forest,4,person04,,,,10.0,2.0,,,,,,
1.429755449295044,0.09243543069194918,0.03447151184082031,0.00228889342895225,,,,400.0,,20,,,,"{'n_estimators': 400, 'min_samples_split': 10, 'min_samples_leaf': 1, 'max_features': 'log2', 'max_depth': 20, 'class_weight': None}",0.9095296043183263,0.9772522276070079,0.9757871663694127,0.8051103891767086,0.9169198468678639,0.07010942872588839,9,Random_Forest,4,person04,,,,10.0,1.0,log2,,,,,
2.388057053089142,0.1654007934614846,0.04858499765396118,0.0037260518454349137,,,,600.0,,20,,,,"{'n_estimators': 600, 'min_samples_split': 2, 'min_samples_leaf': 2, 'max_features': 'log2', 'max_depth': 20, 'class_weight': 'balanced'}",0.9039114172160638,0.9772580695082412,0.9745335546806135,0.8111798438711456,0.916720721319016,0.06765731540481716,10,Random_Forest,4,person04,,,,2.0,2.0,log2,balanced,,,,
2.0709884762763977,0.1442628645660991,0.04903620481491089,0.001607002872752822,,,,600.0,,20,,,,"{'n_estimators': 600, 'min_samples_split': 2, 'min_samples_leaf': 2, 'max_features': 'log2', 'max_depth': 20, 'class_weight': None}",0.9109242650385585,0.9790744598553929,0.9757773836030139,0.8083656476375156,0.9185354390336202,0.06916813964172536,3,Random_Forest,4,person04,,,,2.0,2.0,log2,,,,,
0.7034091949462891,0.050172677500311444,0.021051764488220215,0.0009649237090160547,,,,200.0,,20,,,,"{'n_estimators': 200, 'min_samples_split': 10, 'min_samples_leaf': 1, 'max_features': 'sqrt', 'max_depth': 20, 'class_weight': None}",0.9039114172160638,0.9762907821387146,0.9745335546806135,0.8012713270763974,0.9140017702779474,0.07133369815678459,16,Random_Forest,4,person04,,,,10.0,1.0,sqrt,,,,,
0.7220233082771301,0.06692500119165377,0.01977473497390747,0.0026349450623582974,,,,200.0,,8,,,,"{'n_estimators': 200, 'min_samples_split': 2, 'min_samples_leaf': 1, 'max_features': 'sqrt', 'max_depth': 8, 'class_weight': None}",0.8996543391636929,0.9848319272836645,0.9770753531266545,0.8091679220404341,0.9176823854036115,0.07095242208670266,8,Random_Forest,4,person04,,,,2.0,1.0,sqrt,,,,,
4.4545833468437195,0.3072083552055299,0.031689584255218506,0.002307782654399627,,,,400.0,,8,,,,"{'n_estimators': 400, 'min_samples_split': 5, 'min_samples_leaf': 1, 'max_features': None, 'max_depth': 8, 'class_weight': 'balanced'}",0.7872238066430444,0.940927870725293,0.9354522892628179,0.8248567358606642,0.8721151756229548,0.06742900271308638,24,Random_Forest,4,person04,,,,5.0,1.0,,balanced,,,,
1.4485320448875427,0.09122115167434369,0.0317225456237793,0.0013253085032079734,,,,400.0,,20,,,,"{'n_estimators': 400, 'min_samples_split': 5, 'min_samples_leaf': 1, 'max_features': 'sqrt', 'max_depth': 20, 'class_weight': None}",0.9137021920455701,0.9790832750438112,0.9745884501125208,0.8067649900254664,0.9185347268068421,0.06950534879135395,4,Random_Forest,4,person04,,,,5.0,1.0,sqrt,,,,,
2.24570494890213,0.16176192997751493,0.04725998640060425,0.0033354253675405886,,,,600.0,,,,,,"{'n_estimators': 600, 'min_samples_split': 2, 'min_samples_leaf': 2, 'max_features': 'log2', 'max_depth': None, 'class_weight': 'balanced'}",0.9039114172160638,0.9772580695082412,0.9745335546806135,0.8111798438711456,0.916720721319016,0.06765731540481716,10,Random_Forest,4,person04,,,,2.0,2.0,log2,balanced,,,,
1.5029670000076294,0.12871500456011659,0.03164452314376831,0.0012296642180081195,,,,400.0,,20,,,,"{'n_estimators': 400, 'min_samples_split': 5, 'min_samples_leaf': 1, 'max_features': 'log2', 'max_depth': 20, 'class_weight': 'balanced'}",0.9109242650385585,0.9781216054631463,0.9796660090577696,0.8073037775577133,0.919003914279297,0.07020860422572012,2,Random_Forest,4,person04,,,,5.0,1.0,log2,balanced,,,,
2.080991804599762,0.15835844661793444,0.01628422737121582,0.0008283290917354534,,,,200.0,,,,,,"{'n_estimators': 200, 'min_samples_split': 10, 'min_samples_leaf': 2, 'max_features': None, 'max_depth': None, 'class_weight': None}",0.8069009261155483,0.9407278000278001,0.9687199130317382,0.8220481664043517,0.8845992013948596,0.07102177073010077,18,Random_Forest,4,person04,,,,10.0,2.0,,,,,,
1.3749220967292786,0.09051078483220885,0.03538411855697632,0.005058379122053332,,,,400.0,,,,,,"{'n_estimators': 400, 'min_samples_split': 2, 'min_samples_leaf': 2, 'max_features': 'sqrt', 'max_depth': None, 'class_weight': None}",0.9109242650385585,0.979065048461158,0.9770224628312864,0.8094409164547198,0.9191131731964306,0.06899778128572114,1,Random_Forest,4,person04,,,,2.0,2.0,sqrt,,,,,
1.4806879162788391,0.11151296710731363,0.03718698024749756,0.0011771258444393485,,,,400.0,,,,,,"{'n_estimators': 400, 'min_samples_split': 10, 'min_samples_leaf': 2, 'max_features': 'sqrt', 'max_depth': None, 'class_weight': 'balanced'}",0.9095296043183263,0.9790744598553929,0.9757798848797721,0.8064367617696389,0.9177051777057825,0.06997564002932641,7,Random_Forest,4,person04,,,,10.0,2.0,sqrt,balanced,,,,
2.1328811645507812,0.15038444911331728,0.01801210641860962,0.0019362136948441941,,,,200.0,,,,,,"{'n_estimators': 200, 'min_samples_split': 2, 'min_samples_leaf': 2, 'max_features': None, 'max_depth': None, 'class_weight': None}",0.8051582789716503,0.9415988261951375,0.9698561513803233,0.8229793938863941,0.8848981626083763,0.07180739528383945,17,Random_Forest,4,person04,,,,2.0,2.0,,,,,,
2.237795054912567,0.15462872312523732,0.04583519697189331,0.004846881384628102,,,,600.0,,,,,,"{'n_estimators': 600, 'min_samples_split': 10, 'min_samples_leaf': 2, 'max_features': 'sqrt', 'max_depth': None, 'class_weight': 'balanced'}",0.9095296043183263,0.9781216054631463,0.9745335546806135,0.8102428278343928,0.9181068980741197,0.06799625044006391,5,Random_Forest,4,person04,,,,10.0,2.0,sqrt,balanced,,,,
2.2323025465011597,0.15028430745613766,0.017110466957092285,0.0018578554521816986,,,,200.0,,,,,,"{'n_estimators': 200, 'min_samples_split': 2, 'min_samples_leaf': 1, 'max_features': None, 'max_depth': None, 'class_weight': None}",0.8137853158044301,0.921484687435935,0.9378949091001889,0.823729551236679,0.8742236158943083,0.05587951580224857,23,Random_Forest,4,person04,,,,2.0,1.0,,,,,,
7.110108554363251,0.34724170789691955,0.045217037200927734,0.004926301460826603,,,,600.0,,20,,,,"{'n_estimators': 600, 'min_samples_split': 5, 'min_samples_leaf': 2, 'max_features': None, 'max_depth': 20, 'class_weight': 'balanced'}",0.9247529240985948,0.8955551296632602,0.9408963304673161,0.7938226886414085,0.8887567682176449,0.057168510504309544,18,Random_Forest,5,person05,,,,5.0,2.0,,balanced,,,,
4.75171172618866,0.2460292283212942,0.031064867973327637,0.0008576168906192758,,,,400.0,,12,,,,"{'n_estimators': 400, 'min_samples_split': 5, 'min_samples_leaf': 1, 'max_features': None, 'max_depth': 12, 'class_weight': None}",0.9246944057351849,0.8956839752556921,0.9373069938940926,0.7841297141107926,0.8854537722489406,0.060414827903680156,21,Random_Forest,5,person05,,,,5.0,1.0,,,,,,
2.3126340508461,0.09807579981775587,0.06467819213867188,0.02296811337405622,,,,600.0,,20,,,,"{'n_estimators': 600, 'min_samples_split': 10, 'min_samples_leaf': 4, 'max_features': 'sqrt', 'max_depth': 20, 'class_weight': 'balanced'}",0.9819784984428599,0.8897182722636644,0.9634025953695537,0.7996553683043797,0.9086886835951145,0.0717864009605077,11,Random_Forest,5,person05,,,,10.0,4.0,sqrt,balanced,,,,
0.7334521412849426,0.037789872221987014,0.0186501145362854,0.0011688470582096383,,,,200.0,,8,,,,"{'n_estimators': 200, 'min_samples_split': 10, 'min_samples_leaf': 4, 'max_features': 'sqrt', 'max_depth': 8, 'class_weight': 'balanced'}",0.971955819542776,0.8908659475435246,0.9643565262358189,0.7966780387544757,0.9059640830191488,0.07059741475450121,16,Random_Forest,5,person05,,,,10.0,4.0,sqrt,balanced,,,,
2.19148987531662,0.11058400851288142,0.017610788345336914,0.0013870152321805065,,,,200.0,,,,,,"{'n_estimators': 200, 'min_samples_split': 2, 'min_samples_leaf': 4, 'max_features': None, 'max_depth': None, 'class_weight': None}",0.9195940603478043,0.8907098169330018,0.9523168323712243,0.7870272937320602,0.8874120008460227,0.0619198819491579,19,Random_Forest,5,person05,,,,2.0,4.0,,,,,,
1.4886932969093323,0.0648965757397341,0.03192126750946045,0.0025666512520589927,,,,400.0,,8,,,,"{'n_estimators': 400, 'min_samples_split': 10, 'min_samples_leaf': 2, 'max_features': 'log2', 'max_depth': 8, 'class_weight': 'balanced'}",0.9794575068847245,0.8896614533278098,0.9606123463120211,0.8004657913635508,0.9075492744720265,0.07030883653877674,14,Random_Forest,5,person05,,,,10.0,2.0,log2,balanced,,,,
1.3805253505706787,0.08137774220666125,0.03193789720535278,0.0023704506858206755,,,,400.0,,12,,,,"{'n_estimators': 400, 'min_samples_split': 2, 'min_samples_leaf': 4, 'max_features': 'sqrt', 'max_depth': 12, 'class_weight': None}",0.9795570013052736,0.8881705321427249,0.963667619213934,0.8024110109809863,0.9084515409107297,0.07028640534544059,13,Random_Forest,5,person05,,,,2.0,4.0,sqrt,,,,,
2.0472989678382874,0.10033945293408063,0.0474780797958374,0.004194735323785018,,,,600.0,,8,,,,"{'n_estimators': 600, 'min_samples_split': 5, 'min_samples_leaf': 4, 'max_features': 'log2', 'max_depth': 8, 'class_weight': None}",0.9807184260763151,0.8931737722284451,0.9633542920096924,0.7995782232752039,0.9092061783974141,0.07127647993500522,7,Random_Forest,5,person05,,,,5.0,4.0,log2,,,,,
2.2405383586883545,0.13331243234996432,0.01642739772796631,0.000780728613159794,,,,200.0,,12,,,,"{'n_estimators': 200, 'min_samples_split': 10, 'min_samples_leaf': 2, 'max_features': None, 'max_depth': 12, 'class_weight': None}",0.918422958758631,0.8958622377679928,0.9386706361301811,0.7863598897044628,0.884828930590317,0.05883318337526851,23,Random_Forest,5,person05,,,,10.0,2.0,,,,,,
1.417133629322052,0.06379415796580304,0.03333437442779541,0.0011244625569980034,,,,400.0,,20,,,,"{'n_estimators': 400, 'min_samples_split': 10, 'min_samples_leaf': 1, 'max_features': 'log2', 'max_depth': 20, 'class_weight': None}",0.9820820999336516,0.9032160295859706,0.9682698556349163,0.8014948435097017,0.91376570716606,0.07133350237489992,3,Random_Forest,5,person05,,,,10.0,1.0,log2,,,,,
2.2864742279052734,0.1184216260302367,0.04838639497756958,0.003134742235786223,,,,600.0,,20,,,,"{'n_estimators': 600, 'min_samples_split': 2, 'min_samples_leaf': 2, 'max_features': 'log2', 'max_depth': 20, 'class_weight': 'balanced'}",0.9846035358651317,0.8784533710864546,0.9709797043788541,0.8027027407484044,0.9091848380197112,0.07380624227023254,8,Random_Forest,5,person05,,,,2.0,2.0,log2,balanced,,,,
2.1157652735710144,0.11483505240050391,0.04831898212432861,0.004125329262442813,,,,600.0,,20,,,,"{'n_estimators': 600, 'min_samples_split': 2, 'min_samples_leaf': 2, 'max_features': 'log2', 'max_depth': 20, 'class_weight': None}",0.9808200327730514,0.8872306625781131,0.9669237017203357,0.8015943948865951,0.9091421979895238,0.07162935764929128,10,Random_Forest,5,person05,,,,2.0,2.0,log2,,,,,
0.793097734451294,0.020293707021596948,0.01879262924194336,0.0011997255474426914,,,,200.0,,20,,,,"{'n_estimators': 200, 'min_samples_split': 10, 'min_samples_leaf': 1, 'max_features': 'sqrt', 'max_depth': 20, 'class_weight': None}",0.979507957072365,0.9044927121850198,0.9683788614079524,0.8045318042219516,0.9142278337218223,0.0695014744151139,2,Random_Forest,5,person05,,,,10.0,1.0,sqrt,,,,,
0.7525957822799683,0.04553626709552856,0.01913362741470337,0.0008207051372064998,,,,200.0,,8,,,,"{'n_estimators': 200, 'min_samples_split': 2, 'min_samples_leaf': 1, 'max_features': 'sqrt', 'max_depth': 8, 'class_weight': None}",0.9768500445632798,0.8907771048803953,0.9668121831406674,0.790845132453806,0.9063211162595372,0.07451479387636427,15,Random_Forest,5,person05,,,,2.0,1.0,sqrt,,,,,
4.5591059923172,0.25993927837070735,0.03339743614196777,0.002721634846506021,,,,400.0,,8,,,,"{'n_estimators': 400, 'min_samples_split': 5, 'min_samples_leaf': 1, 'max_features': None, 'max_depth': 8, 'class_weight': 'balanced'}",0.9387238707921048,0.8955666391901858,0.9364062751243071,0.7894701434707748,0.8900417321443431,0.060549134005474084,17,Random_Forest,5,person05,,,,5.0,1.0,,balanced,,,,
1.48652845621109,0.06991964842730844,0.03382140398025513,0.0033206155231945973,,,,400.0,,20,,,,"{'n_estimators': 400, 'min_samples_split': 5, 'min_samples_leaf': 1, 'max_features': 'sqrt', 'max_depth': 20, 'class_weight': None}",0.9833432514511975,0.8997006694489837,0.9701296093881591,0.8046269086675872,0.9144501097389819,0.07093157466636128,1,Random_Forest,5,person05,,,,5.0,1.0,sqrt,,,,,
2.4631691575050354,0.13029377902472553,0.05390465259552002,0.005430256171171873,,,,600.0,,,,,,"{'n_estimators': 600, 'min_samples_split': 2, 'min_samples_leaf': 2, 'max_features': 'log2', 'max_depth': None, 'class_weight': 'balanced'}",0.9846035358651317,0.8784533710864546,0.9709797043788541,0.8027027407484044,0.9091848380197112,0.07380624227023254,8,Random_Forest,5,person05,,,,2.0,2.0,log2,balanced,,,,
1.5466994047164917,0.07530134084662207,0.03284662961959839,0.0033821207709279245,,,,400.0,,20,,,,"{'n_estimators': 400, 'min_samples_split': 5, 'min_samples_leaf': 1, 'max_features': 'log2', 'max_depth': 20, 'class_weight': 'balanced'}",0.9833432514511975,0.8859727599370744,0.9708101575301381,0.8036343205945604,0.9109401223782426,0.07239568096984743,4,Random_Forest,5,person05,,,,5.0,1.0,log2,balanced,,,,
2.229895055294037,0.10791180790586273,0.018072903156280518,0.0007550475375781127,,,,200.0,,,,,,"{'n_estimators': 200, 'min_samples_split': 10, 'min_samples_leaf': 2, 'max_features': None, 'max_depth': None, 'class_weight': None}",0.918422958758631,0.8958622377679928,0.9386706361301811,0.7863598897044628,0.884828930590317,0.05883318337526851,23,Random_Forest,5,person05,,,,10.0,2.0,,,,,,
1.3937456607818604,0.08792153853722072,0.03235924243927002,0.003917041079590107,,,,400.0,,,,,,"{'n_estimators': 400, 'min_samples_split': 2, 'min_samples_leaf': 2, 'max_features': 'sqrt', 'max_depth': None, 'class_weight': None}",0.9795570013052736,0.8896966927418793,0.9669237017203357,0.8026497427864132,0.9097067846384754,0.0707362042319482,6,Random_Forest,5,person05,,,,2.0,2.0,sqrt,,,,,
1.509085237979889,0.0828959124476048,0.03346306085586548,0.001826382913156011,,,,400.0,,,,,,"{'n_estimators': 400, 'min_samples_split': 10, 'min_samples_leaf': 2, 'max_features': 'sqrt', 'max_depth': None, 'class_weight': 'balanced'}",0.9833432514511975,0.8910688919826646,0.9641687583954218,0.8024900115656386,0.9102677283487306,0.07111607530928021,5,Random_Forest,5,person05,,,,10.0,2.0,sqrt,balanced,,,,
2.258917510509491,0.12241660094601041,0.017852485179901123,0.002035467201167773,,,,200.0,,,,,,"{'n_estimators': 200, 'min_samples_split': 2, 'min_samples_leaf': 2, 'max_features': None, 'max_depth': None, 'class_weight': None}",0.9208477189806642,0.8957129432693175,0.9395352689668063,0.7871127954331053,0.8858021816624733,0.059061943134163915,20,Random_Forest,5,person05,,,,2.0,2.0,,,,,,
2.288942515850067,0.13412360024586434,0.046276748180389404,0.002740797390297494,,,,600.0,,,,,,"{'n_estimators': 600, 'min_samples_split': 10, 'min_samples_leaf': 2, 'max_features': 'sqrt', 'max_depth': None, 'class_weight': 'balanced'}",0.9820309414938571,0.8885638192103006,0.9641687583954218,0.7996553683043797,0.9086047218509898,0.07202494586084636,12,Random_Forest,5,person05,,,,10.0,2.0,sqrt,balanced,,,,
2.284888505935669,0.09189747311537574,0.017232060432434082,0.0007461499510241101,,,,200.0,,,,,,"{'n_estimators': 200, 'min_samples_split': 2, 'min_samples_leaf': 1, 'max_features': None, 'max_depth': None, 'class_weight': None}",0.9222266469961018,0.9006177035077314,0.9390716711289078,0.7798403066451772,0.8854390820694796,0.06247253689087298,22,Random_Forest,5,person05,,,,2.0,1.0,,,,,,
6.844172358512878,0.12523734885340412,0.05794161558151245,0.010770591275546918,,,,600.0,,20,,,,"{'n_estimators': 600, 'min_samples_split': 5, 'min_samples_leaf': 2, 'max_features': None, 'max_depth': 20, 'class_weight': 'balanced'}",0.8187693495845143,0.9250008788755878,0.7955365538265138,0.9161440349451908,0.8638627043079516,0.05738703556224375,23,Random_Forest,6,person06,,,,5.0,2.0,,balanced,,,,
4.820829331874847,0.09475774333110389,0.03280174732208252,0.001537088652030398,,,,400.0,,12,,,,"{'n_estimators': 400, 'min_samples_split': 5, 'min_samples_leaf': 1, 'max_features': None, 'max_depth': 12, 'class_weight': None}",0.8403857107492513,0.929793763494073,0.8005259005747541,0.919490031333159,0.8725488515378094,0.05408841695841859,17,Random_Forest,6,person06,,,,5.0,1.0,,,,,,
2.4934216141700745,0.04756880092098369,0.05046844482421875,0.0038999310859604685,,,,600.0,,20,,,,"{'n_estimators': 600, 'min_samples_split': 10, 'min_samples_leaf': 4, 'max_features': 'sqrt', 'max_depth': 20, 'class_weight': 'balanced'}",0.8415925178569297,0.9701764843221543,0.8062060782518307,0.9250737934929352,0.8857622184809625,0.06509859850412168,15,Random_Forest,6,person06,,,,10.0,4.0,sqrt,balanced,,,,
0.7672589421272278,0.032086737204673345,0.01842588186264038,0.0010595834716924264,,,,200.0,,8,,,,"{'n_estimators': 200, 'min_samples_split': 10, 'min_samples_leaf': 4, 'max_features': 'sqrt', 'max_depth': 8, 'class_weight': 'balanced'}",0.850192749252972,0.9712956882179943,0.8063395192361026,0.9253145467106164,0.8882856258544213,0.06408596389041196,11,Random_Forest,6,person06,,,,10.0,4.0,sqrt,balanced,,,,
2.2641175985336304,0.05869962316946699,0.01779121160507202,0.0016501253897777222,,,,200.0,,,,,,"{'n_estimators': 200, 'min_samples_split': 2, 'min_samples_leaf': 4, 'max_features': None, 'max_depth': None, 'class_weight': None}",0.820557011184469,0.9287534381811975,0.7808606248589183,0.9075388922132143,0.8594274916094498,0.06083679095660231,24,Random_Forest,6,person06,,,,2.0,4.0,,,,,,
1.474282681941986,0.037353190880147255,0.03430938720703125,0.0013438488008853066,,,,400.0,,8,,,,"{'n_estimators': 400, 'min_samples_split': 10, 'min_samples_leaf': 2, 'max_features': 'log2', 'max_depth': 8, 'class_weight': 'balanced'}",0.8587514719315584,0.9682785838683715,0.8091905103069417,0.9253145467106164,0.890383778204372,0.06099325554901554,3,Random_Forest,6,person06,,,,10.0,2.0,log2,balanced,,,,
1.4049143195152283,0.05286582846826208,0.03342562913894653,0.0020171188648658266,,,,400.0,,12,,,,"{'n_estimators': 400, 'min_samples_split': 2, 'min_samples_leaf': 4, 'max_features': 'sqrt', 'max_depth': 12, 'class_weight': None}",0.8390362653648552,0.9710943118653168,0.8051963340788416,0.9264187595660238,0.8854364177187594,0.0663480827415446,16,Random_Forest,6,person06,,,,2.0,4.0,sqrt,,,,,
2.1102455854415894,0.05167199585530629,0.04869568347930908,0.0014088212596317588,,,,600.0,,8,,,,"{'n_estimators': 600, 'min_samples_split': 5, 'min_samples_leaf': 4, 'max_features': 'log2', 'max_depth': 8, 'class_weight': None}",0.8460593996198974,0.9747525984195384,0.8070799650529639,0.9253145467106164,0.888301627450754,0.06562219675604683,9,Random_Forest,6,person06,,,,5.0,4.0,log2,,,,,
2.2386531233787537,0.06208872967826247,0.019043385982513428,0.003209857330182965,,,,200.0,,12,,,,"{'n_estimators': 200, 'min_samples_split': 10, 'min_samples_leaf': 2, 'max_features': None, 'max_depth': 12, 'class_weight': None}",0.8319696732435535,0.9250531125376955,0.7879311003654452,0.9184231500530965,0.8658442590499477,0.058069303358585705,22,Random_Forest,6,person06,,,,10.0,2.0,,,,,,
1.4181254506111145,0.04591797783440579,0.032915472984313965,0.0028078010594799006,,,,400.0,,20,,,,"{'n_estimators': 400, 'min_samples_split': 10, 'min_samples_leaf': 1, 'max_features': 'log2', 'max_depth': 20, 'class_weight': None}",0.8478873282370147,0.9719084092443623,0.8101552847342053,0.9253145467106164,0.8888163922315497,0.0634412261148318,7,Random_Forest,6,person06,,,,10.0,1.0,log2,,,,,
2.2752707600593567,0.06748120773779263,0.048181772232055664,0.002719097751246112,,,,600.0,,20,,,,"{'n_estimators': 600, 'min_samples_split': 2, 'min_samples_leaf': 2, 'max_features': 'log2', 'max_depth': 20, 'class_weight': 'balanced'}",0.8461420530707096,0.9671073178746447,0.8082232956825399,0.9239700407335533,0.8863606768403618,0.06256491093835545,13,Random_Forest,6,person06,,,,2.0,2.0,log2,balanced,,,,
2.161841094493866,0.06226317375081349,0.04885435104370117,0.002430470534047605,,,,600.0,,20,,,,"{'n_estimators': 600, 'min_samples_split': 2, 'min_samples_leaf': 2, 'max_features': 'log2', 'max_depth': 20, 'class_weight': None}",0.8433850776859908,0.9707954664734006,0.809100889603649,0.9253145467106164,0.8871489951184143,0.06414851662734203,12,Random_Forest,6,person06,,,,2.0,2.0,log2,,,,,
0.7109670042991638,0.03318717204737464,0.017845988273620605,0.0008439904130694204,,,,200.0,,20,,,,"{'n_estimators': 200, 'min_samples_split': 10, 'min_samples_leaf': 1, 'max_features': 'sqrt', 'max_depth': 20, 'class_weight': None}",0.8490450539770835,0.9717018474705192,0.8124133986274805,0.9253145467106164,0.8896187116964249,0.06248743050139918,5,Random_Forest,6,person06,,,,10.0,1.0,sqrt,,,,,
0.7037445306777954,0.02035989788628304,0.01764976978302002,0.00028859722065148734,,,,200.0,,8,,,,"{'n_estimators': 200, 'min_samples_split': 2, 'min_samples_leaf': 1, 'max_features': 'sqrt', 'max_depth': 8, 'class_weight': None}",0.8406035781669348,0.981958251977743,0.8102189583591313,0.9242899798397244,0.8892676920858834,0.06788777286798157,6,Random_Forest,6,person06,,,,2.0,1.0,sqrt,,,,,
4.538195073604584,0.06659784140980977,0.033847689628601074,0.002899373518996847,,,,400.0,,8,,,,"{'n_estimators': 400, 'min_samples_split': 5, 'min_samples_leaf': 1, 'max_features': None, 'max_depth': 8, 'class_weight': 'balanced'}",0.8267556603699285,0.9258717109385805,0.7990328743576931,0.917354783896092,0.8672537573905735,0.05531808492514562,20,Random_Forest,6,person06,,,,5.0,1.0,,balanced,,,,
1.4462249279022217,0.051761420657523746,0.032535016536712646,0.0010362850084513291,,,,400.0,,20,,,,"{'n_estimators': 400, 'min_samples_split': 5, 'min_samples_leaf': 1, 'max_features': 'sqrt', 'max_depth': 20, 'class_weight': None}",0.8479974798923103,0.9708745958671843,0.8112269743211528,0.9230506027484952,0.8882874132072855,0.06243138644669462,10,Random_Forest,6,person06,,,,5.0,1.0,sqrt,,,,,
2.3228164315223694,0.06214133709274449,0.04917961359024048,0.0032042086244776584,,,,600.0,,,,,,"{'n_estimators': 600, 'min_samples_split': 2, 'min_samples_leaf': 2, 'max_features': 'log2', 'max_depth': None, 'class_weight': 'balanced'}",0.8461420530707096,0.9671073178746447,0.8082232956825399,0.9239700407335533,0.8863606768403618,0.06256491093835545,13,Random_Forest,6,person06,,,,2.0,2.0,log2,balanced,,,,
1.5403395891189575,0.04764717216489496,0.035742104053497314,0.003958071777964039,,,,400.0,,20,,,,"{'n_estimators': 400, 'min_samples_split': 5, 'min_samples_leaf': 1, 'max_features': 'log2', 'max_depth': 20, 'class_weight': 'balanced'}",0.8549435548442044,0.9708941048985849,0.8093195732812781,0.9251496640116458,0.8900767242589283,0.06228486401908485,4,Random_Forest,6,person06,,,,5.0,1.0,log2,balanced,,,,
2.287697911262512,0.05455941207075985,0.01686549186706543,0.0005974954872805313,,,,200.0,,,,,,"{'n_estimators': 200, 'min_samples_split': 10, 'min_samples_leaf': 2, 'max_features': None, 'max_depth': None, 'class_weight': None}",0.8333901008801449,0.9250531125376955,0.7879311003654452,0.9184231500530965,0.8661993659590955,0.05786505073335271,21,Random_Forest,6,person06,,,,10.0,2.0,,,,,,
1.4257159233093262,0.059912151089213925,0.034995317459106445,0.003484878284034122,,,,400.0,,,,,,"{'n_estimators': 400, 'min_samples_split': 2, 'min_samples_leaf': 2, 'max_features': 'sqrt', 'max_depth': None, 'class_weight': None}",0.8491856344554995,0.9699286189406587,0.809100889603649,0.926461987407263,0.8886692826017675,0.06309012583993175,8,Random_Forest,6,person06,,,,2.0,2.0,sqrt,,,,,
1.5409386157989502,0.03225069652853698,0.03413844108581543,0.002173404341224221,,,,400.0,,,,,,"{'n_estimators': 400, 'min_samples_split': 10, 'min_samples_leaf': 2, 'max_features': 'sqrt', 'max_depth': None, 'class_weight': 'balanced'}",0.8590607611174097,0.9709481471715111,0.8072150556626607,0.9287528609059895,0.8914942062143927,0.06296038369805537,1,Random_Forest,6,person06,,,,10.0,2.0,sqrt,balanced,,,,
2.2656883597373962,0.06756785465938756,0.016966938972473145,0.0009449208762932838,,,,200.0,,,,,,"{'n_estimators': 200, 'min_samples_split': 2, 'min_samples_leaf': 2, 'max_features': None, 'max_depth': None, 'class_weight': None}",0.8376970191061499,0.9259291822477841,0.7922905611782697,0.9184231500530965,0.868584978146325,0.05600693081485926,19,Random_Forest,6,person06,,,,2.0,2.0,,,,,,
2.2436586022377014,0.05950589245262878,0.04899841547012329,0.0018931976834440584,,,,600.0,,,,,,"{'n_estimators': 600, 'min_samples_split': 10, 'min_samples_leaf': 2, 'max_features': 'sqrt', 'max_depth': None, 'class_weight': 'balanced'}",0.8546907369993249,0.972816665916407,0.8072150556626607,0.9286741871530775,0.8908491614328675,0.06413169978156662,2,Random_Forest,6,person06,,,,10.0,2.0,sqrt,balanced,,,,
2.2290788888931274,0.07864420559431434,0.016625821590423584,0.0018734999937677227,,,,200.0,,,,,,"{'n_estimators': 200, 'min_samples_split': 2, 'min_samples_leaf': 1, 'max_features': None, 'max_depth': None, 'class_weight': None}",0.8389361978045404,0.9170941696815338,0.801653837276469,0.919490031333159,0.8692935590239255,0.05074762445132152,18,Random_Forest,6,person06,,,,2.0,1.0,,,,,,
6.0430421233177185,0.4366572944858957,0.046967267990112305,0.0017379040745421873,,,,600.0,,20,,,,"{'n_estimators': 600, 'min_samples_split': 5, 'min_samples_leaf': 2, 'max_features': None, 'max_depth': 20, 'class_weight': 'balanced'}",0.8227414947784379,0.7836336286582821,0.8469880887228838,0.7781677396823856,0.8078827379604974,0.028376978067805852,23,Random_Forest,7,person07,,,,5.0,2.0,,balanced,,,,
4.054250419139862,0.3016348567607257,0.03066718578338623,0.0011891095321537564,,,,400.0,,12,,,,"{'n_estimators': 400, 'min_samples_split': 5, 'min_samples_leaf': 1, 'max_features': None, 'max_depth': 12, 'class_weight': None}",0.8363350346208611,0.7868184541161155,0.8472817404884199,0.7787801229795757,0.812303838051243,0.029892709537609162,18,Random_Forest,7,person07,,,,5.0,1.0,,,,,,
2.0127431750297546,0.06784784828431636,0.046745479106903076,0.003953484967637587,,,,600.0,,20,,,,"{'n_estimators': 600, 'min_samples_split': 10, 'min_samples_leaf': 4, 'max_features': 'sqrt', 'max_depth': 20, 'class_weight': 'balanced'}",0.8949942929683363,0.8852706089458023,0.8976429228769349,0.8444662749517713,0.8805935249357113,0.021360696362286612,6,Random_Forest,7,person07,,,,10.0,4.0,sqrt,balanced,,,,
0.6531258225440979,0.01633639182470463,0.0197296142578125,0.0006810820343798486,,,,200.0,,8,,,,"{'n_estimators': 200, 'min_samples_split': 10, 'min_samples_leaf': 4, 'max_features': 'sqrt', 'max_depth': 8, 'class_weight': 'balanced'}",0.8982082562795594,0.8862464757616766,0.8979033467835665,0.8412155203209426,0.8808933997864363,0.023410105155133153,4,Random_Forest,7,person07,,,,10.0,4.0,sqrt,balanced,,,,
1.9237276911735535,0.14264742821481538,0.01638585329055786,0.0011151107038794596,,,,200.0,,,,,,"{'n_estimators': 200, 'min_samples_split': 2, 'min_samples_leaf': 4, 'max_features': None, 'max_depth': None, 'class_weight': None}",0.8303215391464716,0.8603066317743628,0.8528732282740948,0.7846819951401314,0.8320458485837652,0.029490504689546625,17,Random_Forest,7,person07,,,,2.0,4.0,,,,,,
1.3261940479278564,0.04436433393579717,0.032697439193725586,0.0030337010428471774,,,,400.0,,8,,,,"{'n_estimators': 400, 'min_samples_split': 10, 'min_samples_leaf': 2, 'max_features': 'log2', 'max_depth': 8, 'class_weight': 'balanced'}",0.9013091401750171,0.8801565861380751,0.8976701691079374,0.8440617061864589,0.8807994004018721,0.0226679490070155,5,Random_Forest,7,person07,,,,10.0,2.0,log2,balanced,,,,
1.2532173991203308,0.04497649092648963,0.03205448389053345,0.0010647979857839982,,,,400.0,,12,,,,"{'n_estimators': 400, 'min_samples_split': 2, 'min_samples_leaf': 4, 'max_features': 'sqrt', 'max_depth': 12, 'class_weight': None}",0.8915613242277074,0.8903862728914828,0.8941418271891547,0.8444800645551492,0.8801423722158735,0.02063440629953642,9,Random_Forest,7,person07,,,,2.0,4.0,sqrt,,,,,
1.9731346368789673,0.06241747782681284,0.04926353693008423,0.0013185936082822963,,,,600.0,,8,,,,"{'n_estimators': 600, 'min_samples_split': 5, 'min_samples_leaf': 4, 'max_features': 'log2', 'max_depth': 8, 'class_weight': None}",0.8946732511995817,0.8885079041576055,0.8956824606272714,0.8433812709438742,0.8805612217320833,0.021640816433320227,7,Random_Forest,7,person07,,,,5.0,4.0,log2,,,,,
2.062780022621155,0.15047761585248443,0.02042829990386963,0.003160503134695215,,,,200.0,,12,,,,"{'n_estimators': 200, 'min_samples_split': 10, 'min_samples_leaf': 2, 'max_features': None, 'max_depth': 12, 'class_weight': None}",0.8192610247754012,0.7870453524838028,0.8469468707323566,0.7846474854281191,0.80947518335492,0.025590046622029353,21,Random_Forest,7,person07,,,,10.0,2.0,,,,,,
1.2873539924621582,0.05341075524572462,0.03324568271636963,0.0012203884196393033,,,,400.0,,20,,,,"{'n_estimators': 400, 'min_samples_split': 10, 'min_samples_leaf': 1, 'max_features': 'log2', 'max_depth': 20, 'class_weight': None}",0.890119058540615,0.8834791113246538,0.8976429228769349,0.8538237782551507,0.8812662177493386,0.016617412887388376,2,Random_Forest,7,person07,,,,10.0,1.0,log2,,,,,
2.064871847629547,0.07972213268860709,0.05478012561798096,0.0013553547921493587,,,,600.0,,20,,,,"{'n_estimators': 600, 'min_samples_split': 2, 'min_samples_leaf': 2, 'max_features': 'log2', 'max_depth': 20, 'class_weight': 'balanced'}",0.8927403127953113,0.8801890426562788,0.8974342902520964,0.8402838065955267,0.8776618630748033,0.022482294507346585,14,Random_Forest,7,person07,,,,2.0,2.0,log2,balanced,,,,
2.0866355895996094,0.09559231884503429,0.04976081848144531,0.0034246749487840266,,,,600.0,,20,,,,"{'n_estimators': 600, 'min_samples_split': 2, 'min_samples_leaf': 2, 'max_features': 'log2', 'max_depth': 20, 'class_weight': None}",0.8927403127953113,0.874554924820444,0.8976415801252066,0.8434951736195484,0.8771079978401276,0.021226972265513757,16,Random_Forest,7,person07,,,,2.0,2.0,log2,,,,,
0.6888216137886047,0.03536760345118152,0.018506765365600586,0.0002413217103536814,,,,200.0,,20,,,,"{'n_estimators': 200, 'min_samples_split': 10, 'min_samples_leaf': 1, 'max_features': 'sqrt', 'max_depth': 20, 'class_weight': None}",0.8857634165616292,0.8903117687846952,0.895429177968286,0.8502666901794165,0.8804427633735068,0.017754539095510558,8,Random_Forest,7,person07,,,,10.0,1.0,sqrt,,,,,
0.6461536884307861,0.025239700477761782,0.01835036277770996,0.002466385953932595,,,,200.0,,8,,,,"{'n_estimators': 200, 'min_samples_split': 2, 'min_samples_leaf': 1, 'max_features': 'sqrt', 'max_depth': 8, 'class_weight': None}",0.8863131885305878,0.8823816438928741,0.896609082229383,0.8479154339753524,0.8783048371570493,0.018298328190651074,11,Random_Forest,7,person07,,,,2.0,1.0,sqrt,,,,,
3.9551531076431274,0.19522424907908806,0.031549930572509766,0.005680416197471773,,,,400.0,,8,,,,"{'n_estimators': 400, 'min_samples_split': 5, 'min_samples_leaf': 1, 'max_features': None, 'max_depth': 8, 'class_weight': 'balanced'}",0.822487046605088,0.7817350092418454,0.8421016652723969,0.7726216149647568,0.8047363340210217,0.028599265280890976,24,Random_Forest,7,person07,,,,5.0,1.0,,balanced,,,,
1.343720555305481,0.03457537943580095,0.03389996290206909,0.0037526262576629867,,,,400.0,,20,,,,"{'n_estimators': 400, 'min_samples_split': 5, 'min_samples_leaf': 1, 'max_features': 'sqrt', 'max_depth': 20, 'class_weight': None}",0.8872201799404741,0.8758127113125281,0.8987488818052414,0.8551414235224328,0.8792307991451691,0.016099433984947505,10,Random_Forest,7,person07,,,,5.0,1.0,sqrt,,,,,
2.0519935488700867,0.06651298949991759,0.048322439193725586,0.0020478445796041933,,,,600.0,,,,,,"{'n_estimators': 600, 'min_samples_split': 2, 'min_samples_leaf': 2, 'max_features': 'log2', 'max_depth': None, 'class_weight': 'balanced'}",0.8927403127953113,0.8801890426562788,0.8974342902520964,0.8402838065955267,0.8776618630748033,0.022482294507346585,14,Random_Forest,7,person07,,,,2.0,2.0,log2,balanced,,,,
1.347126066684723,0.042906139401342316,0.032311081886291504,0.001515317277551023,,,,400.0,,20,,,,"{'n_estimators': 400, 'min_samples_split': 5, 'min_samples_leaf': 1, 'max_features': 'log2', 'max_depth': 20, 'class_weight': 'balanced'}",0.8927403127953113,0.8744849096672024,0.8987488818052414,0.846790974964653,0.8781912698081019,0.020211418088658256,12,Random_Forest,7,person07,,,,5.0,1.0,log2,balanced,,,,
1.9552084803581238,0.13676122249960784,0.017407536506652832,0.001916600390471333,,,,200.0,,,,,,"{'n_estimators': 200, 'min_samples_split': 10, 'min_samples_leaf': 2, 'max_features': None, 'max_depth': None, 'class_weight': None}",0.8192610247754012,0.7870453524838028,0.8469468707323566,0.7846474854281191,0.80947518335492,0.025590046622029353,21,Random_Forest,7,person07,,,,10.0,2.0,,,,,,
1.2561998963356018,0.04793182946859967,0.031965434551239014,0.0018765065733502594,,,,400.0,,,,,,"{'n_estimators': 400, 'min_samples_split': 2, 'min_samples_leaf': 2, 'max_features': 'sqrt', 'max_depth': None, 'class_weight': None}",0.8898474363373542,0.8796729413444835,0.8987488818052414,0.8434951736195484,0.877941108276657,0.02100146273050055,13,Random_Forest,7,person07,,,,2.0,2.0,sqrt,,,,,
1.3381448984146118,0.041408967689712174,0.03559267520904541,0.0048994646004264664,,,,400.0,,,,,,"{'n_estimators': 400, 'min_samples_split': 10, 'min_samples_leaf': 2, 'max_features': 'sqrt', 'max_depth': None, 'class_weight': 'balanced'}",0.8953196266207578,0.8839498580295893,0.8987549027300947,0.8493432556558589,0.8818419107590753,0.019546765381215234,1,Random_Forest,7,person07,,,,10.0,2.0,sqrt,balanced,,,,
2.011753559112549,0.12945373332837226,0.016971111297607422,0.001564158466362723,,,,200.0,,,,,,"{'n_estimators': 200, 'min_samples_split': 2, 'min_samples_leaf': 2, 'max_features': None, 'max_depth': None, 'class_weight': None}",0.8242293087289841,0.7832986729150941,0.8472817404884199,0.7833277545565804,0.8095343691722696,0.027458622041031305,20,Random_Forest,7,person07,,,,2.0,2.0,,,,,,
2.0194886922836304,0.05846021778249255,0.04682821035385132,0.0015237457516961777,,,,600.0,,,,,,"{'n_estimators': 600, 'min_samples_split': 10, 'min_samples_leaf': 2, 'max_features': 'sqrt', 'max_depth': None, 'class_weight': 'balanced'}",0.8970447693644225,0.8827201687338916,0.8987488818052414,0.8459672848589168,0.8811202761906181,0.02122881105052257,3,Random_Forest,7,person07,,,,10.0,2.0,sqrt,balanced,,,,
1.9782997369766235,0.1457866611766364,0.015338122844696045,0.0010068826801285663,,,,200.0,,,,,,"{'n_estimators': 200, 'min_samples_split': 2, 'min_samples_leaf': 1, 'max_features': None, 'max_depth': None, 'class_weight': None}",0.8320730047017395,0.7868184541161155,0.8489270414240434,0.7757849506879644,0.8109008627324656,0.030443963050713743,19,Random_Forest,7,person07,,,,2.0,1.0,,,,,,
7.215160667896271,0.12966110996146268,0.04616755247116089,0.001852740395678187,,,,600.0,,20,,,,"{'n_estimators': 600, 'min_samples_split': 5, 'min_samples_leaf': 2, 'max_features': None, 'max_depth': 20, 'class_weight': 'balanced'}",0.9035732024907311,0.9532091827689348,0.8328548333460059,0.7852987055147361,0.8687339810301019,0.06441775667403644,19,Random_Forest,8,person08,,,,5.0,2.0,,balanced,,,,
4.851074993610382,0.11393082905248857,0.03183591365814209,0.002797815311472572,,,,400.0,,12,,,,"{'n_estimators': 400, 'min_samples_split': 5, 'min_samples_leaf': 1, 'max_features': None, 'max_depth': 12, 'class_weight': None}",0.9013351074482163,0.9458802580666084,0.8406323097374332,0.7946892924009629,0.8706342419133052,0.05760264182798759,18,Random_Forest,8,person08,,,,5.0,1.0,,,,,,
2.3060341477394104,0.06483162557620638,0.04778677225112915,0.0034116544476357116,,,,600.0,,20,,,,"{'n_estimators': 600, 'min_samples_split': 10, 'min_samples_leaf': 4, 'max_features': 'sqrt', 'max_depth': 20, 'class_weight': 'balanced'}",0.9309158769250337,0.9722883209975866,0.8852249736710142,0.8247440443136862,0.90329330397683,0.05481735506124264,11,Random_Forest,8,person08,,,,10.0,4.0,sqrt,balanced,,,,
0.7591720819473267,0.009420264853836954,0.01995605230331421,0.0019273355309616077,,,,200.0,,8,,,,"{'n_estimators': 200, 'min_samples_split': 10, 'min_samples_leaf': 4, 'max_features': 'sqrt', 'max_depth': 8, 'class_weight': 'balanced'}",0.9309158769250337,0.9732626431478729,0.8836881344444785,0.8040120067078036,0.8979696653062972,0.06282214797614522,16,Random_Forest,8,person08,,,,10.0,4.0,sqrt,balanced,,,,
2.294966161251068,0.05301961581109077,0.016507208347320557,0.0017158832202108316,,,,200.0,,,,,,"{'n_estimators': 200, 'min_samples_split': 2, 'min_samples_leaf': 4, 'max_features': None, 'max_depth': None, 'class_weight': None}",0.8957880245670646,0.9564064082702944,0.8301028718800139,0.7774443678220859,0.8649354181348647,0.06742925092911388,22,Random_Forest,8,person08,,,,2.0,4.0,,,,,,
1.5411304235458374,0.05042487226037059,0.03374522924423218,0.0018922214964492519,,,,400.0,,8,,,,"{'n_estimators': 400, 'min_samples_split': 10, 'min_samples_leaf': 2, 'max_features': 'log2', 'max_depth': 8, 'class_weight': 'balanced'}",0.9309158769250337,0.9730042665636974,0.8839357612481643,0.8100529750979687,0.8994772199587161,0.06048315517990026,14,Random_Forest,8,person08,,,,10.0,2.0,log2,balanced,,,,
1.4269786477088928,0.0444543115788397,0.035000622272491455,0.0018907911898003716,,,,400.0,,12,,,,"{'n_estimators': 400, 'min_samples_split': 2, 'min_samples_leaf': 4, 'max_features': 'sqrt', 'max_depth': 12, 'class_weight': None}",0.9298678705351869,0.9676683221974416,0.8861958750233435,0.845880369244118,0.9074031092500225,0.04574755652648711,9,Random_Forest,8,person08,,,,2.0,4.0,sqrt,,,,,
2.103332281112671,0.08012139671856894,0.0509033203125,0.0031129913569629703,,,,600.0,,8,,,,"{'n_estimators': 600, 'min_samples_split': 5, 'min_samples_leaf': 4, 'max_features': 'log2', 'max_depth': 8, 'class_weight': None}",0.9298678705351869,0.9706850590552045,0.8825251349294345,0.8139195708999329,0.8992494088549398,0.058312573470398324,15,Random_Forest,8,person08,,,,5.0,4.0,log2,,,,,
2.4144116640090942,0.05294799559443689,0.018909871578216553,0.0017618112377650852,,,,200.0,,12,,,,"{'n_estimators': 200, 'min_samples_split': 10, 'min_samples_leaf': 2, 'max_features': None, 'max_depth': 12, 'class_weight': None}",0.8983962481565231,0.9490367428498048,0.8303743382308282,0.7814928742371339,0.8648250508685725,0.06393304626144089,23,Random_Forest,8,person08,,,,10.0,2.0,,,,,,
1.4745680689811707,0.05549288353448775,0.033245980739593506,0.0007479591797982654,,,,400.0,,20,,,,"{'n_estimators': 400, 'min_samples_split': 10, 'min_samples_leaf': 1, 'max_features': 'log2', 'max_depth': 20, 'class_weight': None}",0.9298678705351869,0.9763438511200737,0.8846683327411902,0.8620943037572413,0.913243589538423,0.04384861590542201,2,Random_Forest,8,person08,,,,10.0,1.0,log2,,,,,
2.347736954689026,0.053369539263597714,0.052164316177368164,0.0036049743680375357,,,,600.0,,20,,,,"{'n_estimators': 600, 'min_samples_split': 2, 'min_samples_leaf': 2, 'max_features': 'log2', 'max_depth': 20, 'class_weight': 'balanced'}",0.9309158769250337,0.9765847668624076,0.8889310074948942,0.8554303407202731,0.9129654980006522,0.04543560974385215,4,Random_Forest,8,person08,,,,2.0,2.0,log2,balanced,,,,
2.1987816095352173,0.060317325123716986,0.04931670427322388,0.0035176869742938877,,,,600.0,,20,,,,"{'n_estimators': 600, 'min_samples_split': 2, 'min_samples_leaf': 2, 'max_features': 'log2', 'max_depth': 20, 'class_weight': None}",0.9309158769250337,0.975606457452906,0.8890500364008724,0.8499601333905126,0.9113831260423312,0.0468447317575761,7,Random_Forest,8,person08,,,,2.0,2.0,log2,,,,,
0.7456369996070862,0.024526326995449075,0.018618524074554443,0.0011292620730176926,,,,200.0,,20,,,,"{'n_estimators': 200, 'min_samples_split': 10, 'min_samples_leaf': 1, 'max_features': 'sqrt', 'max_depth': 20, 'class_weight': None}",0.9277741108591903,0.9738722289643696,0.8875675957255337,0.8632672318029585,0.913120291838013,0.0419636752143615,3,Random_Forest,8,person08,,,,10.0,1.0,sqrt,,,,,
0.7142496705055237,0.01861748201960875,0.019037723541259766,0.0018301682030642205,,,,200.0,,8,,,,"{'n_estimators': 200, 'min_samples_split': 2, 'min_samples_leaf': 1, 'max_features': 'sqrt', 'max_depth': 8, 'class_weight': None}",0.9309158769250337,0.972932756983745,0.8859629870159552,0.8143491639760895,0.9010401962252059,0.05874468890813697,12,Random_Forest,8,person08,,,,2.0,1.0,sqrt,,,,,
4.736556768417358,0.09583390099803404,0.031748831272125244,0.0043105617669966035,,,,400.0,,8,,,,"{'n_estimators': 400, 'min_samples_split': 5, 'min_samples_leaf': 1, 'max_features': None, 'max_depth': 8, 'class_weight': 'balanced'}",0.9042647198107097,0.946844817343325,0.8411363853974444,0.7960485251182926,0.8720736119174429,0.05780122489144033,17,Random_Forest,8,person08,,,,5.0,1.0,,balanced,,,,
1.5093106031417847,0.03691356747810568,0.035192012786865234,0.002157249109641412,,,,400.0,,20,,,,"{'n_estimators': 400, 'min_samples_split': 5, 'min_samples_leaf': 1, 'max_features': 'sqrt', 'max_depth': 20, 'class_weight': None}",0.9298678705351869,0.9771298004126228,0.886441641335036,0.8627593628387169,0.9140496687803907,0.043652655063893646,1,Random_Forest,8,person08,,,,5.0,1.0,sqrt,,,,,
2.392921268939972,0.0461609402586862,0.049872398376464844,0.004316163086820979,,,,600.0,,,,,,"{'n_estimators': 600, 'min_samples_split': 2, 'min_samples_leaf': 2, 'max_features': 'log2', 'max_depth': None, 'class_weight': 'balanced'}",0.9309158769250337,0.9765847668624076,0.8889310074948942,0.8554303407202731,0.9129654980006522,0.04543560974385215,4,Random_Forest,8,person08,,,,2.0,2.0,log2,balanced,,,,
1.6949318647384644,0.09465449373660177,0.03528016805648804,0.0029116170931182592,,,,400.0,,20,,,,"{'n_estimators': 400, 'min_samples_split': 5, 'min_samples_leaf': 1, 'max_features': 'log2', 'max_depth': 20, 'class_weight': 'balanced'}",0.9298678705351869,0.9745022152889427,0.8864308916408002,0.8585339875087092,0.9123337412434098,0.04398220087325294,6,Random_Forest,8,person08,,,,5.0,1.0,log2,balanced,,,,
2.334905207157135,0.07622177956362228,0.018641889095306396,0.0009622432427074722,,,,200.0,,,,,,"{'n_estimators': 200, 'min_samples_split': 10, 'min_samples_leaf': 2, 'max_features': None, 'max_depth': None, 'class_weight': None}",0.8983962481565231,0.9490367428498048,0.8303743382308282,0.7814928742371339,0.8648250508685725,0.06393304626144089,23,Random_Forest,8,person08,,,,10.0,2.0,,,,,,
1.4463356137275696,0.05692737294859333,0.03761577606201172,0.004385252521374461,,,,400.0,,,,,,"{'n_estimators': 400, 'min_samples_split': 2, 'min_samples_leaf': 2, 'max_features': 'sqrt', 'max_depth': None, 'class_weight': None}",0.9309158769250337,0.9756512960213553,0.886090735542046,0.8428776898974424,0.9088838995964693,0.04954705161966759,8,Random_Forest,8,person08,,,,2.0,2.0,sqrt,,,,,
1.659165859222412,0.03572094418758592,0.03570646047592163,0.002998851806472791,,,,400.0,,,,,,"{'n_estimators': 400, 'min_samples_split': 10, 'min_samples_leaf': 2, 'max_features': 'sqrt', 'max_depth': None, 'class_weight': 'balanced'}",0.9309158769250337,0.9739386872063459,0.8835382679657379,0.8115602051118065,0.899988259302231,0.060239742491770644,13,Random_Forest,8,person08,,,,10.0,2.0,sqrt,balanced,,,,
2.305094301700592,0.04693804071092713,0.01826232671737671,0.0014846053397333902,,,,200.0,,,,,,"{'n_estimators': 200, 'min_samples_split': 2, 'min_samples_leaf': 2, 'max_features': None, 'max_depth': None, 'class_weight': None}",0.8994411274840609,0.957318111914935,0.8312830668034668,0.7775102570580994,0.8663881408151406,0.0679933894111047,21,Random_Forest,8,person08,,,,2.0,2.0,,,,,,
2.3793344497680664,0.07534761862805313,0.04931974411010742,0.0033254419616540235,,,,600.0,,,,,,"{'n_estimators': 600, 'min_samples_split': 10, 'min_samples_leaf': 2, 'max_features': 'sqrt', 'max_depth': None, 'class_weight': 'balanced'}",0.9309158769250337,0.9739117840924194,0.8848438022665885,0.8270292894339348,0.9041751881794942,0.054551465192701806,10,Random_Forest,8,person08,,,,10.0,2.0,sqrt,balanced,,,,
2.3087968826293945,0.09191811469609341,0.016597449779510498,0.0028675094445836536,,,,200.0,,,,,,"{'n_estimators': 200, 'min_samples_split': 2, 'min_samples_leaf': 1, 'max_features': None, 'max_depth': None, 'class_weight': None}",0.9014688813601857,0.9430102154388905,0.831228790799474,0.7909660240586436,0.8666684779142985,0.059215626972182,20,Random_Forest,8,person08,,,,2.0,1.0,,,,,,
6.740961909294128,0.3814509009199958,0.045429229736328125,0.003364111416469731,,,,600.0,,20,,,,"{'n_estimators': 600, 'min_samples_split': 5, 'min_samples_leaf': 2, 'max_features': None, 'max_depth': 20, 'class_weight': 'balanced'}",0.7363362773307757,0.9372832268624273,0.9749813880795912,0.7971838271679318,0.8614461798601816,0.09800974299515594,23,Random_Forest,9,person09,,,,5.0,2.0,,balanced,,,,
4.659079849720001,0.26355409030001076,0.030283033847808838,0.0016045549239556366,,,,400.0,,12,,,,"{'n_estimators': 400, 'min_samples_split': 5, 'min_samples_leaf': 1, 'max_features': None, 'max_depth': 12, 'class_weight': None}",0.7430301253565942,0.9448855583693804,0.9786897744341299,0.7926609694472121,0.864816606901829,0.0992679686210543,17,Random_Forest,9,person09,,,,5.0,1.0,,,,,,
2.2223874926567078,0.11697851844231849,0.04872637987136841,0.003822128349760126,,,,600.0,,20,,,,"{'n_estimators': 600, 'min_samples_split': 10, 'min_samples_leaf': 4, 'max_features': 'sqrt', 'max_depth': 20, 'class_weight': 'balanced'}",0.7927035086893385,0.9765064260420129,0.9721790116954849,0.8220294557123355,0.8908546005347929,0.08414337830994131,9,Random_Forest,9,person09,,,,10.0,4.0,sqrt,balanced,,,,
0.7416238188743591,0.04701570053899203,0.0216447114944458,0.0023056193003454556,,,,200.0,,8,,,,"{'n_estimators': 200, 'min_samples_split': 10, 'min_samples_leaf': 4, 'max_features': 'sqrt', 'max_depth': 8, 'class_weight': 'balanced'}",0.7841008724034167,0.9775286290796876,0.9697079832181439,0.8203498563871624,0.8879218352721027,0.08669359283380558,15,Random_Forest,9,person09,,,,10.0,4.0,sqrt,balanced,,,,
2.1973796486854553,0.14201284561644142,0.01767176389694214,0.0012457002672547903,,,,200.0,,,,,,"{'n_estimators': 200, 'min_samples_split': 2, 'min_samples_leaf': 4, 'max_features': None, 'max_depth': None, 'class_weight': None}",0.7338328584445409,0.9418770338324186,0.9738944878650762,0.7837890277562336,0.8583483519745674,0.10172407675798625,24,Random_Forest,9,person09,,,,2.0,4.0,,,,,,
1.5452590584754944,0.08972534464326637,0.03215986490249634,0.002403203032932682,,,,400.0,,8,,,,"{'n_estimators': 400, 'min_samples_split': 10, 'min_samples_leaf': 2, 'max_features': 'log2', 'max_depth': 8, 'class_weight': 'balanced'}",0.7898960325464455,0.9784946443476162,0.9709456437300942,0.8226139720342937,0.8904875731646124,0.08506501847361271,12,Random_Forest,9,person09,,,,10.0,2.0,log2,balanced,,,,
1.3815284371376038,0.08491923297117347,0.03449571132659912,0.0021024076005738464,,,,400.0,,12,,,,"{'n_estimators': 400, 'min_samples_split': 2, 'min_samples_leaf': 4, 'max_features': 'sqrt', 'max_depth': 12, 'class_weight': None}",0.7929379260804565,0.9765712923894054,0.969631740012791,0.8214641041395535,0.8901512656555517,0.08359713866694143,13,Random_Forest,9,person09,,,,2.0,4.0,sqrt,,,,,
2.0658262372016907,0.10513630262632241,0.04869920015335083,0.0027080112992503725,,,,600.0,,8,,,,"{'n_estimators': 600, 'min_samples_split': 5, 'min_samples_leaf': 4, 'max_features': 'log2', 'max_depth': 8, 'class_weight': None}",0.7814840299924921,0.9784311561554999,0.9709456437300942,0.8192996051780609,0.8875401087640368,0.08820760161822094,16,Random_Forest,9,person09,,,,5.0,4.0,log2,,,,,
2.264868438243866,0.10713486194915549,0.01774120330810547,0.0014023069338859062,,,,200.0,,12,,,,"{'n_estimators': 200, 'min_samples_split': 10, 'min_samples_leaf': 2, 'max_features': None, 'max_depth': 12, 'class_weight': None}",0.7431806571656219,0.9437581223430586,0.9774509305343694,0.7858799920707198,0.8625674255284423,0.09990534505488204,19,Random_Forest,9,person09,,,,10.0,2.0,,,,,,
1.4357054233551025,0.08451155137329312,0.03345131874084473,0.0019761165325259873,,,,400.0,,20,,,,"{'n_estimators': 400, 'min_samples_split': 10, 'min_samples_leaf': 1, 'max_features': 'log2', 'max_depth': 20, 'class_weight': None}",0.7972861023989164,0.9782399391344431,0.9746524285544222,0.8188530742044661,0.892257886073062,0.0845424156549177,5,Random_Forest,9,person09,,,,10.0,1.0,log2,,,,,
2.321926176548004,0.15290060272541064,0.050651609897613525,0.00025639029923892287,,,,600.0,,20,,,,"{'n_estimators': 600, 'min_samples_split': 2, 'min_samples_leaf': 2, 'max_features': 'log2', 'max_depth': 20, 'class_weight': 'balanced'}",0.7925930022456766,0.9782290269998133,0.9721790116954849,0.8203190316664006,0.8908300181518438,0.08496845886484836,10,Random_Forest,9,person09,,,,2.0,2.0,log2,balanced,,,,
2.126081883907318,0.13838372029071896,0.049497365951538086,0.0023035595895097055,,,,600.0,,20,,,,"{'n_estimators': 600, 'min_samples_split': 2, 'min_samples_leaf': 2, 'max_features': 'log2', 'max_depth': 20, 'class_weight': None}",0.7941001695147953,0.9753329817233483,0.969631740012791,0.821176700289006,0.890060397884985,0.08300051395299349,14,Random_Forest,9,person09,,,,2.0,2.0,log2,,,,,
0.7035714983940125,0.04407777780247044,0.01827782392501831,0.000791939913815586,,,,200.0,,20,,,,"{'n_estimators': 200, 'min_samples_split': 10, 'min_samples_leaf': 1, 'max_features': 'sqrt', 'max_depth': 20, 'class_weight': None}",0.7974718475310892,0.977567827885276,0.9772229370163106,0.8176350754566597,0.8924744219723338,0.08521973871906269,3,Random_Forest,9,person09,,,,10.0,1.0,sqrt,,,,,
0.6847226619720459,0.03985116768635028,0.018447399139404297,0.0009555922088165083,,,,200.0,,8,,,,"{'n_estimators': 200, 'min_samples_split': 2, 'min_samples_leaf': 1, 'max_features': 'sqrt', 'max_depth': 8, 'class_weight': None}",0.790397272925611,0.9812804399451794,0.9759869828370744,0.8192921194299585,0.8917392037844558,0.08751298222286201,6,Random_Forest,9,person09,,,,2.0,1.0,sqrt,,,,,
4.45038115978241,0.22320109119918974,0.030182719230651855,0.0013105911852399881,,,,400.0,,8,,,,"{'n_estimators': 400, 'min_samples_split': 5, 'min_samples_leaf': 1, 'max_features': None, 'max_depth': 8, 'class_weight': 'balanced'}",0.730272331993983,0.9400050475415125,0.9762155673692218,0.8002316841500156,0.8616811577636831,0.10037066303356162,22,Random_Forest,9,person09,,,,5.0,1.0,,balanced,,,,
1.4188988208770752,0.09872137768498718,0.034525156021118164,0.0021399628295397134,,,,400.0,,20,,,,"{'n_estimators': 400, 'min_samples_split': 5, 'min_samples_leaf': 1, 'max_features': 'sqrt', 'max_depth': 20, 'class_weight': None}",0.7997469977374811,0.9800616891862706,0.9759437709088679,0.8231908818397967,0.894735834918104,0.08369108341749507,1,Random_Forest,9,person09,,,,5.0,1.0,sqrt,,,,,
2.291535973548889,0.14025006814722976,0.049267470836639404,0.0018768884654924054,,,,600.0,,,,,,"{'n_estimators': 600, 'min_samples_split': 2, 'min_samples_leaf': 2, 'max_features': 'log2', 'max_depth': None, 'class_weight': 'balanced'}",0.7925930022456766,0.9782290269998133,0.9721790116954849,0.8203190316664006,0.8908300181518438,0.08496845886484836,10,Random_Forest,9,person09,,,,2.0,2.0,log2,balanced,,,,
1.578823208808899,0.09600625952819074,0.0339125394821167,0.0017415898404500771,,,,400.0,,20,,,,"{'n_estimators': 400, 'min_samples_split': 5, 'min_samples_leaf': 1, 'max_features': 'log2', 'max_depth': 20, 'class_weight': 'balanced'}",0.7996414054214563,0.9771490524540353,0.9758814934756096,0.8201721971889024,0.8932110371350009,0.08362108419373532,2,Random_Forest,9,person09,,,,5.0,1.0,log2,balanced,,,,
2.4003942012786865,0.1345989920665547,0.01797628402709961,0.0016766699657831923,,,,200.0,,,,,,"{'n_estimators': 200, 'min_samples_split': 10, 'min_samples_leaf': 2, 'max_features': None, 'max_depth': None, 'class_weight': None}",0.7431806571656219,0.9437581223430586,0.9774509305343694,0.7858799920707198,0.8625674255284423,0.09990534505488204,19,Random_Forest,9,person09,,,,10.0,2.0,,,,,,
1.4550926685333252,0.09374332188097362,0.032459914684295654,0.0017924913246795417,,,,400.0,,,,,,"{'n_estimators': 400, 'min_samples_split': 2, 'min_samples_leaf': 2, 'max_features': 'sqrt', 'max_depth': None, 'class_weight': None}",0.7998571301943349,0.9763941835163337,0.969631740012791,0.8232783107296843,0.892290341113286,0.08118144355261166,4,Random_Forest,9,person09,,,,2.0,2.0,sqrt,,,,,
1.4919331669807434,0.09841691502108084,0.03350573778152466,0.0031710492584827105,,,,400.0,,,,,,"{'n_estimators': 400, 'min_samples_split': 10, 'min_samples_leaf': 2, 'max_features': 'sqrt', 'max_depth': None, 'class_weight': 'balanced'}",0.7942960419917285,0.9772669927876814,0.9734716588547276,0.8196871197258546,0.8911804533399981,0.08467676879272866,7,Random_Forest,9,person09,,,,10.0,2.0,sqrt,balanced,,,,
2.272334396839142,0.11641756954232674,0.02030724287033081,0.0024928871246596455,,,,200.0,,,,,,"{'n_estimators': 200, 'min_samples_split': 2, 'min_samples_leaf': 2, 'max_features': None, 'max_depth': None, 'class_weight': None}",0.7400112518851326,0.9428176552624503,0.9774108215751988,0.7977849621374019,0.8645061727150459,0.09852772869400717,18,Random_Forest,9,person09,,,,2.0,2.0,,,,,,
2.310494363307953,0.13824224928919662,0.04674011468887329,0.0022429658592346842,,,,600.0,,,,,,"{'n_estimators': 600, 'min_samples_split': 10, 'min_samples_leaf': 2, 'max_features': 'sqrt', 'max_depth': None, 'class_weight': 'balanced'}",0.7942960419917285,0.9772669927876814,0.9709456437300942,0.8217573219964007,0.8910665001264761,0.08363534877454239,8,Random_Forest,9,person09,,,,10.0,2.0,sqrt,balanced,,,,
2.3170002698898315,0.13470023427277777,0.019082188606262207,0.004036027326475773,,,,200.0,,,,,,"{'n_estimators': 200, 'min_samples_split': 2, 'min_samples_leaf': 1, 'max_features': None, 'max_depth': None, 'class_weight': None}",0.7460233671171171,0.9351897836801149,0.9774509305343694,0.7897079980252493,0.8620930198392127,0.09664670210358989,21,Random_Forest,9,person09,,,,2.0,1.0,,,,,,
6.9059998989105225,0.17498808001280314,0.04490792751312256,0.0015455040647651562,,,,600.0,,20,,,,"{'n_estimators': 600, 'min_samples_split': 5, 'min_samples_leaf': 2, 'max_features': None, 'max_depth': 20, 'class_weight': 'balanced'}",0.7863157007712989,0.9772430945330971,0.922719544319577,0.7046121628434827,0.847722625616864,0.1079947969318227,23,Random_Forest,10,person10,,,,5.0,2.0,,balanced,,,,
4.650676429271698,0.10001447968333768,0.03264188766479492,0.0017973825214380032,,,,400.0,,12,,,,"{'n_estimators': 400, 'min_samples_split': 5, 'min_samples_leaf': 1, 'max_features': None, 'max_depth': 12, 'class_weight': None}",0.8147117402384576,0.9806862521333927,0.9252520332577105,0.7081086778740382,0.8571896758758997,0.10477763098694041,17,Random_Forest,10,person10,,,,5.0,1.0,,,,,,
2.227758824825287,0.0778863644747556,0.0493890643119812,0.0023156203441839426,,,,600.0,,20,,,,"{'n_estimators': 600, 'min_samples_split': 10, 'min_samples_leaf': 4, 'max_features': 'sqrt', 'max_depth': 20, 'class_weight': 'balanced'}",0.8845774504431917,0.9931670850050106,0.9601393676294525,0.8051963340788416,0.9107700592891241,0.07255767131351297,2,Random_Forest,10,person10,,,,10.0,4.0,sqrt,balanced,,,,
0.7202444672584534,0.015498040531201933,0.016941070556640625,0.001127633266369016,,,,200.0,,8,,,,"{'n_estimators': 200, 'min_samples_split': 10, 'min_samples_leaf': 4, 'max_features': 'sqrt', 'max_depth': 8, 'class_weight': 'balanced'}",0.8731223025070851,0.9931670850050106,0.9590827783088943,0.8051963340788416,0.9076421249749579,0.07356530741305405,14,Random_Forest,10,person10,,,,10.0,4.0,sqrt,balanced,,,,
2.26833838224411,0.053797985667029063,0.01860225200653076,0.0006284609843141941,,,,200.0,,,,,,"{'n_estimators': 200, 'min_samples_split': 2, 'min_samples_leaf': 4, 'max_features': None, 'max_depth': None, 'class_weight': None}",0.7875456221805016,0.9715576402196687,0.9265095491739472,0.7035813079770278,0.8472985298877863,0.10716781458306988,24,Random_Forest,10,person10,,,,2.0,4.0,,,,,,
1.5619781613349915,0.058179808033867665,0.03022068738937378,0.0028738744768603917,,,,400.0,,8,,,,"{'n_estimators': 400, 'min_samples_split': 10, 'min_samples_leaf': 2, 'max_features': 'log2', 'max_depth': 8, 'class_weight': 'balanced'}",0.8801925015517132,0.992011641702939,0.958323719141832,0.8080907893160858,0.9096546629281425,0.07129969909070469,7,Random_Forest,10,person10,,,,10.0,2.0,log2,balanced,,,,
1.3846149444580078,0.052887071132714666,0.03382951021194458,0.0016290215040550917,,,,400.0,,12,,,,"{'n_estimators': 400, 'min_samples_split': 2, 'min_samples_leaf': 4, 'max_features': 'sqrt', 'max_depth': 12, 'class_weight': None}",0.8735869291915782,0.9966358345117132,0.959215888612507,0.8062060782518307,0.9089111826419073,0.07419959457110725,10,Random_Forest,10,person10,,,,2.0,4.0,sqrt,,,,,
2.060475468635559,0.057434029619217224,0.0484311580657959,0.001820676427269424,,,,600.0,,8,,,,"{'n_estimators': 600, 'min_samples_split': 5, 'min_samples_leaf': 4, 'max_features': 'log2', 'max_depth': 8, 'class_weight': None}",0.8761357759200666,0.9944219046793937,0.9629991110807251,0.8031744279255737,0.9091828049014399,0.07498630050764543,8,Random_Forest,10,person10,,,,5.0,4.0,log2,,,,,
2.2684263586997986,0.05946933192867636,0.017647862434387207,0.0007219713273591452,,,,200.0,,12,,,,"{'n_estimators': 200, 'min_samples_split': 10, 'min_samples_leaf': 2, 'max_features': None, 'max_depth': 12, 'class_weight': None}",0.7918631995960461,0.9783952845103654,0.9227324798847687,0.7044084691780742,0.8493498582923136,0.10764577718843248,22,Random_Forest,10,person10,,,,10.0,2.0,,,,,,
1.4157180786132812,0.0381852668036404,0.032328784465789795,0.003183740796170557,,,,400.0,,20,,,,"{'n_estimators': 400, 'min_samples_split': 10, 'min_samples_leaf': 1, 'max_features': 'log2', 'max_depth': 20, 'class_weight': None}",0.8717670900340458,0.9943229065362837,0.9633294181689593,0.8111380776441982,0.9101393730958718,0.07278347478287311,4,Random_Forest,10,person10,,,,10.0,1.0,log2,,,,,
2.4920566082000732,0.09735838864533018,0.05170035362243652,0.005050070653637006,,,,600.0,,20,,,,"{'n_estimators': 600, 'min_samples_split': 2, 'min_samples_leaf': 2, 'max_features': 'log2', 'max_depth': 20, 'class_weight': 'balanced'}",0.8774795064488965,0.9920011416721459,0.9583724990845319,0.8062060782518307,0.9085148063643512,0.07225998788290337,11,Random_Forest,10,person10,,,,2.0,2.0,log2,balanced,,,,
2.1508190035820007,0.0562010487819198,0.047158122062683105,0.002514366571279763,,,,600.0,,20,,,,"{'n_estimators': 600, 'min_samples_split': 2, 'min_samples_leaf': 2, 'max_features': 'log2', 'max_depth': 20, 'class_weight': None}",0.8547328543533058,0.993156904155766,0.9593635250603397,0.8070799650529639,0.9035833121555938,0.07555482076779728,16,Random_Forest,10,person10,,,,2.0,2.0,log2,,,,,
0.6951627731323242,0.01929548057193106,0.017750561237335205,0.000154893871436827,,,,200.0,,20,,,,"{'n_estimators': 200, 'min_samples_split': 10, 'min_samples_leaf': 1, 'max_features': 'sqrt', 'max_depth': 20, 'class_weight': None}",0.8688329160172681,0.990845769790309,0.961494413818022,0.8111809943433002,0.9080885234922249,0.07182099773100903,13,Random_Forest,10,person10,,,,10.0,1.0,sqrt,,,,,
0.686555802822113,0.021106930240428142,0.01735067367553711,0.002154448109050357,,,,200.0,,8,,,,"{'n_estimators': 200, 'min_samples_split': 2, 'min_samples_leaf': 1, 'max_features': 'sqrt', 'max_depth': 8, 'class_weight': None}",0.8628016263729986,0.993208642378968,0.9641508627444448,0.8159585507700807,0.9090299205666231,0.07232515214707114,9,Random_Forest,10,person10,,,,2.0,1.0,sqrt,,,,,
4.714118421077728,0.11508244211442946,0.03048604726791382,0.00187682889958311,,,,400.0,,8,,,,"{'n_estimators': 400, 'min_samples_split': 5, 'min_samples_leaf': 1, 'max_features': None, 'max_depth': 8, 'class_weight': 'balanced'}",0.7918436952892337,0.9773492896471724,0.9217918442835382,0.7250414616931923,0.8540065727282842,0.10037989347044123,18,Random_Forest,10,person10,,,,5.0,1.0,,balanced,,,,
1.3935786485671997,0.057423745050633024,0.033246755599975586,0.0005900764705392108,,,,400.0,,20,,,,"{'n_estimators': 400, 'min_samples_split': 5, 'min_samples_leaf': 1, 'max_features': 'sqrt', 'max_depth': 20, 'class_weight': None}",0.8805654263473176,0.9954791438388866,0.9603306353295589,0.8091687957881778,0.9113860003259852,0.07222447432382764,1,Random_Forest,10,person10,,,,5.0,1.0,sqrt,,,,,
2.252375066280365,0.07412661718634347,0.05084139108657837,0.0028076810399452457,,,,600.0,,,,,,"{'n_estimators': 600, 'min_samples_split': 2, 'min_samples_leaf': 2, 'max_features': 'log2', 'max_depth': None, 'class_weight': 'balanced'}",0.8774795064488965,0.9920011416721459,0.9583724990845319,0.8062060782518307,0.9085148063643512,0.07225998788290337,11,Random_Forest,10,person10,,,,2.0,2.0,log2,balanced,,,,
1.5251688957214355,0.04469203155473317,0.03397107124328613,0.002007320728955094,,,,400.0,,20,,,,"{'n_estimators': 400, 'min_samples_split': 5, 'min_samples_leaf': 1, 'max_features': 'log2', 'max_depth': 20, 'class_weight': 'balanced'}",0.877752852336211,0.9908831873975172,0.9622802387091038,0.8101752162305363,0.9102728736683421,0.07120372446364315,3,Random_Forest,10,person10,,,,5.0,1.0,log2,balanced,,,,
2.2628379464149475,0.04752247803728143,0.017665624618530273,0.0013568935997918567,,,,200.0,,,,,,"{'n_estimators': 200, 'min_samples_split': 10, 'min_samples_leaf': 2, 'max_features': None, 'max_depth': None, 'class_weight': None}",0.7933867753184171,0.9783952845103654,0.9227324798847687,0.7044084691780742,0.8497307522229063,0.10744419923051132,21,Random_Forest,10,person10,,,,10.0,2.0,,,,,,
1.4200570583343506,0.05206197968980251,0.03423947095870972,0.0016258256449143583,,,,400.0,,,,,,"{'n_estimators': 400, 'min_samples_split': 2, 'min_samples_leaf': 2, 'max_features': 'sqrt', 'max_depth': None, 'class_weight': None}",0.864671926850139,0.9943130948092822,0.957416760849775,0.8070799650529639,0.9058704368905399,0.07405403737960882,15,Random_Forest,10,person10,,,,2.0,2.0,sqrt,,,,,
1.5213606357574463,0.04813369696755106,0.03470200300216675,0.0017009702078125554,,,,400.0,,,,,,"{'n_estimators': 400, 'min_samples_split': 10, 'min_samples_leaf': 2, 'max_features': 'sqrt', 'max_depth': None, 'class_weight': 'balanced'}",0.880486313059603,0.992011641702939,0.9601959593313774,0.8062060782518307,0.9097249980864376,0.07226596209917838,6,Random_Forest,10,person10,,,,10.0,2.0,sqrt,balanced,,,,
2.262740433216095,0.05037877412217277,0.017794311046600342,0.001277911811734802,,,,200.0,,,,,,"{'n_estimators': 200, 'min_samples_split': 2, 'min_samples_leaf': 2, 'max_features': None, 'max_depth': None, 'class_weight': None}",0.799019347344488,0.9785161120139396,0.9236567089861845,0.702106269341422,0.8508246094215084,0.10771555646279321,20,Random_Forest,10,person10,,,,2.0,2.0,,,,,,
2.3714210391044617,0.07050148836024568,0.04964876174926758,0.0033565453156134926,,,,600.0,,,,,,"{'n_estimators': 600, 'min_samples_split': 10, 'min_samples_leaf': 2, 'max_features': 'sqrt', 'max_depth': None, 'class_weight': 'balanced'}",0.8803794956414546,0.992011641702939,0.9611194383483228,0.8062060782518307,0.9099291634861367,0.07243900667273838,5,Random_Forest,10,person10,,,,10.0,2.0,sqrt,balanced,,,,
2.521245539188385,0.0675606989129703,0.01983630657196045,0.0027475825577072594,,,,200.0,,,,,,"{'n_estimators': 200, 'min_samples_split': 2, 'min_samples_leaf': 1, 'max_features': None, 'max_depth': None, 'class_weight': None}",0.8132820483250004,0.9795201280781967,0.9132174998339638,0.6999299095193289,0.8514873964391224,0.10563179741685934,19,Random_Forest,10,person10,,,,2.0,1.0,,,,,,
7.16167151927948,0.16455510617078176,0.04889124631881714,0.008188511239843264,,,,600.0,,20,,,,"{'n_estimators': 600, 'min_samples_split': 5, 'min_samples_leaf': 2, 'max_features': None, 'max_depth': 20, 'class_weight': 'balanced'}",0.9457651734223066,0.9658046172749952,0.8509442424460604,0.7714703816438189,0.8834961036967952,0.07788054077289001,24,Random_Forest,11,person11,,,,5.0,2.0,,balanced,,,,
4.852402567863464,0.10023385951908587,0.032967984676361084,0.006085631019278994,,,,400.0,,12,,,,"{'n_estimators': 400, 'min_samples_split': 5, 'min_samples_leaf': 1, 'max_features': None, 'max_depth': 12, 'class_weight': None}",0.9533419594427217,0.9610190039379167,0.8657765533955772,0.7720043222355181,0.8880354597529334,0.07673040533149918,18,Random_Forest,11,person11,,,,5.0,1.0,,,,,,
2.288210690021515,0.06819834450678995,0.04963111877441406,0.0012499282798651098,,,,600.0,,20,,,,"{'n_estimators': 600, 'min_samples_split': 10, 'min_samples_leaf': 4, 'max_features': 'sqrt', 'max_depth': 20, 'class_weight': 'balanced'}",0.9749653318739686,0.9862031393609061,0.8502075419815728,0.7565235843482369,0.8919748993911711,0.09468096955475937,16,Random_Forest,11,person11,,,,10.0,4.0,sqrt,balanced,,,,
0.7304456233978271,0.013868776546266781,0.018070101737976074,0.0013049813049522195,,,,200.0,,8,,,,"{'n_estimators': 200, 'min_samples_split': 10, 'min_samples_leaf': 4, 'max_features': 'sqrt', 'max_depth': 8, 'class_weight': 'balanced'}",0.9768920852117061,0.9850489695858995,0.863965951917172,0.7542572138260931,0.8950410551352177,0.09432227706394236,14,Random_Forest,11,person11,,,,10.0,4.0,sqrt,balanced,,,,
2.309193253517151,0.06563401001024792,0.017078876495361328,0.0013598366216208103,,,,200.0,,,,,,"{'n_estimators': 200, 'min_samples_split': 2, 'min_samples_leaf': 4, 'max_features': None, 'max_depth': None, 'class_weight': None}",0.9484990573090415,0.9587068467750133,0.8588313771897319,0.7725660045371778,0.8846508214527411,0.07548268343391873,23,Random_Forest,11,person11,,,,2.0,4.0,,,,,,
1.5044353008270264,0.032538312680486174,0.031998634338378906,0.0010229466594545817,,,,400.0,,8,,,,"{'n_estimators': 400, 'min_samples_split': 10, 'min_samples_leaf': 2, 'max_features': 'log2', 'max_depth': 8, 'class_weight': 'balanced'}",0.9768029129698486,0.9862031393609061,0.8678285550927061,0.7565235843482369,0.8968395479429244,0.09342135537874918,10,Random_Forest,11,person11,,,,10.0,2.0,log2,balanced,,,,
1.3897624015808105,0.035102287967308035,0.03423595428466797,0.00441233821026872,,,,400.0,,12,,,,"{'n_estimators': 400, 'min_samples_split': 2, 'min_samples_leaf': 4, 'max_features': 'sqrt', 'max_depth': 12, 'class_weight': None}",0.9739232193535827,0.9862031393609061,0.8571783255722389,0.7553499113314575,0.8931636489045462,0.09416212715668498,15,Random_Forest,11,person11,,,,2.0,4.0,sqrt,,,,,
2.0279292464256287,0.03932538954118057,0.04721468687057495,0.004379360472875795,,,,600.0,,8,,,,"{'n_estimators': 600, 'min_samples_split': 5, 'min_samples_leaf': 4, 'max_features': 'log2', 'max_depth': 8, 'class_weight': None}",0.978521460884648,0.9862031393609061,0.8612966220750147,0.7553499113314575,0.8953427834130065,0.09477795366592894,13,Random_Forest,11,person11,,,,5.0,4.0,log2,,,,,
2.288603901863098,0.07383686520312412,0.016604185104370117,0.000980323635694895,,,,200.0,,12,,,,"{'n_estimators': 200, 'min_samples_split': 10, 'min_samples_leaf': 2, 'max_features': None, 'max_depth': 12, 'class_weight': None}",0.9559083119003978,0.9610579122871462,0.861358482221684,0.7735862369460559,0.887977735838821,0.07705399898097919,19,Random_Forest,11,person11,,,,10.0,2.0,,,,,,
1.4588914513587952,0.043540733869057116,0.033967673778533936,0.0031148242435544067,,,,400.0,,20,,,,"{'n_estimators': 400, 'min_samples_split': 10, 'min_samples_leaf': 1, 'max_features': 'log2', 'max_depth': 20, 'class_weight': None}",0.9782600077410619,0.9862031393609061,0.8602188699498095,0.7614437481931716,0.8965314413112373,0.09258490653533208,11,Random_Forest,11,person11,,,,10.0,1.0,log2,,,,,
2.373465836048126,0.06923955180474052,0.04878276586532593,0.001966935774515766,,,,600.0,,20,,,,"{'n_estimators': 600, 'min_samples_split': 2, 'min_samples_leaf': 2, 'max_features': 'log2', 'max_depth': 20, 'class_weight': 'balanced'}",0.9819725098511952,0.9862031393609061,0.8610145886872467,0.7629268397128277,0.8980292694030438,0.09279527474092412,4,Random_Forest,11,person11,,,,2.0,2.0,log2,balanced,,,,
2.1758771538734436,0.07152197862319631,0.0581628680229187,0.00469555954989363,,,,600.0,,20,,,,"{'n_estimators': 600, 'min_samples_split': 2, 'min_samples_leaf': 2, 'max_features': 'log2', 'max_depth': 20, 'class_weight': None}",0.9811742815484988,0.9873576119438704,0.8589907931692922,0.761527486035952,0.8972625431744033,0.09360426517842287,8,Random_Forest,11,person11,,,,2.0,2.0,log2,,,,,
0.7848042249679565,0.027605351267548574,0.020725727081298828,0.0019041520168904475,,,,200.0,,20,,,,"{'n_estimators': 200, 'min_samples_split': 10, 'min_samples_leaf': 1, 'max_features': 'sqrt', 'max_depth': 20, 'class_weight': None}",0.9754878028348506,0.9862031393609061,0.8627135106229618,0.7586517867935747,0.8957640599030733,0.09277286311902193,12,Random_Forest,11,person11,,,,10.0,1.0,sqrt,,,,,
0.7296591997146606,0.02160800113246253,0.018504202365875244,0.001418737690120242,,,,200.0,,8,,,,"{'n_estimators': 200, 'min_samples_split': 2, 'min_samples_leaf': 1, 'max_features': 'sqrt', 'max_depth': 8, 'class_weight': None}",0.9838981494903105,0.9850358470797327,0.8583449819790361,0.7639149501198124,0.8977984821672229,0.09287745875697452,7,Random_Forest,11,person11,,,,2.0,1.0,sqrt,,,,,
4.683754026889801,0.020539013637021535,0.03301769495010376,0.0017658381837126862,,,,400.0,,8,,,,"{'n_estimators': 400, 'min_samples_split': 5, 'min_samples_leaf': 1, 'max_features': None, 'max_depth': 8, 'class_weight': 'balanced'}",0.9505347383556721,0.9727754084522469,0.8504727858067201,0.7714703816438189,0.8863133285646145,0.08073649685346679,22,Random_Forest,11,person11,,,,5.0,1.0,,balanced,,,,
1.5012035369873047,0.033727939740276526,0.03503715991973877,0.001816752955822786,,,,400.0,,20,,,,"{'n_estimators': 400, 'min_samples_split': 5, 'min_samples_leaf': 1, 'max_features': 'sqrt', 'max_depth': 20, 'class_weight': None}",0.9791704407117661,0.9873576119438704,0.8615417145133423,0.7597421846559274,0.8969529879562266,0.09355943085162068,9,Random_Forest,11,person11,,,,5.0,1.0,sqrt,,,,,
2.387214422225952,0.08868625911542324,0.052848756313323975,0.0022518228911358722,,,,600.0,,,,,,"{'n_estimators': 600, 'min_samples_split': 2, 'min_samples_leaf': 2, 'max_features': 'log2', 'max_depth': None, 'class_weight': 'balanced'}",0.9819725098511952,0.9862031393609061,0.8610145886872467,0.7629268397128277,0.8980292694030438,0.09279527474092412,4,Random_Forest,11,person11,,,,2.0,2.0,log2,balanced,,,,
1.6099238991737366,0.04726161450916483,0.037199556827545166,0.0041410552326562365,,,,400.0,,20,,,,"{'n_estimators': 400, 'min_samples_split': 5, 'min_samples_leaf': 1, 'max_features': 'log2', 'max_depth': 20, 'class_weight': 'balanced'}",0.978330568574471,0.9862031393609061,0.8650683483638397,0.7617774144254714,0.8978448676811721,0.09202416024687078,6,Random_Forest,11,person11,,,,5.0,1.0,log2,balanced,,,,
2.371242105960846,0.06114962987948894,0.019401729106903076,0.0011615401728050257,,,,200.0,,,,,,"{'n_estimators': 200, 'min_samples_split': 10, 'min_samples_leaf': 2, 'max_features': None, 'max_depth': None, 'class_weight': None}",0.9559083119003978,0.9598829648632894,0.862816536498416,0.7735862369460559,0.8880485125520398,0.07665410305216458,17,Random_Forest,11,person11,,,,10.0,2.0,,,,,,
1.449608564376831,0.027734175308103407,0.03420114517211914,0.00230329962194026,,,,400.0,,,,,,"{'n_estimators': 400, 'min_samples_split': 2, 'min_samples_leaf': 2, 'max_features': 'sqrt', 'max_depth': None, 'class_weight': None}",0.9829046592231176,0.9873576119438704,0.8643099969401677,0.7581877439051787,0.8981900030030836,0.09470470266311454,3,Random_Forest,11,person11,,,,2.0,2.0,sqrt,,,,,
1.599267303943634,0.05832071141899807,0.03652215003967285,0.003398701279636397,,,,400.0,,,,,,"{'n_estimators': 400, 'min_samples_split': 10, 'min_samples_leaf': 2, 'max_features': 'sqrt', 'max_depth': None, 'class_weight': 'balanced'}",0.9793514662425351,0.9850805614036866,0.8720150447910286,0.7595765978875364,0.8990059175811967,0.09224057391282857,1,Random_Forest,11,person11,,,,10.0,2.0,sqrt,balanced,,,,
2.342373013496399,0.08283531407782516,0.018127024173736572,0.0013498196705585821,,,,200.0,,,,,,"{'n_estimators': 200, 'min_samples_split': 2, 'min_samples_leaf': 2, 'max_features': None, 'max_depth': None, 'class_weight': None}",0.953142250104944,0.9610579122871462,0.8615400708368887,0.7714703816438189,0.8868026537181994,0.07722453714586343,21,Random_Forest,11,person11,,,,2.0,2.0,,,,,,
2.3307387232780457,0.06611782278439261,0.04980558156967163,0.003536384928332278,,,,600.0,,,,,,"{'n_estimators': 600, 'min_samples_split': 10, 'min_samples_leaf': 2, 'max_features': 'sqrt', 'max_depth': None, 'class_weight': 'balanced'}",0.981177237276305,0.9862031393609061,0.8666332721502961,0.7606561055974546,0.8986674385962403,0.0929296530212156,2,Random_Forest,11,person11,,,,10.0,2.0,sqrt,balanced,,,,
2.3083232045173645,0.05612904727735167,0.016337811946868896,0.001082116432720202,,,,200.0,,,,,,"{'n_estimators': 200, 'min_samples_split': 2, 'min_samples_leaf': 1, 'max_features': None, 'max_depth': None, 'class_weight': None}",0.9420861392814137,0.9669450898466325,0.8657988153262389,0.7733530500490551,0.887045773625835,0.07548312926631631,20,Random_Forest,11,person11,,,,2.0,1.0,,,,,,
6.935744524002075,0.1990889764742471,0.05395197868347168,0.011808009998743573,,,,600.0,,20,,,,"{'n_estimators': 600, 'min_samples_split': 5, 'min_samples_leaf': 2, 'max_features': None, 'max_depth': 20, 'class_weight': 'balanced'}",0.8989476885160141,0.7822761885077443,0.9578689314929334,0.8133689007998457,0.8631154273291344,0.06941159292228283,18,Random_Forest,12,person12,,,,5.0,2.0,,balanced,,,,
4.686952769756317,0.15145045778021873,0.033706724643707275,0.0008208947884121571,,,,400.0,,12,,,,"{'n_estimators': 400, 'min_samples_split': 5, 'min_samples_leaf': 1, 'max_features': None, 'max_depth': 12, 'class_weight': None}",0.8988914687457326,0.7958885861527373,0.9432935839460359,0.8273189035609358,0.8663481356013604,0.05802477836079382,17,Random_Forest,12,person12,,,,5.0,1.0,,,,,,
2.3263357281684875,0.04141739045151126,0.04937922954559326,0.004586473365257833,,,,600.0,,20,,,,"{'n_estimators': 600, 'min_samples_split': 10, 'min_samples_leaf': 4, 'max_features': 'sqrt', 'max_depth': 20, 'class_weight': 'balanced'}",0.9309158769250337,0.8765066233867207,0.9697858428748591,0.8483542886653412,0.9063906579629888,0.047121416359642135,12,Random_Forest,12,person12,,,,10.0,4.0,sqrt,balanced,,,,
0.7743741869926453,0.027548766260774033,0.017844736576080322,0.001495682365933025,,,,200.0,,8,,,,"{'n_estimators': 200, 'min_samples_split': 10, 'min_samples_leaf': 4, 'max_features': 'sqrt', 'max_depth': 8, 'class_weight': 'balanced'}",0.9299725121816843,0.8709000278492965,0.9708438478621352,0.8021075729740763,0.893455990216798,0.06359174800715402,16,Random_Forest,12,person12,,,,10.0,4.0,sqrt,balanced,,,,
2.1973924040794373,0.061579626837252634,0.016486704349517822,0.0007589377639720571,,,,200.0,,,,,,"{'n_estimators': 200, 'min_samples_split': 2, 'min_samples_leaf': 4, 'max_features': None, 'max_depth': None, 'class_weight': None}",0.8989793444309838,0.7850493233730127,0.955585399384354,0.783311052660269,0.8557312799621549,0.07429984615665262,23,Random_Forest,12,person12,,,,2.0,4.0,,,,,,
1.5061351656913757,0.04627146097104269,0.032081425189971924,0.002174080870917438,,,,400.0,,8,,,,"{'n_estimators': 400, 'min_samples_split': 10, 'min_samples_leaf': 2, 'max_features': 'log2', 'max_depth': 8, 'class_weight': 'balanced'}",0.9299725121816843,0.8651877322834676,0.9758377222749204,0.8456744881523824,0.9041681137231137,0.05182512455211057,14,Random_Forest,12,person12,,,,10.0,2.0,log2,balanced,,,,
1.4148534536361694,0.03320880348686839,0.03505450487136841,0.003462238719471159,,,,400.0,,12,,,,"{'n_estimators': 400, 'min_samples_split': 2, 'min_samples_leaf': 4, 'max_features': 'sqrt', 'max_depth': 12, 'class_weight': None}",0.9309158769250337,0.8773069035646914,0.9718546510720749,0.8374217136486313,0.9043747863026078,0.05116968305172421,13,Random_Forest,12,person12,,,,2.0,4.0,sqrt,,,,,
2.057285487651825,0.06804168712760707,0.046744346618652344,0.0026143379902027093,,,,600.0,,8,,,,"{'n_estimators': 600, 'min_samples_split': 5, 'min_samples_leaf': 4, 'max_features': 'log2', 'max_depth': 8, 'class_weight': None}",0.9299725121816843,0.8807519300016415,0.9709581007246728,0.8141911590905998,0.8989684254996496,0.058443973893831415,15,Random_Forest,12,person12,,,,5.0,4.0,log2,,,,,
2.232430160045624,0.07583848998507037,0.01718771457672119,0.0009331325281280443,,,,200.0,,12,,,,"{'n_estimators': 200, 'min_samples_split': 10, 'min_samples_leaf': 2, 'max_features': None, 'max_depth': 12, 'class_weight': None}",0.8979801431288018,0.784917290886392,0.9467738717213934,0.800532089913684,0.8575508489125678,0.06730907862109255,21,Random_Forest,12,person12,,,,10.0,2.0,,,,,,
1.4160969853401184,0.04069775204395259,0.03404289484024048,0.002375605117209882,,,,400.0,,20,,,,"{'n_estimators': 400, 'min_samples_split': 10, 'min_samples_leaf': 1, 'max_features': 'log2', 'max_depth': 20, 'class_weight': None}",0.9309158769250337,0.8826285776349939,0.9719823394266351,0.8682566567170376,0.9134458626759252,0.040998444789830855,3,Random_Forest,12,person12,,,,10.0,1.0,log2,,,,,
2.341470241546631,0.07561242124040297,0.05562466382980347,0.007614188311105994,,,,600.0,,20,,,,"{'n_estimators': 600, 'min_samples_split': 2, 'min_samples_leaf': 2, 'max_features': 'log2', 'max_depth': 20, 'class_weight': 'balanced'}",0.9309158769250337,0.8863291705630053,0.9739646318856927,0.8375972016005234,0.9072017202435638,0.050744704018608575,9,Random_Forest,12,person12,,,,2.0,2.0,log2,balanced,,,,
2.1882421374320984,0.046634344364586966,0.05217045545578003,0.0034893714241476374,,,,600.0,,20,,,,"{'n_estimators': 600, 'min_samples_split': 2, 'min_samples_leaf': 2, 'max_features': 'log2', 'max_depth': 20, 'class_weight': None}",0.9309158769250337,0.8773338001662728,0.9730255464538081,0.8504525996259713,0.9079319557927715,0.04744881370712536,8,Random_Forest,12,person12,,,,2.0,2.0,log2,,,,,
0.7329422831535339,0.030380573542657482,0.019547879695892334,0.002293754171609865,,,,200.0,,20,,,,"{'n_estimators': 200, 'min_samples_split': 10, 'min_samples_leaf': 1, 'max_features': 'sqrt', 'max_depth': 20, 'class_weight': None}",0.9299725121816843,0.889230849511616,0.9731044996872492,0.862147263519753,0.9136137812250756,0.04198238757298062,2,Random_Forest,12,person12,,,,10.0,1.0,sqrt,,,,,
0.7202780842781067,0.021056693171930284,0.018195807933807373,0.00208460518317391,,,,200.0,,8,,,,"{'n_estimators': 200, 'min_samples_split': 2, 'min_samples_leaf': 1, 'max_features': 'sqrt', 'max_depth': 8, 'class_weight': None}",0.9299725121816843,0.8846789586082864,0.9783869678974371,0.8656974453817279,0.9146839710172838,0.043565444350871285,1,Random_Forest,12,person12,,,,2.0,1.0,sqrt,,,,,
4.597548961639404,0.12560582533786327,0.030874192714691162,0.0014716479581487847,,,,400.0,,8,,,,"{'n_estimators': 400, 'min_samples_split': 5, 'min_samples_leaf': 1, 'max_features': None, 'max_depth': 8, 'class_weight': 'balanced'}",0.9018427900479297,0.7908584217628236,0.9481388677163496,0.8076713683574868,0.8621278619711474,0.06523038292419356,19,Random_Forest,12,person12,,,,5.0,1.0,,balanced,,,,
1.4278598427772522,0.02940834606148349,0.035242557525634766,0.0009816827742033854,,,,400.0,,20,,,,"{'n_estimators': 400, 'min_samples_split': 5, 'min_samples_leaf': 1, 'max_features': 'sqrt', 'max_depth': 20, 'class_weight': None}",0.9309158769250337,0.8755123546152533,0.9747002419861146,0.8633252326371136,0.9111134265408789,0.04468380002450781,5,Random_Forest,12,person12,,,,5.0,1.0,sqrt,,,,,
2.555364429950714,0.09825467985532978,0.05717825889587402,0.003604748199790686,,,,600.0,,,,,,"{'n_estimators': 600, 'min_samples_split': 2, 'min_samples_leaf': 2, 'max_features': 'log2', 'max_depth': None, 'class_weight': 'balanced'}",0.9309158769250337,0.8863291705630053,0.9739646318856927,0.8375972016005234,0.9072017202435638,0.050744704018608575,9,Random_Forest,12,person12,,,,2.0,2.0,log2,balanced,,,,
1.7374622225761414,0.03558585006843171,0.03667104244232178,0.0022921564457742283,,,,400.0,,20,,,,"{'n_estimators': 400, 'min_samples_split': 5, 'min_samples_leaf': 1, 'max_features': 'log2', 'max_depth': 20, 'class_weight': 'balanced'}",0.9309158769250337,0.8797569026632697,0.9746648237355351,0.8619049994510314,0.9118106506937175,0.04425402107966173,4,Random_Forest,12,person12,,,,5.0,1.0,log2,balanced,,,,
2.2645841240882874,0.0686563372547358,0.016698837280273438,0.0015241034803356293,,,,200.0,,,,,,"{'n_estimators': 200, 'min_samples_split': 10, 'min_samples_leaf': 2, 'max_features': None, 'max_depth': None, 'class_weight': None}",0.8979801431288018,0.784917290886392,0.9467738717213934,0.800532089913684,0.8575508489125678,0.06730907862109255,21,Random_Forest,12,person12,,,,10.0,2.0,,,,,,
1.4216269850730896,0.037785726349700795,0.03471732139587402,0.0021853092620123557,,,,400.0,,,,,,"{'n_estimators': 400, 'min_samples_split': 2, 'min_samples_leaf': 2, 'max_features': 'sqrt', 'max_depth': None, 'class_weight': None}",0.9309158769250337,0.8746368712615065,0.9733758654352833,0.8469973187181421,0.9064814830849914,0.04905186822376933,11,Random_Forest,12,person12,,,,2.0,2.0,sqrt,,,,,
1.589137077331543,0.060188416508830306,0.03332400321960449,0.0015090837260705566,,,,400.0,,,,,,"{'n_estimators': 400, 'min_samples_split': 10, 'min_samples_leaf': 2, 'max_features': 'sqrt', 'max_depth': None, 'class_weight': 'balanced'}",0.9309158769250337,0.8775397990290515,0.9706520418801613,0.86483995597957,0.9109869184534541,0.04244214380377853,6,Random_Forest,12,person12,,,,10.0,2.0,sqrt,balanced,,,,
2.2305944561958313,0.0672888103632387,0.01773291826248169,0.0011297413662325407,,,,200.0,,,,,,"{'n_estimators': 200, 'min_samples_split': 2, 'min_samples_leaf': 2, 'max_features': None, 'max_depth': None, 'class_weight': None}",0.8998271476652537,0.7860190730452469,0.9486522580756603,0.7994418910284337,0.8584850924536487,0.06814819676422858,20,Random_Forest,12,person12,,,,2.0,2.0,,,,,,
2.2786454558372498,0.06909940144729172,0.046329379081726074,0.0022703063676287527,,,,600.0,,,,,,"{'n_estimators': 600, 'min_samples_split': 10, 'min_samples_leaf': 2, 'max_features': 'sqrt', 'max_depth': None, 'class_weight': 'balanced'}",0.9309158769250337,0.8744291456341972,0.9715828706901549,0.8599150344635985,0.9092107319282461,0.044724773746556895,7,Random_Forest,12,person12,,,,10.0,2.0,sqrt,balanced,,,,
2.200782597064972,0.10213133343163443,0.01636040210723877,0.0016164719223159844,,,,200.0,,,,,,"{'n_estimators': 200, 'min_samples_split': 2, 'min_samples_leaf': 1, 'max_features': None, 'max_depth': None, 'class_weight': None}",0.9008789902480651,0.7834169702622507,0.9049589808577336,0.8242589374922555,0.8533784697150764,0.051622202450123875,24,Random_Forest,12,person12,,,,2.0,1.0,,,,,,
6.945611536502838,0.12147786583428302,0.044961512088775635,0.002690734830641124,,,,600.0,,20,,,,"{'n_estimators': 600, 'min_samples_split': 5, 'min_samples_leaf': 2, 'max_features': None, 'max_depth': 20, 'class_weight': 'balanced'}",0.9455629891674053,0.759082089954688,0.849754845074393,0.9614376163175495,0.878959385128509,0.0813359848852382,20,Random_Forest,13,person13,,,,5.0,2.0,,balanced,,,,
4.705194056034088,0.09470605323031854,0.03161919116973877,0.004382299648951817,,,,400.0,,12,,,,"{'n_estimators': 400, 'min_samples_split': 5, 'min_samples_leaf': 1, 'max_features': None, 'max_depth': 12, 'class_weight': None}",0.9371366169368565,0.7690352803510991,0.8340088040654956,0.9521543712193281,0.8730837681431949,0.0753456507352987,23,Random_Forest,13,person13,,,,5.0,1.0,,,,,,
2.2818167209625244,0.06544903486135935,0.04635733366012573,0.003124446467493592,,,,600.0,,20,,,,"{'n_estimators': 600, 'min_samples_split': 10, 'min_samples_leaf': 4, 'max_features': 'sqrt', 'max_depth': 20, 'class_weight': 'balanced'}",0.9845152896933043,0.8631472986722674,0.8491520335681416,0.9681092879765045,0.9162309774775544,0.060563124231062644,12,Random_Forest,13,person13,,,,10.0,4.0,sqrt,balanced,,,,
0.7579675316810608,0.026902086945336592,0.017847716808319092,0.0007909344092829977,,,,200.0,,8,,,,"{'n_estimators': 200, 'min_samples_split': 10, 'min_samples_leaf': 4, 'max_features': 'sqrt', 'max_depth': 8, 'class_weight': 'balanced'}",0.9834892839811444,0.8608632263159492,0.8553965344730297,0.9699912063050037,0.9174350627687817,0.05952827067058258,6,Random_Forest,13,person13,,,,10.0,4.0,sqrt,balanced,,,,
2.339568257331848,0.04384614050187921,0.018471121788024902,0.000800922753510367,,,,200.0,,,,,,"{'n_estimators': 200, 'min_samples_split': 2, 'min_samples_leaf': 4, 'max_features': None, 'max_depth': None, 'class_weight': None}",0.9551741615238128,0.7727595766855313,0.8391752683806242,0.9661223827229383,0.8833078473282265,0.08091912483362268,17,Random_Forest,13,person13,,,,2.0,4.0,,,,,,
1.5496168732643127,0.056291347594414974,0.03349137306213379,0.002692899797642696,,,,400.0,,8,,,,"{'n_estimators': 400, 'min_samples_split': 10, 'min_samples_leaf': 2, 'max_features': 'log2', 'max_depth': 8, 'class_weight': 'balanced'}",0.9834892839811444,0.8610395167085971,0.8613946169044095,0.9690799799022548,0.9187508493741015,0.05775902876658359,3,Random_Forest,13,person13,,,,10.0,2.0,log2,balanced,,,,
1.4081767201423645,0.04001459011169611,0.03343188762664795,0.0034353216952717966,,,,400.0,,12,,,,"{'n_estimators': 400, 'min_samples_split': 2, 'min_samples_leaf': 4, 'max_features': 'sqrt', 'max_depth': 12, 'class_weight': None}",0.9845152896933043,0.8567360556026435,0.8519939330293957,0.9693453215862776,0.9156476499779053,0.061539750099685445,15,Random_Forest,13,person13,,,,2.0,4.0,sqrt,,,,,
2.1206971406936646,0.0703345100694245,0.05182373523712158,0.004054764631395386,,,,600.0,,8,,,,"{'n_estimators': 600, 'min_samples_split': 5, 'min_samples_leaf': 4, 'max_features': 'log2', 'max_depth': 8, 'class_weight': None}",0.9845152896933043,0.8632730084082503,0.8522588949561981,0.9690615911405286,0.9172771960495703,0.05988826381614203,7,Random_Forest,13,person13,,,,5.0,4.0,log2,,,,,
2.4944554567337036,0.10412979774009466,0.018229961395263672,0.0014569986725045947,,,,200.0,,12,,,,"{'n_estimators': 200, 'min_samples_split': 10, 'min_samples_leaf': 2, 'max_features': None, 'max_depth': 12, 'class_weight': None}",0.9437084945808765,0.774091831540067,0.8415862003438601,0.9632391837492827,0.8806564275535216,0.07693823911917262,18,Random_Forest,13,person13,,,,10.0,2.0,,,,,,
1.4426465034484863,0.06125626938167635,0.03470277786254883,0.0028319396912815232,,,,400.0,,20,,,,"{'n_estimators': 400, 'min_samples_split': 10, 'min_samples_leaf': 1, 'max_features': 'log2', 'max_depth': 20, 'class_weight': None}",0.9865650571725242,0.8559867456147734,0.8567799254128077,0.9750145423364537,0.9185865676341398,0.06233776966746828,4,Random_Forest,13,person13,,,,10.0,1.0,log2,,,,,
2.318179666996002,0.06944456461651553,0.05106639862060547,0.005483718381519525,,,,600.0,,20,,,,"{'n_estimators': 600, 'min_samples_split': 2, 'min_samples_leaf': 2, 'max_features': 'log2', 'max_depth': 20, 'class_weight': 'balanced'}",0.9845152896933043,0.8533216411826766,0.8538346564993579,0.9727316087338483,0.9161007990272968,0.06266156378933224,13,Random_Forest,13,person13,,,,2.0,2.0,log2,balanced,,,,
2.111039638519287,0.05668233173127939,0.04539310932159424,0.004741890851242293,,,,600.0,,20,,,,"{'n_estimators': 600, 'min_samples_split': 2, 'min_samples_leaf': 2, 'max_features': 'log2', 'max_depth': 20, 'class_weight': None}",0.9855405384436062,0.8519444277446838,0.8568632939386578,0.9717764418765169,0.9165311755008663,0.06234187137574931,11,Random_Forest,13,person13,,,,2.0,2.0,log2,,,,,
0.7089466452598572,0.026331949707360358,0.017389237880706787,0.0013286539953091666,,,,200.0,,20,,,,"{'n_estimators': 200, 'min_samples_split': 10, 'min_samples_leaf': 1, 'max_features': 'sqrt', 'max_depth': 20, 'class_weight': None}",0.9845152896933043,0.8507812758130214,0.8590727822448657,0.9740455648829619,0.9171037281585384,0.06235573303006189,8,Random_Forest,13,person13,,,,10.0,1.0,sqrt,,,,,
0.7018560171127319,0.013593730923403404,0.0174483060836792,0.0010067241159383523,,,,200.0,,8,,,,"{'n_estimators': 200, 'min_samples_split': 2, 'min_samples_leaf': 1, 'max_features': 'sqrt', 'max_depth': 8, 'class_weight': None}",0.9855405384436062,0.8595994689082681,0.8337097801658647,0.9732525427315282,0.9130255825623168,0.06713987579608985,16,Random_Forest,13,person13,,,,2.0,1.0,sqrt,,,,,
4.596763968467712,0.024387947154092218,0.03003561496734619,0.003029980924515701,,,,400.0,,8,,,,"{'n_estimators': 400, 'min_samples_split': 5, 'min_samples_leaf': 1, 'max_features': None, 'max_depth': 8, 'class_weight': 'balanced'}",0.9536243522626455,0.7651894024445359,0.8419895205233743,0.9521718837918088,0.8782437897555911,0.0794406363575153,21,Random_Forest,13,person13,,,,5.0,1.0,,balanced,,,,
1.4255385994911194,0.04245707783747054,0.03308933973312378,0.002627111497968851,,,,400.0,,20,,,,"{'n_estimators': 400, 'min_samples_split': 5, 'min_samples_leaf': 1, 'max_features': 'sqrt', 'max_depth': 20, 'class_weight': None}",0.9865650571725242,0.8538094300088974,0.8592063562412036,0.9758416574636429,0.918855625221567,0.062492035187199424,2,Random_Forest,13,person13,,,,5.0,1.0,sqrt,,,,,
2.314595937728882,0.0633952866347035,0.057093799114227295,0.00921485883662489,,,,600.0,,,,,,"{'n_estimators': 600, 'min_samples_split': 2, 'min_samples_leaf': 2, 'max_features': 'log2', 'max_depth': None, 'class_weight': 'balanced'}",0.9845152896933043,0.8533216411826766,0.8538346564993579,0.9727316087338483,0.9161007990272968,0.06266156378933224,13,Random_Forest,13,person13,,,,2.0,2.0,log2,balanced,,,,
1.5435271263122559,0.04138872751162567,0.033181071281433105,0.0020630553313904397,,,,400.0,,20,,,,"{'n_estimators': 400, 'min_samples_split': 5, 'min_samples_leaf': 1, 'max_features': 'log2', 'max_depth': 20, 'class_weight': 'balanced'}",0.9845152896933043,0.8533056908328496,0.8540390662034416,0.9759697091937851,0.9169574389808451,0.06335767101114144,9,Random_Forest,13,person13,,,,5.0,1.0,log2,balanced,,,,
2.2547261118888855,0.04891437513776934,0.01781553030014038,0.0006020361915634922,,,,200.0,,,,,,"{'n_estimators': 200, 'min_samples_split': 10, 'min_samples_leaf': 2, 'max_features': None, 'max_depth': None, 'class_weight': None}",0.9437084945808765,0.774091831540067,0.8415862003438601,0.9632391837492827,0.8806564275535216,0.07693823911917262,18,Random_Forest,13,person13,,,,10.0,2.0,,,,,,
1.4073647260665894,0.03827847918685873,0.03224742412567139,0.003159259665220798,,,,400.0,,,,,,"{'n_estimators': 400, 'min_samples_split': 2, 'min_samples_leaf': 2, 'max_features': 'sqrt', 'max_depth': None, 'class_weight': None}",0.9845152896933043,0.8512623042320526,0.8567799254128077,0.9736602551484924,0.9165544436216642,0.06268135050013714,10,Random_Forest,13,person13,,,,2.0,2.0,sqrt,,,,,
1.5388619303703308,0.051609549933055006,0.03348487615585327,0.0037643279478867067,,,,400.0,,,,,,"{'n_estimators': 400, 'min_samples_split': 10, 'min_samples_leaf': 2, 'max_features': 'sqrt', 'max_depth': None, 'class_weight': 'balanced'}",0.9845152896933043,0.8579928125625527,0.8604568539134116,0.9725863173150487,0.9188878183710794,0.05981821027258059,1,Random_Forest,13,person13,,,,10.0,2.0,sqrt,balanced,,,,
2.3860758543014526,0.0521676085466467,0.018234431743621826,0.001351271317551804,,,,200.0,,,,,,"{'n_estimators': 200, 'min_samples_split': 2, 'min_samples_leaf': 2, 'max_features': None, 'max_depth': None, 'class_weight': None}",0.9364905747311296,0.757495796889174,0.842588204351876,0.9557896637281871,0.8730910599250916,0.07929572274575379,22,Random_Forest,13,person13,,,,2.0,2.0,,,,,,
2.29160338640213,0.07067812963125983,0.04874372482299805,0.001457120566804481,,,,600.0,,,,,,"{'n_estimators': 600, 'min_samples_split': 10, 'min_samples_leaf': 2, 'max_features': 'sqrt', 'max_depth': None, 'class_weight': 'balanced'}",0.9845152896933043,0.8555122866028644,0.8581642601584346,0.9717628656410894,0.9174886755239232,0.06082498204281842,5,Random_Forest,13,person13,,,,10.0,2.0,sqrt,balanced,,,,
2.288103461265564,0.03115035787167061,0.015766441822052002,0.0011458206459803969,,,,200.0,,,,,,"{'n_estimators': 200, 'min_samples_split': 2, 'min_samples_leaf': 1, 'max_features': None, 'max_depth': None, 'class_weight': None}",0.9379270158358775,0.7554122342884787,0.8338390479334445,0.9497643659469245,0.8692356660011813,0.07970581414575986,24,Random_Forest,13,person13,,,,2.0,1.0,,,,,,
6.786491274833679,0.39376109616269855,0.043331921100616455,0.0031480414706592254,,,,600.0,,20,,,,"{'n_estimators': 600, 'min_samples_split': 5, 'min_samples_leaf': 2, 'max_features': None, 'max_depth': 20, 'class_weight': 'balanced'}",0.8465233671147199,0.9483527358497811,0.6885034765706993,0.846403196116785,0.8324456939129963,0.09293384347816454,19,Random_Forest,14,person14,,,,5.0,2.0,,balanced,,,,
4.552020251750946,0.27407011782243573,0.033760786056518555,0.001185626576254767,,,,400.0,,12,,,,"{'n_estimators': 400, 'min_samples_split': 5, 'min_samples_leaf': 1, 'max_features': None, 'max_depth': 12, 'class_weight': None}",0.853058375754914,0.9367958136422849,0.6860919133123937,0.8534801736724813,0.8323565690955184,0.09107095695409999,20,Random_Forest,14,person14,,,,5.0,1.0,,,,,,
2.2936007976531982,0.09955141283690831,0.04919391870498657,0.005726593828780066,,,,600.0,,20,,,,"{'n_estimators': 600, 'min_samples_split': 10, 'min_samples_leaf': 4, 'max_features': 'sqrt', 'max_depth': 20, 'class_weight': 'balanced'}",0.9083325166101086,0.9755923434489154,0.7405197994178605,0.8788096285919921,0.8758135720172191,0.08562515145245045,4,Random_Forest,14,person14,,,,10.0,4.0,sqrt,balanced,,,,
0.7379024624824524,0.037505448843328675,0.019749701023101807,0.001266068817543009,,,,200.0,,8,,,,"{'n_estimators': 200, 'min_samples_split': 10, 'min_samples_leaf': 4, 'max_features': 'sqrt', 'max_depth': 8, 'class_weight': 'balanced'}",0.8956145004557531,0.9754894318239367,0.7471090022823688,0.8807805030149489,0.8747483593942519,0.08202492267243688,6,Random_Forest,14,person14,,,,10.0,4.0,sqrt,balanced,,,,
2.1966554522514343,0.11413450817771736,0.01841437816619873,0.0010464931613634412,,,,200.0,,,,,,"{'n_estimators': 200, 'min_samples_split': 2, 'min_samples_leaf': 4, 'max_features': None, 'max_depth': None, 'class_weight': None}",0.8347298245580169,0.9568874827842142,0.6888919708649993,0.8439092901335464,0.8311046420851943,0.09516153086923008,21,Random_Forest,14,person14,,,,2.0,4.0,,,,,,
1.5004253387451172,0.07956493353054554,0.035410523414611816,0.0013366245731384263,,,,400.0,,8,,,,"{'n_estimators': 400, 'min_samples_split': 10, 'min_samples_leaf': 2, 'max_features': 'log2', 'max_depth': 8, 'class_weight': 'balanced'}",0.9013091401750171,0.976571846666259,0.7366415866415866,0.8801442393436776,0.873666703206635,0.08684960264167671,12,Random_Forest,14,person14,,,,10.0,2.0,log2,balanced,,,,
1.3904638290405273,0.07013714873262075,0.036142706871032715,0.0026411718059626325,,,,400.0,,12,,,,"{'n_estimators': 400, 'min_samples_split': 2, 'min_samples_leaf': 4, 'max_features': 'sqrt', 'max_depth': 12, 'class_weight': None}",0.9013091401750171,0.9746316578975831,0.7287069063267235,0.8774911797122772,0.8705347210279002,0.08936828083810264,16,Random_Forest,14,person14,,,,2.0,4.0,sqrt,,,,,
2.023655414581299,0.10257880406460937,0.04843050241470337,0.0016310071963295902,,,,600.0,,8,,,,"{'n_estimators': 600, 'min_samples_split': 5, 'min_samples_leaf': 4, 'max_features': 'log2', 'max_depth': 8, 'class_weight': None}",0.9027220212200286,0.9747965801468426,0.7379856102805467,0.8800804511893248,0.8738961657091857,0.0859094698555461,10,Random_Forest,14,person14,,,,5.0,4.0,log2,,,,,
2.3268346190452576,0.1426943355727961,0.016943156719207764,0.002179740600354783,,,,200.0,,12,,,,"{'n_estimators': 200, 'min_samples_split': 10, 'min_samples_leaf': 2, 'max_features': None, 'max_depth': 12, 'class_weight': None}",0.8404122559614376,0.9401025753982429,0.6893122797474622,0.845158695104895,0.8287464515530094,0.08978798265335394,23,Random_Forest,14,person14,,,,10.0,2.0,,,,,,
1.6013266444206238,0.0854155107006738,0.03377866744995117,0.003372345179465009,,,,400.0,,20,,,,"{'n_estimators': 400, 'min_samples_split': 10, 'min_samples_leaf': 1, 'max_features': 'log2', 'max_depth': 20, 'class_weight': None}",0.9083325166101086,0.9754649489574443,0.7361019281332181,0.8759714883108606,0.8739677205029078,0.08731211025194678,7,Random_Forest,14,person14,,,,10.0,1.0,log2,,,,,
2.3495620489120483,0.11662876833305141,0.049008190631866455,0.004131801650393882,,,,600.0,,20,,,,"{'n_estimators': 600, 'min_samples_split': 2, 'min_samples_leaf': 2, 'max_features': 'log2', 'max_depth': 20, 'class_weight': 'balanced'}",0.9111140974379668,0.9774783384954038,0.7282527038217619,0.8787979873818705,0.8739107817842507,0.09131057708862077,8,Random_Forest,14,person14,,,,2.0,2.0,log2,balanced,,,,
2.1579343676567078,0.1163347264915293,0.047688186168670654,0.005285115694392298,,,,600.0,,20,,,,"{'n_estimators': 600, 'min_samples_split': 2, 'min_samples_leaf': 2, 'max_features': 'log2', 'max_depth': 20, 'class_weight': None}",0.9069359104258296,0.9771828075581704,0.7318832826959586,0.8788916595930514,0.8737234150682525,0.08937596103695604,11,Random_Forest,14,person14,,,,2.0,2.0,log2,,,,,
0.7162812948226929,0.042989030168738014,0.029785752296447754,0.019579814043640304,,,,200.0,,20,,,,"{'n_estimators': 200, 'min_samples_split': 10, 'min_samples_leaf': 1, 'max_features': 'sqrt', 'max_depth': 20, 'class_weight': None}",0.9069359104258296,0.9790274730390152,0.7365219328489065,0.8788320625922046,0.8753293447264889,0.0880795711777531,5,Random_Forest,14,person14,,,,10.0,1.0,sqrt,,,,,
0.7711270451545715,0.05114775537027665,0.029999911785125732,0.017764016425251147,,,,200.0,,8,,,,"{'n_estimators': 200, 'min_samples_split': 2, 'min_samples_leaf': 1, 'max_features': 'sqrt', 'max_depth': 8, 'class_weight': None}",0.9031413942695723,0.97719919205165,0.7255604677712756,0.876508824989148,0.8706024697704114,0.09150643445210944,15,Random_Forest,14,person14,,,,2.0,1.0,sqrt,,,,,
4.487212419509888,0.28705813348373493,0.029754221439361572,0.0012733956327741346,,,,400.0,,8,,,,"{'n_estimators': 400, 'min_samples_split': 5, 'min_samples_leaf': 1, 'max_features': None, 'max_depth': 8, 'class_weight': 'balanced'}",0.8654967199433199,0.9439002695567594,0.6901052954792073,0.8464563025937599,0.8364896468932617,0.09206813334788719,17,Random_Forest,14,person14,,,,5.0,1.0,,balanced,,,,
1.4142574667930603,0.0927642063673029,0.03438460826873779,0.002692342564572372,,,,400.0,,20,,,,"{'n_estimators': 400, 'min_samples_split': 5, 'min_samples_leaf': 1, 'max_features': 'sqrt', 'max_depth': 20, 'class_weight': None}",0.9097252234209234,0.9818097883076624,0.7408273976461,0.8775425364801156,0.8774762364637003,0.08746198709444375,2,Random_Forest,14,person14,,,,5.0,1.0,sqrt,,,,,
2.336191177368164,0.1526179177341806,0.05039775371551514,0.004266537139963644,,,,600.0,,,,,,"{'n_estimators': 600, 'min_samples_split': 2, 'min_samples_leaf': 2, 'max_features': 'log2', 'max_depth': None, 'class_weight': 'balanced'}",0.9111140974379668,0.9774783384954038,0.7282527038217619,0.8787979873818705,0.8739107817842507,0.09131057708862077,8,Random_Forest,14,person14,,,,2.0,2.0,log2,balanced,,,,
1.5787474513053894,0.10626876950324471,0.03417104482650757,0.0014610041463302542,,,,400.0,,20,,,,"{'n_estimators': 400, 'min_samples_split': 5, 'min_samples_leaf': 1, 'max_features': 'log2', 'max_depth': 20, 'class_weight': 'balanced'}",0.9124992046828275,0.9782111250851567,0.7253942283201972,0.8784829800304601,0.8736468845296603,0.09279738826751274,13,Random_Forest,14,person14,,,,5.0,1.0,log2,balanced,,,,
2.203893482685089,0.12705065768203913,0.019151747226715088,0.0031933953693920117,,,,200.0,,,,,,"{'n_estimators': 200, 'min_samples_split': 10, 'min_samples_leaf': 2, 'max_features': None, 'max_depth': None, 'class_weight': None}",0.8404122559614376,0.9401025753982429,0.6893122797474622,0.845158695104895,0.8287464515530094,0.08978798265335394,23,Random_Forest,14,person14,,,,10.0,2.0,,,,,,
1.415948510169983,0.07676800769004784,0.03401041030883789,0.0038493931033175633,,,,400.0,,,,,,"{'n_estimators': 400, 'min_samples_split': 2, 'min_samples_leaf': 2, 'max_features': 'sqrt', 'max_depth': None, 'class_weight': None}",0.9041307307581445,0.9762005999122015,0.7281967912527454,0.8789682834676145,0.8718741013476765,0.0903022775179618,14,Random_Forest,14,person14,,,,2.0,2.0,sqrt,,,,,
1.5428372025489807,0.06364319495040896,0.03255683183670044,0.002380987575583259,,,,400.0,,,,,,"{'n_estimators': 400, 'min_samples_split': 10, 'min_samples_leaf': 2, 'max_features': 'sqrt', 'max_depth': None, 'class_weight': 'balanced'}",0.9097252234209234,0.9754877043677694,0.7476664480955386,0.8801440702684706,0.8782558615381755,0.08291789950434002,1,Random_Forest,14,person14,,,,10.0,2.0,sqrt,balanced,,,,
2.2380968928337097,0.12630545773283372,0.018083572387695312,0.0009511257480149967,,,,200.0,,,,,,"{'n_estimators': 200, 'min_samples_split': 2, 'min_samples_leaf': 2, 'max_features': None, 'max_depth': None, 'class_weight': None}",0.8400836514861026,0.9474434475368875,0.6884443688843029,0.8473516310990783,0.8308307747515928,0.09250805161208007,22,Random_Forest,14,person14,,,,2.0,2.0,,,,,,
2.2681432962417603,0.1235571056935043,0.04938399791717529,0.0035351597303951276,,,,600.0,,,,,,"{'n_estimators': 600, 'min_samples_split': 10, 'min_samples_leaf': 2, 'max_features': 'sqrt', 'max_depth': None, 'class_weight': 'balanced'}",0.9083325166101086,0.9756119752071586,0.7426854388076434,0.8801440702684706,0.8766935002233454,0.08478791041338976,3,Random_Forest,14,person14,,,,10.0,2.0,sqrt,balanced,,,,
2.279596269130707,0.1259906843880434,0.016950130462646484,0.002115405109397751,,,,200.0,,,,,,"{'n_estimators': 200, 'min_samples_split': 2, 'min_samples_leaf': 1, 'max_features': None, 'max_depth': None, 'class_weight': None}",0.8559019744526624,0.9329504531879431,0.6901981165428714,0.8521989674100721,0.8328123778983872,0.08842430518049024,18,Random_Forest,14,person14,,,,2.0,1.0,,,,,,
