mean_fit_time,std_fit_time,mean_score_time,std_score_time,param_subsample,param_reg_lambda,param_reg_alpha,param_n_estimators,param_min_child_weight,param_max_depth,param_learning_rate,param_gamma,param_colsample_bytree,params,split0_test_score,split1_test_score,split2_test_score,split3_test_score,mean_test_score,std_test_score,rank_test_score,model_name,outer_fold,heldout_person,param_model__C,param_model__class_weight,param_model__gamma,param_min_samples_split,param_min_samples_leaf,param_max_features,param_class_weight,param_model__learning_rate_init,param_model__hidden_layer_sizes,param_model__alpha,param_model__activation
0.25129222869873047,0.01933575350023992,0.03472775220870972,0.004394620776916967,1.0,0.5,1.0,150.0,8.0,7,0.2,0.05,1.0,"{'subsample': 1.0, 'reg_lambda': 0.5, 'reg_alpha': 1.0, 'n_estimators': 150, 'min_child_weight': 8, 'max_depth': 7, 'learning_rate': 0.2, 'gamma': 0.05, 'colsample_bytree': 1.0}",0.9871831335180302,0.708433620825505,0.8938323999213429,0.8955939692768701,0.8712607808854371,0.10130678399822621,5,XGBoost,1,person01,,,,,,,,,,,
0.7646599411964417,0.019823490880300224,0.012906193733215332,0.0011074111129852262,1.0,5.0,0.1,600.0,1.0,9,0.2,0.5,1.0,"{'subsample': 1.0, 'reg_lambda': 5.0, 'reg_alpha': 0.1, 'n_estimators': 600, 'min_child_weight': 1, 'max_depth': 9, 'learning_rate': 0.2, 'gamma': 0.5, 'colsample_bytree': 1.0}",0.9815377022061316,0.7018396872366787,0.8833164147910497,0.904938895874362,0.8679081750270554,0.10259032632638762,9,XGBoost,1,person01,,,,,,,,,,,
0.33169275522232056,0.013662277799526038,0.008213281631469727,0.0009187549425681541,0.85,1.0,0.1,150.0,8.0,9,0.1,0.2,1.0,"{'subsample': 0.85, 'reg_lambda': 1.0, 'reg_alpha': 0.1, 'n_estimators': 150, 'min_child_weight': 8, 'max_depth': 9, 'learning_rate': 0.1, 'gamma': 0.2, 'colsample_bytree': 1.0}",0.98588467743336,0.7069955735651182,0.8859423898666798,0.881873616644533,0.8651740643774227,0.10037639843303328,16,XGBoost,1,person01,,,,,,,,,,,
0.6948308348655701,0.05420971056062224,0.009629964828491211,0.001205683508856343,1.0,0.5,0.01,150.0,1.0,9,0.05,0.0,1.0,"{'subsample': 1.0, 'reg_lambda': 0.5, 'reg_alpha': 0.01, 'n_estimators': 150, 'min_child_weight': 1, 'max_depth': 9, 'learning_rate': 0.05, 'gamma': 0, 'colsample_bytree': 1.0}",0.9696245563151242,0.6881046081769755,0.8775526405428704,0.852327731562043,0.8469023841492533,0.10154597210918231,24,XGBoost,1,person01,,,,,,,,,,,
0.38087528944015503,0.03328689102488345,0.008549809455871582,0.0005180974653227159,1.0,5.0,0.01,250.0,1.0,3,0.2,0.05,1.0,"{'subsample': 1.0, 'reg_lambda': 5.0, 'reg_alpha': 0.01, 'n_estimators': 250, 'min_child_weight': 1, 'max_depth': 3, 'learning_rate': 0.2, 'gamma': 0.05, 'colsample_bytree': 1.0}",0.9828482940828505,0.6962068056597143,0.8902150435169304,0.8911807691516629,0.8651127281027895,0.10452337434309633,17,XGBoost,1,person01,,,,,,,,,,,
0.4842366576194763,0.028299269083193704,0.008220434188842773,0.00020795540360318422,0.7,0.5,0.01,250.0,5.0,9,0.2,0.0,1.0,"{'subsample': 0.7, 'reg_lambda': 0.5, 'reg_alpha': 0.01, 'n_estimators': 250, 'min_child_weight': 5, 'max_depth': 9, 'learning_rate': 0.2, 'gamma': 0, 'colsample_bytree': 1.0}",0.9927511456932321,0.7148899466498528,0.8753272866293972,0.8572127595357685,0.8600452846270626,0.09864390565081003,22,XGBoost,1,person01,,,,,,,,,,,
1.3110750913619995,0.07407005303998508,0.017925500869750977,0.0010826593058613555,0.85,5.0,0.01,600.0,3.0,9,0.05,0.0,0.85,"{'subsample': 0.85, 'reg_lambda': 5.0, 'reg_alpha': 0.01, 'n_estimators': 600, 'min_child_weight': 3, 'max_depth': 9, 'learning_rate': 0.05, 'gamma': 0, 'colsample_bytree': 0.85}",0.9889059918561904,0.6960875597789915,0.8825766519752448,0.8801689303205955,0.8619347834827555,0.10533940408486953,19,XGBoost,1,person01,,,,,,,,,,,
0.7065046429634094,0.03931017078438527,0.011466443538665771,0.0008727491343823231,0.7,5.0,0.0,250.0,8.0,7,0.02,0.5,1.0,"{'subsample': 0.7, 'reg_lambda': 5.0, 'reg_alpha': 0, 'n_estimators': 250, 'min_child_weight': 8, 'max_depth': 7, 'learning_rate': 0.02, 'gamma': 0.5, 'colsample_bytree': 1.0}",0.9788109129107135,0.7286681801280762,0.8766821147357706,0.8965958530157884,0.8701892651975871,0.0902307387292326,7,XGBoost,1,person01,,,,,,,,,,,
0.9508037567138672,0.034919791081048854,0.01423567533493042,0.0015383495447521599,0.7,2.0,1.0,400.0,8.0,5,0.02,0.5,0.85,"{'subsample': 0.7, 'reg_lambda': 2.0, 'reg_alpha': 1.0, 'n_estimators': 400, 'min_child_weight': 8, 'max_depth': 5, 'learning_rate': 0.02, 'gamma': 0.5, 'colsample_bytree': 0.85}",0.9858887425126909,0.7119677424184323,0.8888369321411763,0.9066769388803286,0.873342588988157,0.10007463631091468,1,XGBoost,1,person01,,,,,,,,,,,
0.4884844422340393,0.03356102315245476,0.008937180042266846,0.0008831410750846301,1.0,5.0,0.01,150.0,8.0,7,0.02,0.05,1.0,"{'subsample': 1.0, 'reg_lambda': 5.0, 'reg_alpha': 0.01, 'n_estimators': 150, 'min_child_weight': 8, 'max_depth': 7, 'learning_rate': 0.02, 'gamma': 0.05, 'colsample_bytree': 1.0}",0.9715522180282761,0.7310840244925219,0.8562897643265379,0.881370260129465,0.8600740667442002,0.0859267973499769,21,XGBoost,1,person01,,,,,,,,,,,
1.106347382068634,0.03623647028303008,0.014277160167694092,0.0012308970460997244,0.7,0.5,1.0,600.0,3.0,3,0.05,0.2,1.0,"{'subsample': 0.7, 'reg_lambda': 0.5, 'reg_alpha': 1.0, 'n_estimators': 600, 'min_child_weight': 3, 'max_depth': 3, 'learning_rate': 0.05, 'gamma': 0.2, 'colsample_bytree': 1.0}",0.9858887425126909,0.6939014873826055,0.890773227058572,0.8920434076249499,0.8656517161447046,0.10639865516000803,14,XGBoost,1,person01,,,,,,,,,,,
0.5076461434364319,0.01640464227993731,0.010005414485931396,0.0016888863198148848,0.7,1.0,1.0,250.0,8.0,3,0.05,0.05,0.7,"{'subsample': 0.7, 'reg_lambda': 1.0, 'reg_alpha': 1.0, 'n_estimators': 250, 'min_child_weight': 8, 'max_depth': 3, 'learning_rate': 0.05, 'gamma': 0.05, 'colsample_bytree': 0.7}",0.9918595380826423,0.7154394607257953,0.8878734826648912,0.8953309117782802,0.8726258483129021,0.0995894616401374,2,XGBoost,1,person01,,,,,,,,,,,
0.34997236728668213,0.02184199797240726,0.00871950387954712,0.000392890322106253,1.0,0.5,0.0,150.0,5.0,5,0.05,0.5,0.7,"{'subsample': 1.0, 'reg_lambda': 0.5, 'reg_alpha': 0, 'n_estimators': 150, 'min_child_weight': 5, 'max_depth': 5, 'learning_rate': 0.05, 'gamma': 0.5, 'colsample_bytree': 0.7}",0.9862384699153163,0.7070184027641275,0.8909679536572765,0.9008664841768853,0.8712728276284014,0.10180900929085202,4,XGBoost,1,person01,,,,,,,,,,,
0.43945038318634033,0.02776446617681496,0.008499383926391602,0.0004724756387742338,0.7,5.0,0.01,150.0,5.0,9,0.05,0.05,0.85,"{'subsample': 0.7, 'reg_lambda': 5.0, 'reg_alpha': 0.01, 'n_estimators': 150, 'min_child_weight': 5, 'max_depth': 9, 'learning_rate': 0.05, 'gamma': 0.05, 'colsample_bytree': 0.85}",0.9884598540686257,0.7015863306491916,0.8893787498897456,0.9096270343734847,0.8722629922452618,0.10526306844648993,3,XGBoost,1,person01,,,,,,,,,,,
0.7052502036094666,0.0328077180960497,0.012744367122650146,0.0007400327844675359,1.0,2.0,0.01,400.0,3.0,3,0.05,0.05,0.85,"{'subsample': 1.0, 'reg_lambda': 2.0, 'reg_alpha': 0.01, 'n_estimators': 400, 'min_child_weight': 3, 'max_depth': 3, 'learning_rate': 0.05, 'gamma': 0.05, 'colsample_bytree': 0.85}",0.9862272616447618,0.6878888838405522,0.8870217339030089,0.8850639104311502,0.8615504474548683,0.10828702143836373,20,XGBoost,1,person01,,,,,,,,,,,
0.6008332371711731,0.010898248606778602,0.010431528091430664,0.0013206773510202477,0.85,0.5,0.0,150.0,1.0,5,0.02,0.0,0.7,"{'subsample': 0.85, 'reg_lambda': 0.5, 'reg_alpha': 0, 'n_estimators': 150, 'min_child_weight': 1, 'max_depth': 5, 'learning_rate': 0.02, 'gamma': 0, 'colsample_bytree': 0.7}",0.9809325255757001,0.7077227260140031,0.8800269460873491,0.9003783858834408,0.8672651458901233,0.09954070417628441,12,XGBoost,1,person01,,,,,,,,,,,
0.27289241552352905,0.013423718348976358,0.009386062622070312,0.00090009695398752,1.0,5.0,0.01,150.0,8.0,5,0.2,0.0,0.85,"{'subsample': 1.0, 'reg_lambda': 5.0, 'reg_alpha': 0.01, 'n_estimators': 150, 'min_child_weight': 8, 'max_depth': 5, 'learning_rate': 0.2, 'gamma': 0, 'colsample_bytree': 0.85}",0.9931355888373358,0.7008026830111953,0.8840646161600093,0.8919376674309003,0.8674851388598601,0.10540858822736872,11,XGBoost,1,person01,,,,,,,,,,,
0.32082927227020264,0.01762094376304533,0.009341537952423096,0.0009050027640454041,1.0,1.0,0.1,150.0,5.0,3,0.05,0.05,0.85,"{'subsample': 1.0, 'reg_lambda': 1.0, 'reg_alpha': 0.1, 'n_estimators': 150, 'min_child_weight': 5, 'max_depth': 3, 'learning_rate': 0.05, 'gamma': 0.05, 'colsample_bytree': 0.85}",0.9829072292996214,0.6952264316046939,0.8945173390432581,0.8897276743989921,0.8655946685866414,0.10512670439671198,15,XGBoost,1,person01,,,,,,,,,,,
0.8659467697143555,0.05484948254507143,0.013489902019500732,0.0013139493013533637,0.85,2.0,0.1,400.0,8.0,7,0.05,0.0,0.7,"{'subsample': 0.85, 'reg_lambda': 2.0, 'reg_alpha': 0.1, 'n_estimators': 400, 'min_child_weight': 8, 'max_depth': 7, 'learning_rate': 0.05, 'gamma': 0, 'colsample_bytree': 0.7}",0.99148176986966,0.7102357000345076,0.8895167517998632,0.8926758469681904,0.8709775171680553,0.1014565515767904,6,XGBoost,1,person01,,,,,,,,,,,
0.6944429874420166,0.05519582610346954,0.01274174451828003,0.000933118484803418,1.0,5.0,0.0,250.0,5.0,7,0.05,0.0,1.0,"{'subsample': 1.0, 'reg_lambda': 5.0, 'reg_alpha': 0, 'n_estimators': 250, 'min_child_weight': 5, 'max_depth': 7, 'learning_rate': 0.05, 'gamma': 0, 'colsample_bytree': 1.0}",0.98588467743336,0.6907613664706861,0.8895474806218584,0.901038667031276,0.8668080478892952,0.108236425049428,13,XGBoost,1,person01,,,,,,,,,,,
0.5452947020530701,0.01893874302089235,0.010464012622833252,0.0008096879651008098,0.7,5.0,0.0,250.0,1.0,9,0.2,0.2,0.85,"{'subsample': 0.7, 'reg_lambda': 5.0, 'reg_alpha': 0, 'n_estimators': 250, 'min_child_weight': 1, 'max_depth': 9, 'learning_rate': 0.2, 'gamma': 0.2, 'colsample_bytree': 0.85}",0.9885249449215243,0.7070624033716739,0.8891048167234297,0.8899835173026861,0.8686689205798285,0.1016785017343844,8,XGBoost,1,person01,,,,,,,,,,,
0.6242098808288574,0.022332892605006517,0.0111236572265625,0.00118228333348736,0.7,0.5,0.0,250.0,1.0,7,0.1,0.2,1.0,"{'subsample': 0.7, 'reg_lambda': 0.5, 'reg_alpha': 0, 'n_estimators': 250, 'min_child_weight': 1, 'max_depth': 7, 'learning_rate': 0.1, 'gamma': 0.2, 'colsample_bytree': 1.0}",0.9819266514371978,0.6900722494509455,0.8872924702965073,0.8631722327963888,0.8556159009952599,0.105379800527445,23,XGBoost,1,person01,,,,,,,,,,,
1.0164514780044556,0.009625309927414605,0.014594435691833496,0.002469814842441663,0.85,5.0,1.0,600.0,8.0,5,0.2,0.2,0.85,"{'subsample': 0.85, 'reg_lambda': 5.0, 'reg_alpha': 1.0, 'n_estimators': 600, 'min_child_weight': 8, 'max_depth': 5, 'learning_rate': 0.2, 'gamma': 0.2, 'colsample_bytree': 0.85}",0.9858887425126909,0.7054230484756172,0.8894290573383695,0.8897516469851668,0.867623123827961,0.10156376233746868,10,XGBoost,1,person01,,,,,,,,,,,
0.269450843334198,0.02513018097392678,0.00791788101196289,0.001156218304587273,1.0,1.0,1.0,150.0,5.0,9,0.2,0.05,1.0,"{'subsample': 1.0, 'reg_lambda': 1.0, 'reg_alpha': 1.0, 'n_estimators': 150, 'min_child_weight': 5, 'max_depth': 9, 'learning_rate': 0.2, 'gamma': 0.05, 'colsample_bytree': 1.0}",0.981965113033907,0.6925846722153634,0.894077774691394,0.882346530081255,0.8627435225054798,0.10551532500808661,18,XGBoost,1,person01,,,,,,,,,,,
0.2345736026763916,0.004891038116761058,0.006833553314208984,0.00025352366037448596,1.0,0.5,1.0,150.0,8.0,7,0.2,0.05,1.0,"{'subsample': 1.0, 'reg_lambda': 0.5, 'reg_alpha': 1.0, 'n_estimators': 150, 'min_child_weight': 8, 'max_depth': 7, 'learning_rate': 0.2, 'gamma': 0.05, 'colsample_bytree': 1.0}",0.9839462395895764,0.9013450091575091,0.6875231273321136,0.823394342605749,0.849052179671237,0.10917979067733559,18,XGBoost,2,person02,,,,,,,,,,,
0.8053975701332092,0.007581181570268731,0.014334440231323242,0.0014942052524736682,1.0,5.0,0.1,600.0,1.0,9,0.2,0.5,1.0,"{'subsample': 1.0, 'reg_lambda': 5.0, 'reg_alpha': 0.1, 'n_estimators': 600, 'min_child_weight': 1, 'max_depth': 9, 'learning_rate': 0.2, 'gamma': 0.5, 'colsample_bytree': 1.0}",0.979974626797281,0.901140674810737,0.704173610380612,0.8313189537508343,0.854151966434866,0.10130909920692469,13,XGBoost,2,person02,,,,,,,,,,,
0.3309909701347351,0.018017579519061595,0.007473945617675781,0.0007851102270298941,0.85,1.0,0.1,150.0,8.0,9,0.1,0.2,1.0,"{'subsample': 0.85, 'reg_lambda': 1.0, 'reg_alpha': 0.1, 'n_estimators': 150, 'min_child_weight': 8, 'max_depth': 9, 'learning_rate': 0.1, 'gamma': 0.2, 'colsample_bytree': 1.0}",0.983969357422015,0.9041647784323656,0.6695235731045559,0.8169573872924707,0.8436537740628518,0.11660196024895968,22,XGBoost,2,person02,,,,,,,,,,,
0.5806416869163513,0.05231244169762174,0.00926297903060913,0.0007382808559326445,1.0,0.5,0.01,150.0,1.0,9,0.05,0.0,1.0,"{'subsample': 1.0, 'reg_lambda': 0.5, 'reg_alpha': 0.01, 'n_estimators': 150, 'min_child_weight': 1, 'max_depth': 9, 'learning_rate': 0.05, 'gamma': 0, 'colsample_bytree': 1.0}",0.9749424464132171,0.9063776321982321,0.6997731247731247,0.873456168143274,0.863637342881962,0.10144388807226717,2,XGBoost,2,person02,,,,,,,,,,,
0.3819688558578491,0.012620731919314815,0.00962156057357788,0.001704595272691622,1.0,5.0,0.01,250.0,1.0,3,0.2,0.05,1.0,"{'subsample': 1.0, 'reg_lambda': 5.0, 'reg_alpha': 0.01, 'n_estimators': 250, 'min_child_weight': 1, 'max_depth': 3, 'learning_rate': 0.2, 'gamma': 0.05, 'colsample_bytree': 1.0}",0.9781553719193076,0.8981239032962324,0.6951593879787453,0.8575803360346789,0.857254749807241,0.10315311491503042,6,XGBoost,2,person02,,,,,,,,,,,
0.4518706798553467,0.012216177170517034,0.008430719375610352,0.00025909359563496757,0.7,0.5,0.01,250.0,5.0,9,0.2,0.0,1.0,"{'subsample': 0.7, 'reg_lambda': 0.5, 'reg_alpha': 0.01, 'n_estimators': 250, 'min_child_weight': 5, 'max_depth': 9, 'learning_rate': 0.2, 'gamma': 0, 'colsample_bytree': 1.0}",0.9852750190124622,0.8971460091149794,0.6788372082522276,0.8169912712216437,0.8445623769003282,0.11268327673045564,21,XGBoost,2,person02,,,,,,,,,,,
1.2750449776649475,0.05743622665869209,0.016735434532165527,0.0016641985759703391,0.85,5.0,0.01,600.0,3.0,9,0.05,0.0,0.85,"{'subsample': 0.85, 'reg_lambda': 5.0, 'reg_alpha': 0.01, 'n_estimators': 600, 'min_child_weight': 3, 'max_depth': 9, 'learning_rate': 0.05, 'gamma': 0, 'colsample_bytree': 0.85}",0.9822345869882445,0.9071897643778479,0.6921224360183539,0.846991050195742,0.8571344593950471,0.106638914203271,7,XGBoost,2,person02,,,,,,,,,,,
0.7131386399269104,0.03690336492594412,0.011063635349273682,0.000755079156429718,0.7,5.0,0.0,250.0,8.0,7,0.02,0.5,1.0,"{'subsample': 0.7, 'reg_lambda': 5.0, 'reg_alpha': 0, 'n_estimators': 250, 'min_child_weight': 8, 'max_depth': 7, 'learning_rate': 0.02, 'gamma': 0.5, 'colsample_bytree': 1.0}",0.9762448017635464,0.8981239032962324,0.663893020085047,0.8113530220163128,0.8374036867902847,0.11591849345036535,23,XGBoost,2,person02,,,,,,,,,,,
0.9614243507385254,0.04835450710463846,0.014867663383483887,0.0008937666776957082,0.7,2.0,1.0,400.0,8.0,5,0.02,0.5,0.85,"{'subsample': 0.7, 'reg_lambda': 2.0, 'reg_alpha': 1.0, 'n_estimators': 400, 'min_child_weight': 8, 'max_depth': 5, 'learning_rate': 0.02, 'gamma': 0.5, 'colsample_bytree': 0.85}",0.9792477671822432,0.9023622947541452,0.681070866532823,0.8175715408963107,0.8450631173413805,0.11060963010265693,20,XGBoost,2,person02,,,,,,,,,,,
0.4595479965209961,0.03611358330706241,0.008194327354431152,0.0009336620491937244,1.0,5.0,0.01,150.0,8.0,7,0.02,0.05,1.0,"{'subsample': 1.0, 'reg_lambda': 5.0, 'reg_alpha': 0.01, 'n_estimators': 150, 'min_child_weight': 8, 'max_depth': 7, 'learning_rate': 0.02, 'gamma': 0.05, 'colsample_bytree': 1.0}",0.9821876296196144,0.8944897664884687,0.6511744010316662,0.8161886830529768,0.8360101200481815,0.12180400828913061,24,XGBoost,2,person02,,,,,,,,,,,
1.1754595041275024,0.020516418555051708,0.014641821384429932,0.0010543101861003306,0.7,0.5,1.0,600.0,3.0,3,0.05,0.2,1.0,"{'subsample': 0.7, 'reg_lambda': 0.5, 'reg_alpha': 1.0, 'n_estimators': 600, 'min_child_weight': 3, 'max_depth': 3, 'learning_rate': 0.05, 'gamma': 0.2, 'colsample_bytree': 1.0}",0.9829824706671854,0.9005496076777362,0.6949375532553876,0.8231781085469352,0.8504119350368111,0.10606919655438306,16,XGBoost,2,person02,,,,,,,,,,,
0.5231339335441589,0.017987986536328965,0.011317849159240723,0.0014844878765153955,0.7,1.0,1.0,250.0,8.0,3,0.05,0.05,0.7,"{'subsample': 0.7, 'reg_lambda': 1.0, 'reg_alpha': 1.0, 'n_estimators': 250, 'min_child_weight': 8, 'max_depth': 3, 'learning_rate': 0.05, 'gamma': 0.05, 'colsample_bytree': 0.7}",0.9835969446381911,0.8909623973366887,0.6887932859476921,0.8563333676013263,0.8549214988809746,0.10660311112721223,11,XGBoost,2,person02,,,,,,,,,,,
0.35500192642211914,0.024337126203980482,0.00879204273223877,0.0006809426307150578,1.0,0.5,0.0,150.0,5.0,5,0.05,0.5,0.7,"{'subsample': 1.0, 'reg_lambda': 0.5, 'reg_alpha': 0, 'n_estimators': 150, 'min_child_weight': 5, 'max_depth': 5, 'learning_rate': 0.05, 'gamma': 0.5, 'colsample_bytree': 0.7}",0.9731210666084615,0.907829526795044,0.7005627810792079,0.8514207020061761,0.8582335191222223,0.10070425593857868,4,XGBoost,2,person02,,,,,,,,,,,
0.4372290372848511,0.0159084741954894,0.009095489978790283,0.0015244963683486213,0.7,5.0,0.01,150.0,5.0,9,0.05,0.05,0.85,"{'subsample': 0.7, 'reg_lambda': 5.0, 'reg_alpha': 0.01, 'n_estimators': 150, 'min_child_weight': 5, 'max_depth': 9, 'learning_rate': 0.05, 'gamma': 0.05, 'colsample_bytree': 0.85}",0.9813307421049227,0.9037812314809505,0.6801292549425675,0.840081951481328,0.8513307950024421,0.11077853845947458,15,XGBoost,2,person02,,,,,,,,,,,
0.707746684551239,0.033278671754618815,0.013878703117370605,0.0012085300373941414,1.0,2.0,0.01,400.0,3.0,3,0.05,0.05,0.85,"{'subsample': 1.0, 'reg_lambda': 2.0, 'reg_alpha': 0.01, 'n_estimators': 400, 'min_child_weight': 3, 'max_depth': 3, 'learning_rate': 0.05, 'gamma': 0.05, 'colsample_bytree': 0.85}",0.981344591396598,0.9018308874014513,0.7033828643728777,0.8438359598362513,0.8575985757517945,0.10153997859806313,5,XGBoost,2,person02,,,,,,,,,,,
0.5853416919708252,0.03327322672196102,0.011076688766479492,0.0016783570919571117,0.85,0.5,0.0,150.0,1.0,5,0.02,0.0,0.7,"{'subsample': 0.85, 'reg_lambda': 0.5, 'reg_alpha': 0, 'n_estimators': 150, 'min_child_weight': 1, 'max_depth': 5, 'learning_rate': 0.02, 'gamma': 0, 'colsample_bytree': 0.7}",0.9783203745498593,0.9031835058470268,0.6797673068251742,0.8931138657531916,0.863596263243813,0.1111228436998389,3,XGBoost,2,person02,,,,,,,,,,,
0.2588733434677124,0.00156109913744903,0.008132517337799072,0.0009599308684814229,1.0,5.0,0.01,150.0,8.0,5,0.2,0.0,0.85,"{'subsample': 1.0, 'reg_lambda': 5.0, 'reg_alpha': 0.01, 'n_estimators': 150, 'min_child_weight': 8, 'max_depth': 5, 'learning_rate': 0.2, 'gamma': 0, 'colsample_bytree': 0.85}",0.9826635262191415,0.9037591535044845,0.6797255679495516,0.8321967408400921,0.8495862471283174,0.11157879643493863,17,XGBoost,2,person02,,,,,,,,,,,
0.3364623188972473,0.006259671558796698,0.008618056774139404,0.000568952892017319,1.0,1.0,0.1,150.0,5.0,3,0.05,0.05,0.85,"{'subsample': 1.0, 'reg_lambda': 1.0, 'reg_alpha': 0.1, 'n_estimators': 150, 'min_child_weight': 5, 'max_depth': 3, 'learning_rate': 0.05, 'gamma': 0.05, 'colsample_bytree': 0.85}",0.9850236220719196,0.9017642341491667,0.6932175137961702,0.8351696332609506,0.8537937508195519,0.10683402083514375,14,XGBoost,2,person02,,,,,,,,,,,
0.8217999339103699,0.03213241085015966,0.013315081596374512,0.0018271513705064542,0.85,2.0,0.1,400.0,8.0,7,0.05,0.0,0.7,"{'subsample': 0.85, 'reg_lambda': 2.0, 'reg_alpha': 0.1, 'n_estimators': 400, 'min_child_weight': 8, 'max_depth': 7, 'learning_rate': 0.05, 'gamma': 0, 'colsample_bytree': 0.7}",0.9844708599081453,0.8978400886650755,0.6857708679631589,0.8577032306150247,0.8564462617878511,0.10866855186213113,8,XGBoost,2,person02,,,,,,,,,,,
0.5951222777366638,0.04401650875711867,0.010616719722747803,0.0010326531439081908,1.0,5.0,0.0,250.0,5.0,7,0.05,0.0,1.0,"{'subsample': 1.0, 'reg_lambda': 5.0, 'reg_alpha': 0, 'n_estimators': 250, 'min_child_weight': 5, 'max_depth': 7, 'learning_rate': 0.05, 'gamma': 0, 'colsample_bytree': 1.0}",0.9894572119559143,0.9037591535044845,0.6976803554868071,0.8317849804594106,0.855670425351654,0.10693784023774083,9,XGBoost,2,person02,,,,,,,,,,,
0.5262981653213501,0.0127208548798945,0.009569406509399414,0.0006212373643168259,0.7,5.0,0.0,250.0,1.0,9,0.2,0.2,0.85,"{'subsample': 0.7, 'reg_lambda': 5.0, 'reg_alpha': 0, 'n_estimators': 250, 'min_child_weight': 1, 'max_depth': 9, 'learning_rate': 0.2, 'gamma': 0.2, 'colsample_bytree': 0.85}",0.9766691667951237,0.9033810994582794,0.6898875288855445,0.8873513552641902,0.8643222876007844,0.10618996545568271,1,XGBoost,2,person02,,,,,,,,,,,
0.6305589079856873,0.027606758249986606,0.01092749834060669,0.0007645709946145809,0.7,0.5,0.0,250.0,1.0,7,0.1,0.2,1.0,"{'subsample': 0.7, 'reg_lambda': 0.5, 'reg_alpha': 0, 'n_estimators': 250, 'min_child_weight': 1, 'max_depth': 7, 'learning_rate': 0.1, 'gamma': 0.2, 'colsample_bytree': 1.0}",0.9822308744341349,0.9063776321982321,0.6875705912391767,0.843751056370004,0.8549825385603869,0.10838184918466928,10,XGBoost,2,person02,,,,,,,,,,,
0.9765134453773499,0.007934156736066839,0.015950381755828857,0.0013440145537137382,0.85,5.0,1.0,600.0,8.0,5,0.2,0.2,0.85,"{'subsample': 0.85, 'reg_lambda': 5.0, 'reg_alpha': 1.0, 'n_estimators': 600, 'min_child_weight': 8, 'max_depth': 5, 'learning_rate': 0.2, 'gamma': 0.2, 'colsample_bytree': 0.85}",0.9805538215777914,0.893806558430326,0.6819265066515472,0.8365586166214478,0.8482113758202781,0.10883460862443049,19,XGBoost,2,person02,,,,,,,,,,,
0.26007258892059326,0.011097219183278044,0.007565677165985107,0.00046180485971311413,1.0,1.0,1.0,150.0,5.0,9,0.2,0.05,1.0,"{'subsample': 1.0, 'reg_lambda': 1.0, 'reg_alpha': 1.0, 'n_estimators': 150, 'min_child_weight': 5, 'max_depth': 9, 'learning_rate': 0.2, 'gamma': 0.05, 'colsample_bytree': 1.0}",0.9838600060285633,0.9055687130539822,0.6949181893543408,0.8339145579701607,0.8545653666017619,0.10633922398865847,12,XGBoost,2,person02,,,,,,,,,,,
0.251639723777771,0.01647660716371932,0.008593261241912842,0.0021881919729625967,1.0,0.5,1.0,150.0,8.0,7,0.2,0.05,1.0,"{'subsample': 1.0, 'reg_lambda': 0.5, 'reg_alpha': 1.0, 'n_estimators': 150, 'min_child_weight': 8, 'max_depth': 7, 'learning_rate': 0.2, 'gamma': 0.05, 'colsample_bytree': 1.0}",0.9744851123141911,0.8952818113391552,0.5561302121738717,0.8953040307320075,0.8303002916398063,0.1615600344962092,15,XGBoost,3,person03,,,,,,,,,,,
0.9665201306343079,0.011657744411223359,0.016539335250854492,0.003218156290917126,1.0,5.0,0.1,600.0,1.0,9,0.2,0.5,1.0,"{'subsample': 1.0, 'reg_lambda': 5.0, 'reg_alpha': 0.1, 'n_estimators': 600, 'min_child_weight': 1, 'max_depth': 9, 'learning_rate': 0.2, 'gamma': 0.5, 'colsample_bytree': 1.0}",0.9723721671446827,0.8962489647651144,0.5732469831534766,0.9042406421952209,0.8365271893146236,0.1548564876925383,4,XGBoost,3,person03,,,,,,,,,,,
0.3908963203430176,0.028303587001545095,0.009775817394256592,0.0009567899975745923,0.85,1.0,0.1,150.0,8.0,9,0.1,0.2,1.0,"{'subsample': 0.85, 'reg_lambda': 1.0, 'reg_alpha': 0.1, 'n_estimators': 150, 'min_child_weight': 8, 'max_depth': 9, 'learning_rate': 0.1, 'gamma': 0.2, 'colsample_bytree': 1.0}",0.9774995890482489,0.8952818113391552,0.5540884397278149,0.8940919722550642,0.8302404530925707,0.16298204072054995,16,XGBoost,3,person03,,,,,,,,,,,
0.7214000821113586,0.10837479498489848,0.010942816734313965,0.0015211944786739007,1.0,0.5,0.01,150.0,1.0,9,0.05,0.0,1.0,"{'subsample': 1.0, 'reg_lambda': 0.5, 'reg_alpha': 0.01, 'n_estimators': 150, 'min_child_weight': 1, 'max_depth': 9, 'learning_rate': 0.05, 'gamma': 0, 'colsample_bytree': 1.0}",0.9724201933865335,0.852304260124832,0.5592857142857143,0.8826405662277986,0.8166626835062196,0.1550215381499712,24,XGBoost,3,person03,,,,,,,,,,,
0.4168664216995239,0.019729396968543207,0.009321212768554688,0.0006957562740447667,1.0,5.0,0.01,250.0,1.0,3,0.2,0.05,1.0,"{'subsample': 1.0, 'reg_lambda': 5.0, 'reg_alpha': 0.01, 'n_estimators': 250, 'min_child_weight': 1, 'max_depth': 3, 'learning_rate': 0.2, 'gamma': 0.05, 'colsample_bytree': 1.0}",0.9725690038380121,0.8983580234917601,0.556858554906414,0.8885635321198899,0.8290872785890191,0.1604924798173864,17,XGBoost,3,person03,,,,,,,,,,,
0.510418713092804,0.039967320787691364,0.009073138236999512,0.00012212297907177386,0.7,0.5,0.01,250.0,5.0,9,0.2,0.0,1.0,"{'subsample': 0.7, 'reg_lambda': 0.5, 'reg_alpha': 0.01, 'n_estimators': 250, 'min_child_weight': 5, 'max_depth': 9, 'learning_rate': 0.2, 'gamma': 0, 'colsample_bytree': 1.0}",0.9788167512873223,0.8839953485517787,0.5597995719949643,0.8718966831712043,0.8236270887513173,0.1578472920995631,20,XGBoost,3,person03,,,,,,,,,,,
1.456546425819397,0.11688231109932001,0.01983124017715454,0.002558461942656083,0.85,5.0,0.01,600.0,3.0,9,0.05,0.0,0.85,"{'subsample': 0.85, 'reg_lambda': 5.0, 'reg_alpha': 0.01, 'n_estimators': 600, 'min_child_weight': 3, 'max_depth': 9, 'learning_rate': 0.05, 'gamma': 0, 'colsample_bytree': 0.85}",0.9841289546251643,0.8930822278626502,0.5570836274552016,0.9029384998787837,0.8343083274554499,0.16390868383926938,7,XGBoost,3,person03,,,,,,,,,,,
0.7610878348350525,0.060859365139577126,0.011913478374481201,0.0013727970296023666,0.7,5.0,0.0,250.0,8.0,7,0.02,0.5,1.0,"{'subsample': 0.7, 'reg_lambda': 5.0, 'reg_alpha': 0, 'n_estimators': 250, 'min_child_weight': 8, 'max_depth': 7, 'learning_rate': 0.02, 'gamma': 0.5, 'colsample_bytree': 1.0}",0.9750398876309319,0.8895426961944581,0.5466957440363874,0.8717420465947517,0.8207550936141323,0.16297524996052284,23,XGBoost,3,person03,,,,,,,,,,,
1.025110900402069,0.05770525301261129,0.015800952911376953,0.0016535708291469857,0.7,2.0,1.0,400.0,8.0,5,0.02,0.5,0.85,"{'subsample': 0.7, 'reg_lambda': 2.0, 'reg_alpha': 1.0, 'n_estimators': 400, 'min_child_weight': 8, 'max_depth': 5, 'learning_rate': 0.02, 'gamma': 0.5, 'colsample_bytree': 0.85}",0.9783361102584819,0.901523516007122,0.5511948240387919,0.8765948037865358,0.826912313522733,0.1635424116247647,18,XGBoost,3,person03,,,,,,,,,,,
0.5167436003684998,0.05878646094581265,0.009968876838684082,0.0008808279217654737,1.0,5.0,0.01,150.0,8.0,7,0.02,0.05,1.0,"{'subsample': 1.0, 'reg_lambda': 5.0, 'reg_alpha': 0.01, 'n_estimators': 150, 'min_child_weight': 8, 'max_depth': 7, 'learning_rate': 0.02, 'gamma': 0.05, 'colsample_bytree': 1.0}",0.9687505177703948,0.8905908643342872,0.5643207713068507,0.8656923060426468,0.8223386148635449,0.1537429388647825,22,XGBoost,3,person03,,,,,,,,,,,
1.1919955611228943,0.04007297031323802,0.01574563980102539,0.0007582107232184732,0.7,0.5,1.0,600.0,3.0,3,0.05,0.2,1.0,"{'subsample': 0.7, 'reg_lambda': 0.5, 'reg_alpha': 1.0, 'n_estimators': 600, 'min_child_weight': 3, 'max_depth': 3, 'learning_rate': 0.05, 'gamma': 0.2, 'colsample_bytree': 1.0}",0.9774170329569025,0.8985868800127074,0.5571933459994379,0.8956480185439,0.832211319378237,0.16213382958828051,13,XGBoost,3,person03,,,,,,,,,,,
0.5471215844154358,0.022349163263601344,0.011011719703674316,0.0004942312627083796,0.7,1.0,1.0,250.0,8.0,3,0.05,0.05,0.7,"{'subsample': 0.7, 'reg_lambda': 1.0, 'reg_alpha': 1.0, 'n_estimators': 250, 'min_child_weight': 8, 'max_depth': 3, 'learning_rate': 0.05, 'gamma': 0.05, 'colsample_bytree': 0.7}",0.9817208293230939,0.9039638980511352,0.5651693147477672,0.900029118635032,0.837720790189257,0.1606944267614675,2,XGBoost,3,person03,,,,,,,,,,,
0.375774621963501,0.03188556617008353,0.009804069995880127,0.0016724239916306083,1.0,0.5,0.0,150.0,5.0,5,0.05,0.5,0.7,"{'subsample': 1.0, 'reg_lambda': 0.5, 'reg_alpha': 0, 'n_estimators': 150, 'min_child_weight': 5, 'max_depth': 5, 'learning_rate': 0.05, 'gamma': 0.5, 'colsample_bytree': 0.7}",0.9787070841739723,0.8998051972549388,0.5637854033337724,0.9131721876525828,0.8388674681038165,0.16160125213168655,1,XGBoost,3,person03,,,,,,,,,,,
0.4708210825920105,0.04274407058744309,0.009786427021026611,0.0009611341268998169,0.7,5.0,0.01,150.0,5.0,9,0.05,0.05,0.85,"{'subsample': 0.7, 'reg_lambda': 5.0, 'reg_alpha': 0.01, 'n_estimators': 150, 'min_child_weight': 5, 'max_depth': 9, 'learning_rate': 0.05, 'gamma': 0.05, 'colsample_bytree': 0.85}",0.9787070841739723,0.901523516007122,0.5429028967478122,0.8822887292565414,0.826355556546362,0.16758217406414394,19,XGBoost,3,person03,,,,,,,,,,,
0.783894419670105,0.04843983367913386,0.01584106683731079,0.00248412432120161,1.0,2.0,0.01,400.0,3.0,3,0.05,0.05,0.85,"{'subsample': 1.0, 'reg_lambda': 2.0, 'reg_alpha': 0.01, 'n_estimators': 400, 'min_child_weight': 3, 'max_depth': 3, 'learning_rate': 0.05, 'gamma': 0.05, 'colsample_bytree': 0.85}",0.9726163409791461,0.8998706989035283,0.5593611779207737,0.8993481281199527,0.8327990864808502,0.16065843475305847,12,XGBoost,3,person03,,,,,,,,,,,
0.6140906810760498,0.03371522750769024,0.010269343852996826,0.0005788387319935489,0.85,0.5,0.0,150.0,1.0,5,0.02,0.0,0.7,"{'subsample': 0.85, 'reg_lambda': 0.5, 'reg_alpha': 0, 'n_estimators': 150, 'min_child_weight': 1, 'max_depth': 5, 'learning_rate': 0.02, 'gamma': 0, 'colsample_bytree': 0.7}",0.9779253075499975,0.8971627825973428,0.5556184585999251,0.9126163925687066,0.835830735328993,0.16459605452760698,6,XGBoost,3,person03,,,,,,,,,,,
0.27475184202194214,0.021261858323212784,0.008323132991790771,0.0014843620150605421,1.0,5.0,0.01,150.0,8.0,5,0.2,0.0,0.85,"{'subsample': 1.0, 'reg_lambda': 5.0, 'reg_alpha': 0.01, 'n_estimators': 150, 'min_child_weight': 8, 'max_depth': 5, 'learning_rate': 0.2, 'gamma': 0, 'colsample_bytree': 0.85}",0.9833868665110214,0.8939377372733343,0.5572119680231753,0.8986547639323736,0.8332978339349761,0.1633239489721671,11,XGBoost,3,person03,,,,,,,,,,,
0.32851988077163696,0.015609692007690898,0.008904218673706055,0.0005799988785497304,1.0,1.0,0.1,150.0,5.0,3,0.05,0.05,0.85,"{'subsample': 1.0, 'reg_lambda': 1.0, 'reg_alpha': 0.1, 'n_estimators': 150, 'min_child_weight': 5, 'max_depth': 3, 'learning_rate': 0.05, 'gamma': 0.05, 'colsample_bytree': 0.85}",0.9731577343406322,0.898879666400844,0.5560894442766271,0.905354723190089,0.8333703920520481,0.1627101979121457,10,XGBoost,3,person03,,,,,,,,,,,
0.8456578254699707,0.044039948799678305,0.013230979442596436,0.0009366819746906813,0.85,2.0,0.1,400.0,8.0,7,0.05,0.0,0.7,"{'subsample': 0.85, 'reg_lambda': 2.0, 'reg_alpha': 0.1, 'n_estimators': 400, 'min_child_weight': 8, 'max_depth': 7, 'learning_rate': 0.05, 'gamma': 0, 'colsample_bytree': 0.7}",0.9853963907816393,0.8976640819114104,0.5637255812482997,0.8997728937501352,0.8366397369228712,0.16149337804309327,3,XGBoost,3,person03,,,,,,,,,,,
0.6775599122047424,0.08107126341535932,0.012015223503112793,0.0009219782786721434,1.0,5.0,0.0,250.0,5.0,7,0.05,0.0,1.0,"{'subsample': 1.0, 'reg_lambda': 5.0, 'reg_alpha': 0, 'n_estimators': 250, 'min_child_weight': 5, 'max_depth': 7, 'learning_rate': 0.05, 'gamma': 0, 'colsample_bytree': 1.0}",0.980068568731917,0.901523516007122,0.5569767702963061,0.8986309778379793,0.834299958218331,0.16341215161164022,8,XGBoost,3,person03,,,,,,,,,,,
0.5409219264984131,0.029162768786037078,0.010599076747894287,0.0010892432099941579,0.7,5.0,0.0,250.0,1.0,9,0.2,0.2,0.85,"{'subsample': 0.7, 'reg_lambda': 5.0, 'reg_alpha': 0, 'n_estimators': 250, 'min_child_weight': 1, 'max_depth': 9, 'learning_rate': 0.2, 'gamma': 0.2, 'colsample_bytree': 0.85}",0.9819669800061956,0.8963943150785032,0.5564164766176533,0.9098969305032797,0.836168675551408,0.16475847597685062,5,XGBoost,3,person03,,,,,,,,,,,
0.6141817569732666,0.048601819561514374,0.009580373764038086,0.00102523705226612,0.7,0.5,0.0,250.0,1.0,7,0.1,0.2,1.0,"{'subsample': 0.7, 'reg_lambda': 0.5, 'reg_alpha': 0, 'n_estimators': 250, 'min_child_weight': 1, 'max_depth': 7, 'learning_rate': 0.1, 'gamma': 0.2, 'colsample_bytree': 1.0}",0.9757173706746735,0.886219611029625,0.5489671629123982,0.8792089118754018,0.8225282641230247,0.16245911944399197,21,XGBoost,3,person03,,,,,,,,,,,
0.9997371435165405,0.038699683398038746,0.014846205711364746,0.0012903553425797078,0.85,5.0,1.0,600.0,8.0,5,0.2,0.2,0.85,"{'subsample': 0.85, 'reg_lambda': 5.0, 'reg_alpha': 1.0, 'n_estimators': 600, 'min_child_weight': 8, 'max_depth': 5, 'learning_rate': 0.2, 'gamma': 0.2, 'colsample_bytree': 0.85}",0.980695646737054,0.8974498174775305,0.5506556933771464,0.8964184521061156,0.8313049024244616,0.16560230762634087,14,XGBoost,3,person03,,,,,,,,,,,
0.265231192111969,0.020282058222713204,0.008858144283294678,0.0014994487086668808,1.0,1.0,1.0,150.0,5.0,9,0.2,0.05,1.0,"{'subsample': 1.0, 'reg_lambda': 1.0, 'reg_alpha': 1.0, 'n_estimators': 150, 'min_child_weight': 5, 'max_depth': 9, 'learning_rate': 0.2, 'gamma': 0.05, 'colsample_bytree': 1.0}",0.9800173577592026,0.8953663660730382,0.5605237674454328,0.8976023954803203,0.8333774716894984,0.1611830201735549,9,XGBoost,3,person03,,,,,,,,,,,
0.26165491342544556,0.007604935374692927,0.008493304252624512,0.0015733623964267036,1.0,0.5,1.0,150.0,8.0,7,0.2,0.05,1.0,"{'subsample': 1.0, 'reg_lambda': 0.5, 'reg_alpha': 1.0, 'n_estimators': 150, 'min_child_weight': 8, 'max_depth': 7, 'learning_rate': 0.2, 'gamma': 0.05, 'colsample_bytree': 1.0}",0.9829072292996214,0.911326530612245,0.8643815708101422,0.8118653211010554,0.892620162955766,0.06288967544284459,3,XGBoost,4,person04,,,,,,,,,,,
0.8654972910881042,0.01975245037099894,0.015188276767730713,0.0016627924610732017,1.0,5.0,0.1,600.0,1.0,9,0.2,0.5,1.0,"{'subsample': 1.0, 'reg_lambda': 5.0, 'reg_alpha': 0.1, 'n_estimators': 600, 'min_child_weight': 1, 'max_depth': 9, 'learning_rate': 0.2, 'gamma': 0.5, 'colsample_bytree': 1.0}",0.9750008473401135,0.906416569096014,0.8609106152995477,0.8157400924471786,0.8895170310457134,0.05885244456558868,10,XGBoost,4,person04,,,,,,,,,,,
0.36099541187286377,0.02563995655228669,0.007997870445251465,0.0014374199633582984,0.85,1.0,0.1,150.0,8.0,9,0.1,0.2,1.0,"{'subsample': 0.85, 'reg_lambda': 1.0, 'reg_alpha': 0.1, 'n_estimators': 150, 'min_child_weight': 8, 'max_depth': 9, 'learning_rate': 0.1, 'gamma': 0.2, 'colsample_bytree': 1.0}",0.9920107046793801,0.909865880157211,0.8556244690122861,0.8074638965809033,0.8912412376074452,0.06853568391485368,6,XGBoost,4,person04,,,,,,,,,,,
0.7088973522186279,0.0819085164295982,0.011113107204437256,0.0011433881110503833,1.0,0.5,0.01,150.0,1.0,9,0.05,0.0,1.0,"{'subsample': 1.0, 'reg_lambda': 0.5, 'reg_alpha': 0.01, 'n_estimators': 150, 'min_child_weight': 1, 'max_depth': 9, 'learning_rate': 0.05, 'gamma': 0, 'colsample_bytree': 1.0}",0.9651345074938424,0.9003015719782508,0.840391315957241,0.8222811424012766,0.8820271344576527,0.055999811313678594,22,XGBoost,4,person04,,,,,,,,,,,
0.418393611907959,0.014201893449145006,0.008941590785980225,0.0007670288158710647,1.0,5.0,0.01,250.0,1.0,3,0.2,0.05,1.0,"{'subsample': 1.0, 'reg_lambda': 5.0, 'reg_alpha': 0.01, 'n_estimators': 250, 'min_child_weight': 1, 'max_depth': 3, 'learning_rate': 0.2, 'gamma': 0.05, 'colsample_bytree': 1.0}",0.9775460710862471,0.8706732881898153,0.8643658520054889,0.7924637358583934,0.8762622367849862,0.06605559053844494,24,XGBoost,4,person04,,,,,,,,,,,
0.5021780729293823,0.03557646886756632,0.01107633113861084,0.003022007572601812,0.7,0.5,0.01,250.0,5.0,9,0.2,0.0,1.0,"{'subsample': 0.7, 'reg_lambda': 0.5, 'reg_alpha': 0.01, 'n_estimators': 250, 'min_child_weight': 5, 'max_depth': 9, 'learning_rate': 0.2, 'gamma': 0, 'colsample_bytree': 1.0}",0.9927511456932321,0.90762661679978,0.8532230578805975,0.8343893879223291,0.8969975520739847,0.06147706130800468,1,XGBoost,4,person04,,,,,,,,,,,
1.437102735042572,0.08567333143100157,0.01884990930557251,0.0008283332327664965,0.85,5.0,0.01,600.0,3.0,9,0.05,0.0,0.85,"{'subsample': 0.85, 'reg_lambda': 5.0, 'reg_alpha': 0.01, 'n_estimators': 600, 'min_child_weight': 3, 'max_depth': 9, 'learning_rate': 0.05, 'gamma': 0, 'colsample_bytree': 0.85}",0.986300788690619,0.8809656894443733,0.8734588298968428,0.7947725064364185,0.8838744536170634,0.06809415766876822,21,XGBoost,4,person04,,,,,,,,,,,
0.7824907898902893,0.06525520269181838,0.011229157447814941,0.0013633579950940744,0.7,5.0,0.0,250.0,8.0,7,0.02,0.5,1.0,"{'subsample': 0.7, 'reg_lambda': 5.0, 'reg_alpha': 0, 'n_estimators': 250, 'min_child_weight': 8, 'max_depth': 7, 'learning_rate': 0.02, 'gamma': 0.5, 'colsample_bytree': 1.0}",0.9761639855720194,0.9052166045721703,0.8390670860668981,0.82512907707241,0.8863941883208746,0.06001284928266152,17,XGBoost,4,person04,,,,,,,,,,,
1.0101584792137146,0.005560363654025843,0.014993786811828613,0.00042582831398426014,0.7,2.0,1.0,400.0,8.0,5,0.02,0.5,0.85,"{'subsample': 0.7, 'reg_lambda': 2.0, 'reg_alpha': 1.0, 'n_estimators': 400, 'min_child_weight': 8, 'max_depth': 5, 'learning_rate': 0.02, 'gamma': 0.5, 'colsample_bytree': 0.85}",0.9812034988754046,0.9110942871173678,0.8556699493308279,0.8052338311523924,0.8883003916189982,0.06541282030603754,13,XGBoost,4,person04,,,,,,,,,,,
0.5119836926460266,0.0199971724794162,0.009361028671264648,0.0014564413282302084,1.0,5.0,0.01,150.0,8.0,7,0.02,0.05,1.0,"{'subsample': 1.0, 'reg_lambda': 5.0, 'reg_alpha': 0.01, 'n_estimators': 150, 'min_child_weight': 8, 'max_depth': 7, 'learning_rate': 0.02, 'gamma': 0.05, 'colsample_bytree': 1.0}",0.9649848182251882,0.9052166045721703,0.8323514196878454,0.8482708644101236,0.8877059267238319,0.05219649533079263,15,XGBoost,4,person04,,,,,,,,,,,
1.1773655414581299,0.0224613640473832,0.01542520523071289,0.0006297954594673971,0.7,0.5,1.0,600.0,3.0,3,0.05,0.2,1.0,"{'subsample': 0.7, 'reg_lambda': 0.5, 'reg_alpha': 1.0, 'n_estimators': 600, 'min_child_weight': 3, 'max_depth': 3, 'learning_rate': 0.05, 'gamma': 0.2, 'colsample_bytree': 1.0}",0.9799164494118512,0.9078889913675181,0.8627881342301712,0.7949230498465896,0.8863791562140324,0.06732877159365246,18,XGBoost,4,person04,,,,,,,,,,,
0.5311787724494934,0.007296369533519914,0.009741663932800293,0.0016349430462727786,0.7,1.0,1.0,250.0,8.0,3,0.05,0.05,0.7,"{'subsample': 0.7, 'reg_lambda': 1.0, 'reg_alpha': 1.0, 'n_estimators': 250, 'min_child_weight': 8, 'max_depth': 3, 'learning_rate': 0.05, 'gamma': 0.05, 'colsample_bytree': 0.7}",0.9819836487922297,0.9086655262480227,0.8648698532046255,0.8049331086522521,0.8901130342242826,0.06457019956959839,9,XGBoost,4,person04,,,,,,,,,,,
0.3642759323120117,0.02302285767300475,0.00952237844467163,0.0013888276116573082,1.0,0.5,0.0,150.0,5.0,5,0.05,0.5,0.7,"{'subsample': 1.0, 'reg_lambda': 0.5, 'reg_alpha': 0, 'n_estimators': 150, 'min_child_weight': 5, 'max_depth': 5, 'learning_rate': 0.05, 'gamma': 0.5, 'colsample_bytree': 0.7}",0.9771428130139683,0.9093562441114013,0.869448156986744,0.8011446720099893,0.8892729715305258,0.06380452046673456,11,XGBoost,4,person04,,,,,,,,,,,
0.46856939792633057,0.025046673066105963,0.009635388851165771,0.0005711939543048174,0.7,5.0,0.01,150.0,5.0,9,0.05,0.05,0.85,"{'subsample': 0.7, 'reg_lambda': 5.0, 'reg_alpha': 0.01, 'n_estimators': 150, 'min_child_weight': 5, 'max_depth': 9, 'learning_rate': 0.05, 'gamma': 0.05, 'colsample_bytree': 0.85}",0.980277599995447,0.9110942871173678,0.8562775083525178,0.8092529117670468,0.8892255768080948,0.06373757483977183,12,XGBoost,4,person04,,,,,,,,,,,
0.7511634826660156,0.042082025894948735,0.01324683427810669,0.0011742064598744954,1.0,2.0,0.01,400.0,3.0,3,0.05,0.05,0.85,"{'subsample': 1.0, 'reg_lambda': 2.0, 'reg_alpha': 0.01, 'n_estimators': 400, 'min_child_weight': 3, 'max_depth': 3, 'learning_rate': 0.05, 'gamma': 0.05, 'colsample_bytree': 0.85}",0.9857322058814596,0.8750559976376532,0.8553624926266852,0.7971211924149805,0.8783179721401946,0.06831604709970863,23,XGBoost,4,person04,,,,,,,,,,,
0.6211996078491211,0.03908834533667428,0.010543286800384521,9.271162889643871e-05,0.85,0.5,0.0,150.0,1.0,5,0.02,0.0,0.7,"{'subsample': 0.85, 'reg_lambda': 0.5, 'reg_alpha': 0, 'n_estimators': 150, 'min_child_weight': 1, 'max_depth': 5, 'learning_rate': 0.02, 'gamma': 0, 'colsample_bytree': 0.7}",0.9739893694746571,0.9122755624362104,0.8455637901008035,0.8103439094415111,0.8855431578632955,0.06283038797536901,19,XGBoost,4,person04,,,,,,,,,,,
0.27269625663757324,0.016088472775752,0.008050858974456787,0.000836870717165633,1.0,5.0,0.01,150.0,8.0,5,0.2,0.0,0.85,"{'subsample': 1.0, 'reg_lambda': 5.0, 'reg_alpha': 0.01, 'n_estimators': 150, 'min_child_weight': 8, 'max_depth': 5, 'learning_rate': 0.2, 'gamma': 0, 'colsample_bytree': 0.85}",0.9888736597938568,0.9140136054421768,0.8737767873808266,0.8022750977194586,0.8947347875840798,0.06749413326600301,2,XGBoost,4,person04,,,,,,,,,,,
0.3376542925834656,0.014106248311998807,0.007946491241455078,0.0006521742490379535,1.0,1.0,0.1,150.0,5.0,3,0.05,0.05,0.85,"{'subsample': 1.0, 'reg_lambda': 1.0, 'reg_alpha': 0.1, 'n_estimators': 150, 'min_child_weight': 5, 'max_depth': 3, 'learning_rate': 0.05, 'gamma': 0.05, 'colsample_bytree': 0.85}",0.9754182555489351,0.9029949846827644,0.8491137886260698,0.8082899370621512,0.8839542414799801,0.06258426297684547,20,XGBoost,4,person04,,,,,,,,,,,
0.862848699092865,0.040999970918705414,0.015661001205444336,0.0023001905698619885,0.85,2.0,0.1,400.0,8.0,7,0.05,0.0,0.7,"{'subsample': 0.85, 'reg_lambda': 2.0, 'reg_alpha': 0.1, 'n_estimators': 400, 'min_child_weight': 8, 'max_depth': 7, 'learning_rate': 0.05, 'gamma': 0, 'colsample_bytree': 0.7}",0.9875918146531254,0.9110942871173678,0.8681090231483819,0.8026796592231606,0.8923686960355091,0.06717653074837004,4,XGBoost,4,person04,,,,,,,,,,,
0.6945979595184326,0.07808038451021859,0.01236426830291748,0.0013482275783795255,1.0,5.0,0.0,250.0,5.0,7,0.05,0.0,1.0,"{'subsample': 1.0, 'reg_lambda': 5.0, 'reg_alpha': 0, 'n_estimators': 250, 'min_child_weight': 5, 'max_depth': 7, 'learning_rate': 0.05, 'gamma': 0, 'colsample_bytree': 1.0}",0.9836660901789803,0.9090887805811991,0.8725375475486159,0.8015449104369733,0.8917093321864421,0.0656796597939947,5,XGBoost,4,person04,,,,,,,,,,,
0.5474894642829895,0.018584604059015363,0.01005476713180542,0.0021951778067926158,0.7,5.0,0.0,250.0,1.0,9,0.2,0.2,0.85,"{'subsample': 0.7, 'reg_lambda': 5.0, 'reg_alpha': 0, 'n_estimators': 250, 'min_child_weight': 1, 'max_depth': 9, 'learning_rate': 0.2, 'gamma': 0.2, 'colsample_bytree': 0.85}",0.9816075992937686,0.8995375650039784,0.8715353885410779,0.8099351114217734,0.8906539160651497,0.06171007865224395,8,XGBoost,4,person04,,,,,,,,,,,
0.6426152586936951,0.0361208936331318,0.009632229804992676,0.0013641849157581983,0.7,0.5,0.0,250.0,1.0,7,0.1,0.2,1.0,"{'subsample': 0.7, 'reg_lambda': 0.5, 'reg_alpha': 0, 'n_estimators': 250, 'min_child_weight': 1, 'max_depth': 7, 'learning_rate': 0.1, 'gamma': 0.2, 'colsample_bytree': 1.0}",0.983250140478285,0.907593152826832,0.8549950554525975,0.8024438448812039,0.8870705484097295,0.06682478473792977,16,XGBoost,4,person04,,,,,,,,,,,
1.0583358407020569,0.031556414599418076,0.014699041843414307,0.0008020301135111329,0.85,5.0,1.0,600.0,8.0,5,0.2,0.2,0.85,"{'subsample': 0.85, 'reg_lambda': 5.0, 'reg_alpha': 1.0, 'n_estimators': 600, 'min_child_weight': 8, 'max_depth': 5, 'learning_rate': 0.2, 'gamma': 0.2, 'colsample_bytree': 0.85}",0.985514414463373,0.9110942871173678,0.8650763390991504,0.8025416934903582,0.8910566835425623,0.06677134536810952,7,XGBoost,4,person04,,,,,,,,,,,
0.2800532579421997,0.010244774405498955,0.007172942161560059,0.0004805098151799848,1.0,1.0,1.0,150.0,5.0,9,0.2,0.05,1.0,"{'subsample': 1.0, 'reg_lambda': 1.0, 'reg_alpha': 1.0, 'n_estimators': 150, 'min_child_weight': 5, 'max_depth': 9, 'learning_rate': 0.2, 'gamma': 0.05, 'colsample_bytree': 1.0}",0.9845706735510091,0.9073673985336548,0.8559526411969864,0.8040153106671484,0.8879765059871998,0.06667355202171085,14,XGBoost,4,person04,,,,,,,,,,,
0.2581062912940979,0.008733354604700044,0.008408010005950928,0.0011468459969689183,1.0,0.5,1.0,150.0,8.0,7,0.2,0.05,1.0,"{'subsample': 1.0, 'reg_lambda': 0.5, 'reg_alpha': 1.0, 'n_estimators': 150, 'min_child_weight': 8, 'max_depth': 7, 'learning_rate': 0.2, 'gamma': 0.05, 'colsample_bytree': 1.0}",0.9836536419209483,0.8805032882718304,0.6993517945316766,0.8830419528321599,0.8616376693891538,0.10251665432585981,13,XGBoost,5,person05,,,,,,,,,,,
0.8601787090301514,0.02845574993465211,0.016179919242858887,0.002229966209386794,1.0,5.0,0.1,600.0,1.0,9,0.2,0.5,1.0,"{'subsample': 1.0, 'reg_lambda': 5.0, 'reg_alpha': 0.1, 'n_estimators': 600, 'min_child_weight': 1, 'max_depth': 9, 'learning_rate': 0.2, 'gamma': 0.5, 'colsample_bytree': 1.0}",0.9752694303812028,0.8796314635670175,0.6963343739727788,0.8967823583200796,0.8620044065602697,0.10222003764676432,12,XGBoost,5,person05,,,,,,,,,,,
0.3637312054634094,0.02457653567992943,0.00874406099319458,0.0011540908290852817,0.85,1.0,0.1,150.0,8.0,9,0.1,0.2,1.0,"{'subsample': 0.85, 'reg_lambda': 1.0, 'reg_alpha': 0.1, 'n_estimators': 150, 'min_child_weight': 8, 'max_depth': 9, 'learning_rate': 0.1, 'gamma': 0.2, 'colsample_bytree': 1.0}",0.9875928592173223,0.8772436640042274,0.69489519898164,0.9044962336391682,0.8660569889605894,0.10685275305046076,8,XGBoost,5,person05,,,,,,,,,,,
0.7216784954071045,0.07217173836797428,0.0115165114402771,0.00254973026854556,1.0,0.5,0.01,150.0,1.0,9,0.05,0.0,1.0,"{'subsample': 1.0, 'reg_lambda': 0.5, 'reg_alpha': 0.01, 'n_estimators': 150, 'min_child_weight': 1, 'max_depth': 9, 'learning_rate': 0.05, 'gamma': 0, 'colsample_bytree': 1.0}",0.9684223121095091,0.8973763993068673,0.7066593058518648,0.8675704060561388,0.860007105831095,0.09581632469996128,18,XGBoost,5,person05,,,,,,,,,,,
0.42371314764022827,0.012530590540089943,0.010115504264831543,0.0007086943737726934,1.0,5.0,0.01,250.0,1.0,3,0.2,0.05,1.0,"{'subsample': 1.0, 'reg_lambda': 5.0, 'reg_alpha': 0.01, 'n_estimators': 250, 'min_child_weight': 1, 'max_depth': 3, 'learning_rate': 0.2, 'gamma': 0.05, 'colsample_bytree': 1.0}",0.9810368543245571,0.8496843036563131,0.7005675300632201,0.8907328400590613,0.8555053820257879,0.10129011212988763,23,XGBoost,5,person05,,,,,,,,,,,
0.5133965015411377,0.014663711115594098,0.00918203592300415,0.0008072159203986594,0.7,0.5,0.01,250.0,5.0,9,0.2,0.0,1.0,"{'subsample': 0.7, 'reg_lambda': 0.5, 'reg_alpha': 0.01, 'n_estimators': 250, 'min_child_weight': 5, 'max_depth': 9, 'learning_rate': 0.2, 'gamma': 0, 'colsample_bytree': 1.0}",0.9875721213041787,0.867690658301337,0.7373222315666824,0.8949696962300375,0.8718886768505589,0.08950020158123631,4,XGBoost,5,person05,,,,,,,,,,,
1.4508322477340698,0.07508287568471389,0.020396888256072998,0.003618492152859067,0.85,5.0,0.01,600.0,3.0,9,0.05,0.0,0.85,"{'subsample': 0.85, 'reg_lambda': 5.0, 'reg_alpha': 0.01, 'n_estimators': 600, 'min_child_weight': 3, 'max_depth': 9, 'learning_rate': 0.05, 'gamma': 0, 'colsample_bytree': 0.85}",0.9879420453880531,0.8781657002522291,0.6991247562844374,0.9083049474689313,0.8683843623484127,0.10563164950228274,7,XGBoost,5,person05,,,,,,,,,,,
0.7581663131713867,0.037710623982076696,0.010215520858764648,0.00041135375966495647,0.7,5.0,0.0,250.0,8.0,7,0.02,0.5,1.0,"{'subsample': 0.7, 'reg_lambda': 5.0, 'reg_alpha': 0, 'n_estimators': 250, 'min_child_weight': 8, 'max_depth': 7, 'learning_rate': 0.02, 'gamma': 0.5, 'colsample_bytree': 1.0}",0.9792095510526458,0.9131412254202766,0.6732564108538316,0.8603851953838253,0.8564980956776449,0.11386304276244222,22,XGBoost,5,person05,,,,,,,,,,,
1.0259397625923157,0.01995971089329531,0.013788759708404541,0.0017349130118580586,0.7,2.0,1.0,400.0,8.0,5,0.02,0.5,0.85,"{'subsample': 0.7, 'reg_lambda': 2.0, 'reg_alpha': 1.0, 'n_estimators': 400, 'min_child_weight': 8, 'max_depth': 5, 'learning_rate': 0.02, 'gamma': 0.5, 'colsample_bytree': 0.85}",0.9838374880444533,0.8853222315588687,0.6872138468483527,0.8849763784481306,0.8603374862249513,0.10776752464193665,17,XGBoost,5,person05,,,,,,,,,,,
0.5205856561660767,0.04249747935064707,0.009208381175994873,0.0009804030184781352,1.0,5.0,0.01,150.0,8.0,7,0.02,0.05,1.0,"{'subsample': 1.0, 'reg_lambda': 5.0, 'reg_alpha': 0.01, 'n_estimators': 150, 'min_child_weight': 8, 'max_depth': 7, 'learning_rate': 0.02, 'gamma': 0.05, 'colsample_bytree': 1.0}",0.9753012335625545,0.9121522879105786,0.6619906420396255,0.8550939715275325,0.8511345337600726,0.11718748288960071,24,XGBoost,5,person05,,,,,,,,,,,
1.2159802317619324,0.04150987261122192,0.015572309494018555,0.001190850194270017,0.7,0.5,1.0,600.0,3.0,3,0.05,0.2,1.0,"{'subsample': 0.7, 'reg_lambda': 0.5, 'reg_alpha': 1.0, 'n_estimators': 600, 'min_child_weight': 3, 'max_depth': 3, 'learning_rate': 0.05, 'gamma': 0.2, 'colsample_bytree': 1.0}",0.9797496013433066,0.8650566433556561,0.6944304368927522,0.902650808669924,0.8604718725654097,0.10439949439144638,15,XGBoost,5,person05,,,,,,,,,,,
0.5506044626235962,0.008833228997000371,0.00988072156906128,0.0005182082354666882,0.7,1.0,1.0,250.0,8.0,3,0.05,0.05,0.7,"{'subsample': 0.7, 'reg_lambda': 1.0, 'reg_alpha': 1.0, 'n_estimators': 250, 'min_child_weight': 8, 'max_depth': 3, 'learning_rate': 0.05, 'gamma': 0.05, 'colsample_bytree': 0.7}",0.9875675449638327,0.8674024847434898,0.6988356311801243,0.9017971014798221,0.8639006905918172,0.10486701725200373,9,XGBoost,5,person05,,,,,,,,,,,
0.37071508169174194,0.01689964974007507,0.009875476360321045,0.0008525789113013364,1.0,0.5,0.0,150.0,5.0,5,0.05,0.5,0.7,"{'subsample': 1.0, 'reg_lambda': 0.5, 'reg_alpha': 0, 'n_estimators': 150, 'min_child_weight': 5, 'max_depth': 5, 'learning_rate': 0.05, 'gamma': 0.5, 'colsample_bytree': 0.7}",0.9866214406746703,0.8770160964520355,0.6963448499367819,0.9362347181991613,0.8740542763156622,0.1096895465018044,1,XGBoost,5,person05,,,,,,,,,,,
0.4836205840110779,0.024332226106643446,0.010077178478240967,0.0012172121272977893,0.7,5.0,0.01,150.0,5.0,9,0.05,0.05,0.85,"{'subsample': 0.7, 'reg_lambda': 5.0, 'reg_alpha': 0.01, 'n_estimators': 150, 'min_child_weight': 5, 'max_depth': 9, 'learning_rate': 0.05, 'gamma': 0.05, 'colsample_bytree': 0.85}",0.9812672536693411,0.8998862185373703,0.6838043436482413,0.8874997729831826,0.8631143972095339,0.10961182211918774,11,XGBoost,5,person05,,,,,,,,,,,
0.8175827264785767,0.026467198349391652,0.014307677745819092,0.00031532294212682294,1.0,2.0,0.01,400.0,3.0,3,0.05,0.05,0.85,"{'subsample': 1.0, 'reg_lambda': 2.0, 'reg_alpha': 0.01, 'n_estimators': 400, 'min_child_weight': 3, 'max_depth': 3, 'learning_rate': 0.05, 'gamma': 0.05, 'colsample_bytree': 0.85}",0.98049193277033,0.8625323771835399,0.7053141174536693,0.8915868916178473,0.8599813297563467,0.09931033604795661,19,XGBoost,5,person05,,,,,,,,,,,
0.6290926337242126,0.022717888263995192,0.010489225387573242,0.0008593840429623311,0.85,0.5,0.0,150.0,1.0,5,0.02,0.0,0.7,"{'subsample': 0.85, 'reg_lambda': 0.5, 'reg_alpha': 0, 'n_estimators': 150, 'min_child_weight': 1, 'max_depth': 5, 'learning_rate': 0.02, 'gamma': 0, 'colsample_bytree': 0.7}",0.981311196432126,0.8973016598271644,0.6792641367075141,0.9363524741964404,0.8735573667908112,0.11604714992671218,2,XGBoost,5,person05,,,,,,,,,,,
0.2720170021057129,0.010039948858415354,0.0081862211227417,0.0009843366287440472,1.0,5.0,0.01,150.0,8.0,5,0.2,0.0,0.85,"{'subsample': 1.0, 'reg_lambda': 5.0, 'reg_alpha': 0.01, 'n_estimators': 150, 'min_child_weight': 8, 'max_depth': 5, 'learning_rate': 0.2, 'gamma': 0, 'colsample_bytree': 0.85}",0.9836455179570095,0.8768854160863186,0.7100766385230113,0.9045347050250953,0.8687855693978587,0.0996555828051281,6,XGBoost,5,person05,,,,,,,,,,,
0.3238521218299866,0.0044434899338088064,0.00825512409210205,0.001233264084331684,1.0,1.0,0.1,150.0,5.0,3,0.05,0.05,0.85,"{'subsample': 1.0, 'reg_lambda': 1.0, 'reg_alpha': 0.1, 'n_estimators': 150, 'min_child_weight': 5, 'max_depth': 3, 'learning_rate': 0.05, 'gamma': 0.05, 'colsample_bytree': 0.85}",0.9814102754648465,0.8679247052979675,0.6942382556028558,0.8981433033349033,0.8604291349251432,0.10456384032046671,16,XGBoost,5,person05,,,,,,,,,,,
0.8733136653900146,0.04470069755137767,0.013547897338867188,0.0015134385956437457,0.85,2.0,0.1,400.0,8.0,7,0.05,0.0,0.7,"{'subsample': 0.85, 'reg_lambda': 2.0, 'reg_alpha': 0.1, 'n_estimators': 400, 'min_child_weight': 8, 'max_depth': 7, 'learning_rate': 0.05, 'gamma': 0, 'colsample_bytree': 0.7}",0.9905565361604387,0.8762360795649249,0.6995671359168831,0.9277014533586614,0.873515301250227,0.10828221992448693,3,XGBoost,5,person05,,,,,,,,,,,
0.7532665133476257,0.04846523236657955,0.01318967342376709,0.0025755758053619617,1.0,5.0,0.0,250.0,5.0,7,0.05,0.0,1.0,"{'subsample': 1.0, 'reg_lambda': 5.0, 'reg_alpha': 0, 'n_estimators': 250, 'min_child_weight': 5, 'max_depth': 7, 'learning_rate': 0.05, 'gamma': 0, 'colsample_bytree': 1.0}",0.9810423910431453,0.8715161971483959,0.6950670742746767,0.8908002190391869,0.8596064703763512,0.10360355597796891,20,XGBoost,5,person05,,,,,,,,,,,
0.5707373023033142,0.018196869827295403,0.009534657001495361,7.306515711248886e-05,0.7,5.0,0.0,250.0,1.0,9,0.2,0.2,0.85,"{'subsample': 0.7, 'reg_lambda': 5.0, 'reg_alpha': 0, 'n_estimators': 250, 'min_child_weight': 1, 'max_depth': 9, 'learning_rate': 0.2, 'gamma': 0.2, 'colsample_bytree': 0.85}",0.9811016341549672,0.8714027151146158,0.6986882172212163,0.9317190806141321,0.8707279117762329,0.10665410579307288,5,XGBoost,5,person05,,,,,,,,,,,
0.6422160267829895,0.03597573670835799,0.010108649730682373,0.0009255575735326825,0.7,0.5,0.0,250.0,1.0,7,0.1,0.2,1.0,"{'subsample': 0.7, 'reg_lambda': 0.5, 'reg_alpha': 0, 'n_estimators': 250, 'min_child_weight': 1, 'max_depth': 7, 'learning_rate': 0.1, 'gamma': 0.2, 'colsample_bytree': 1.0}",0.9819877459992467,0.8628968776555379,0.7031740033522836,0.8965839222171067,0.8611606373060438,0.1010158283978803,14,XGBoost,5,person05,,,,,,,,,,,
1.0299407839775085,0.0269148544435032,0.01410001516342163,0.0017591248167877721,0.85,5.0,1.0,600.0,8.0,5,0.2,0.2,0.85,"{'subsample': 0.85, 'reg_lambda': 5.0, 'reg_alpha': 1.0, 'n_estimators': 600, 'min_child_weight': 8, 'max_depth': 5, 'learning_rate': 0.2, 'gamma': 0.2, 'colsample_bytree': 0.85}",0.9853450119767315,0.8697280077068088,0.6889434248445321,0.9108658918303969,0.8637205840896173,0.10908520297586072,10,XGBoost,5,person05,,,,,,,,,,,
0.2720499634742737,0.015780059961525143,0.007041752338409424,0.0004818616841799795,1.0,1.0,1.0,150.0,5.0,9,0.2,0.05,1.0,"{'subsample': 1.0, 'reg_lambda': 1.0, 'reg_alpha': 1.0, 'n_estimators': 150, 'min_child_weight': 5, 'max_depth': 9, 'learning_rate': 0.2, 'gamma': 0.05, 'colsample_bytree': 1.0}",0.9819672602974072,0.8733939125090684,0.6941965367486342,0.8838548070925778,0.858353129161922,0.10380799703069354,21,XGBoost,5,person05,,,,,,,,,,,
0.2631192207336426,0.00452891409090997,0.00789487361907959,0.001058887282807158,1.0,0.5,1.0,150.0,8.0,7,0.2,0.05,1.0,"{'subsample': 1.0, 'reg_lambda': 0.5, 'reg_alpha': 1.0, 'n_estimators': 150, 'min_child_weight': 8, 'max_depth': 7, 'learning_rate': 0.2, 'gamma': 0.05, 'colsample_bytree': 1.0}",0.9819866337982697,0.8745416616777077,0.7136331524530992,0.8933501511117731,0.8658778997602125,0.09681100992063536,7,XGBoost,6,person06,,,,,,,,,,,
0.8773360252380371,0.016861798479728716,0.016163170337677002,0.0021445787594047616,1.0,5.0,0.1,600.0,1.0,9,0.2,0.5,1.0,"{'subsample': 1.0, 'reg_lambda': 5.0, 'reg_alpha': 0.1, 'n_estimators': 600, 'min_child_weight': 1, 'max_depth': 9, 'learning_rate': 0.2, 'gamma': 0.5, 'colsample_bytree': 1.0}",0.9776791711227102,0.8524813770683266,0.7117240364255359,0.8803191251707614,0.8555509274468335,0.09516350172495795,21,XGBoost,6,person06,,,,,,,,,,,
0.3761575222015381,0.025465128042777032,0.009128272533416748,0.00037995299077756256,0.85,1.0,0.1,150.0,8.0,9,0.1,0.2,1.0,"{'subsample': 0.85, 'reg_lambda': 1.0, 'reg_alpha': 0.1, 'n_estimators': 150, 'min_child_weight': 8, 'max_depth': 9, 'learning_rate': 0.1, 'gamma': 0.2, 'colsample_bytree': 1.0}",0.9858952761491088,0.8810657659539893,0.7139040967988709,0.8862149701922072,0.8667700272735441,0.09764897793766518,5,XGBoost,6,person06,,,,,,,,,,,
0.7712059617042542,0.09523648145593569,0.011264801025390625,0.0018296721682419395,1.0,0.5,0.01,150.0,1.0,9,0.05,0.0,1.0,"{'subsample': 1.0, 'reg_lambda': 0.5, 'reg_alpha': 0.01, 'n_estimators': 150, 'min_child_weight': 1, 'max_depth': 9, 'learning_rate': 0.05, 'gamma': 0, 'colsample_bytree': 1.0}",0.981197285466736,0.8108730443253481,0.719835157630201,0.8774362021942771,0.8473354224041406,0.09540817294544116,24,XGBoost,6,person06,,,,,,,,,,,
0.4239445924758911,0.02001001617358983,0.009931504726409912,0.0007720353709644685,1.0,5.0,0.01,250.0,1.0,3,0.2,0.05,1.0,"{'subsample': 1.0, 'reg_lambda': 5.0, 'reg_alpha': 0.01, 'n_estimators': 250, 'min_child_weight': 1, 'max_depth': 3, 'learning_rate': 0.2, 'gamma': 0.05, 'colsample_bytree': 1.0}",0.9832876034035387,0.8431176664142324,0.6974325651110678,0.8883867153310809,0.8530561375649799,0.10310910960225399,23,XGBoost,6,person06,,,,,,,,,,,
0.4991975426673889,0.021835154580630005,0.008825719356536865,0.00034160899784466575,0.7,0.5,0.01,250.0,5.0,9,0.2,0.0,1.0,"{'subsample': 0.7, 'reg_lambda': 0.5, 'reg_alpha': 0.01, 'n_estimators': 250, 'min_child_weight': 5, 'max_depth': 9, 'learning_rate': 0.2, 'gamma': 0, 'colsample_bytree': 1.0}",0.9897623646150253,0.8762577784458654,0.7499192064837685,0.885988855405542,0.8754820512375503,0.08505441301725979,1,XGBoost,6,person06,,,,,,,,,,,
1.451570212841034,0.09942619949542111,0.01894444227218628,0.0010443515995282586,0.85,5.0,0.01,600.0,3.0,9,0.05,0.0,0.85,"{'subsample': 0.85, 'reg_lambda': 5.0, 'reg_alpha': 0.01, 'n_estimators': 600, 'min_child_weight': 3, 'max_depth': 9, 'learning_rate': 0.05, 'gamma': 0, 'colsample_bytree': 0.85}",0.9892580800757684,0.8649407984552058,0.7027063449060326,0.8905371355319756,0.8618605897422456,0.10294661985321708,13,XGBoost,6,person06,,,,,,,,,,,
0.7864553928375244,0.02758006595397593,0.01224362850189209,0.001976985421377649,0.7,5.0,0.0,250.0,8.0,7,0.02,0.5,1.0,"{'subsample': 0.7, 'reg_lambda': 5.0, 'reg_alpha': 0, 'n_estimators': 250, 'min_child_weight': 8, 'max_depth': 7, 'learning_rate': 0.02, 'gamma': 0.5, 'colsample_bytree': 1.0}",0.9779123276259711,0.8736510535065689,0.7214835866931042,0.872673128325854,0.8614300240378745,0.09141785018527332,15,XGBoost,6,person06,,,,,,,,,,,
1.024761140346527,0.04214968079669139,0.014563381671905518,0.0015903974011058587,0.7,2.0,1.0,400.0,8.0,5,0.02,0.5,0.85,"{'subsample': 0.7, 'reg_lambda': 2.0, 'reg_alpha': 1.0, 'n_estimators': 400, 'min_child_weight': 8, 'max_depth': 5, 'learning_rate': 0.02, 'gamma': 0.5, 'colsample_bytree': 0.85}",0.9884998415805847,0.8736510535065689,0.7042583539790388,0.8878084885718474,0.8635544344095099,0.10207447878161989,10,XGBoost,6,person06,,,,,,,,,,,
0.5221553444862366,0.03972313588135608,0.01025092601776123,0.0010023840192271763,1.0,5.0,0.01,150.0,8.0,7,0.02,0.05,1.0,"{'subsample': 1.0, 'reg_lambda': 5.0, 'reg_alpha': 0.01, 'n_estimators': 150, 'min_child_weight': 8, 'max_depth': 7, 'learning_rate': 0.02, 'gamma': 0.05, 'colsample_bytree': 1.0}",0.9735918229659357,0.8439541309234113,0.7553417925817099,0.8475966065761169,0.8551210882617934,0.07773760606776513,22,XGBoost,6,person06,,,,,,,,,,,
1.2115221619606018,0.039973353355216984,0.01601719856262207,0.0008638590966555914,0.7,0.5,1.0,600.0,3.0,3,0.05,0.2,1.0,"{'subsample': 0.7, 'reg_lambda': 0.5, 'reg_alpha': 1.0, 'n_estimators': 600, 'min_child_weight': 3, 'max_depth': 3, 'learning_rate': 0.05, 'gamma': 0.2, 'colsample_bytree': 1.0}",0.9780722579123987,0.8787594607113235,0.6984359302880443,0.8913133504395131,0.86164524983782,0.10169270205407287,14,XGBoost,6,person06,,,,,,,,,,,
0.5339900255203247,0.009261519149847977,0.010799944400787354,0.0007571029819665629,0.7,1.0,1.0,250.0,8.0,3,0.05,0.05,0.7,"{'subsample': 0.7, 'reg_lambda': 1.0, 'reg_alpha': 1.0, 'n_estimators': 250, 'min_child_weight': 8, 'max_depth': 3, 'learning_rate': 0.05, 'gamma': 0.05, 'colsample_bytree': 0.7}",0.9875749635256855,0.8761548105167544,0.706619206704888,0.8899949246066634,0.8650859763384978,0.10106711118626387,8,XGBoost,6,person06,,,,,,,,,,,
0.36286479234695435,0.019096706871082048,0.01065737009048462,0.0016051877782874095,1.0,0.5,0.0,150.0,5.0,5,0.05,0.5,0.7,"{'subsample': 1.0, 'reg_lambda': 0.5, 'reg_alpha': 0, 'n_estimators': 150, 'min_child_weight': 5, 'max_depth': 5, 'learning_rate': 0.05, 'gamma': 0.5, 'colsample_bytree': 0.7}",0.9853489861495809,0.8891570935171836,0.7032636917233533,0.8946397560558207,0.8681023818614847,0.10255010128661396,3,XGBoost,6,person06,,,,,,,,,,,
0.4708179235458374,0.031948137152293034,0.009519875049591064,0.00187446946405325,0.7,5.0,0.01,150.0,5.0,9,0.05,0.05,0.85,"{'subsample': 0.7, 'reg_lambda': 5.0, 'reg_alpha': 0.01, 'n_estimators': 150, 'min_child_weight': 5, 'max_depth': 9, 'learning_rate': 0.05, 'gamma': 0.05, 'colsample_bytree': 0.85}",0.9836660901789803,0.8731052063225528,0.706065385839888,0.8886345952455303,0.862867819396738,0.09993492410318959,12,XGBoost,6,person06,,,,,,,,,,,
0.7595549821853638,0.04628527459574124,0.01422131061553955,0.0012167865034938485,1.0,2.0,0.01,400.0,3.0,3,0.05,0.05,0.85,"{'subsample': 1.0, 'reg_lambda': 2.0, 'reg_alpha': 0.01, 'n_estimators': 400, 'min_child_weight': 3, 'max_depth': 3, 'learning_rate': 0.05, 'gamma': 0.05, 'colsample_bytree': 0.85}",0.977522198335553,0.8468179370713204,0.7074668357380994,0.8917494753408066,0.8558891116214449,0.09771390849796845,20,XGBoost,6,person06,,,,,,,,,,,
0.622480034828186,0.021660694713680546,0.011133253574371338,0.0013900629665865119,0.85,0.5,0.0,150.0,1.0,5,0.02,0.0,0.7,"{'subsample': 0.85, 'reg_lambda': 0.5, 'reg_alpha': 0, 'n_estimators': 150, 'min_child_weight': 1, 'max_depth': 5, 'learning_rate': 0.02, 'gamma': 0, 'colsample_bytree': 0.7}",0.9800231269716193,0.8634533104738454,0.7081484059265128,0.8786523155726563,0.8575692897361584,0.09721195714855287,18,XGBoost,6,person06,,,,,,,,,,,
0.27272605895996094,0.022124909874866698,0.009623706340789795,0.0019726426996868997,1.0,5.0,0.01,150.0,8.0,5,0.2,0.0,0.85,"{'subsample': 1.0, 'reg_lambda': 5.0, 'reg_alpha': 0.01, 'n_estimators': 150, 'min_child_weight': 8, 'max_depth': 5, 'learning_rate': 0.2, 'gamma': 0, 'colsample_bytree': 0.85}",0.990560562063403,0.8739047467541101,0.7093153747472969,0.8902825095195324,0.8660157982710857,0.10089292554931961,6,XGBoost,6,person06,,,,,,,,,,,
0.34108567237854004,0.015987935504020927,0.008650243282318115,0.00047915611175998224,1.0,1.0,0.1,150.0,5.0,3,0.05,0.05,0.85,"{'subsample': 1.0, 'reg_lambda': 1.0, 'reg_alpha': 0.1, 'n_estimators': 150, 'min_child_weight': 5, 'max_depth': 3, 'learning_rate': 0.05, 'gamma': 0.05, 'colsample_bytree': 0.85}",0.9754664392938539,0.8759676553248377,0.7063390060781441,0.8940014687409403,0.8629436423594441,0.09787824761918067,11,XGBoost,6,person06,,,,,,,,,,,
0.8677899241447449,0.033503646342373794,0.01365429162979126,0.000753236446999019,0.85,2.0,0.1,400.0,8.0,7,0.05,0.0,0.7,"{'subsample': 0.85, 'reg_lambda': 2.0, 'reg_alpha': 0.1, 'n_estimators': 400, 'min_child_weight': 8, 'max_depth': 7, 'learning_rate': 0.05, 'gamma': 0, 'colsample_bytree': 0.7}",0.993165021111363,0.8831424145016675,0.7094487004803456,0.8880996092491542,0.8684639363356326,0.10178067492210152,2,XGBoost,6,person06,,,,,,,,,,,
0.6866222023963928,0.05645014041267965,0.012370824813842773,0.0007125934086917697,1.0,5.0,0.0,250.0,5.0,7,0.05,0.0,1.0,"{'subsample': 1.0, 'reg_lambda': 5.0, 'reg_alpha': 0, 'n_estimators': 250, 'min_child_weight': 5, 'max_depth': 7, 'learning_rate': 0.05, 'gamma': 0, 'colsample_bytree': 1.0}",0.9849727343175263,0.8515533047550212,0.702709433926903,0.8901897987973928,0.8573563179492107,0.10162839279851898,19,XGBoost,6,person06,,,,,,,,,,,
0.5447895526885986,0.02616119576896732,0.009463131427764893,0.001453037099947644,0.7,5.0,0.0,250.0,1.0,9,0.2,0.2,0.85,"{'subsample': 0.7, 'reg_lambda': 5.0, 'reg_alpha': 0, 'n_estimators': 250, 'min_child_weight': 1, 'max_depth': 9, 'learning_rate': 0.2, 'gamma': 0.2, 'colsample_bytree': 0.85}",0.9862723061329988,0.8805761971522841,0.7130729974301289,0.8877904469413922,0.866927986914201,0.09815286572488767,4,XGBoost,6,person06,,,,,,,,,,,
0.63250732421875,0.04354582284357182,0.010280191898345947,0.0011149919116984406,0.7,0.5,0.0,250.0,1.0,7,0.1,0.2,1.0,"{'subsample': 0.7, 'reg_lambda': 0.5, 'reg_alpha': 0, 'n_estimators': 250, 'min_child_weight': 1, 'max_depth': 7, 'learning_rate': 0.1, 'gamma': 0.2, 'colsample_bytree': 1.0}",0.9810583185742482,0.8638640881742093,0.7023600640562324,0.8870879315067874,0.8585926005778693,0.1003073153097272,17,XGBoost,6,person06,,,,,,,,,,,
0.99009770154953,0.03244447701313424,0.014960110187530518,0.0008318684467918601,0.85,5.0,1.0,600.0,8.0,5,0.2,0.2,0.85,"{'subsample': 0.85, 'reg_lambda': 5.0, 'reg_alpha': 1.0, 'n_estimators': 600, 'min_child_weight': 8, 'max_depth': 5, 'learning_rate': 0.2, 'gamma': 0.2, 'colsample_bytree': 0.85}",0.9888773912696184,0.8770724594680053,0.7032088120779579,0.8870134198352851,0.8640430206627167,0.10265070414960004,9,XGBoost,6,person06,,,,,,,,,,,
0.27655476331710815,0.022018316285057914,0.006998538970947266,0.00019094425866685656,1.0,1.0,1.0,150.0,5.0,9,0.2,0.05,1.0,"{'subsample': 1.0, 'reg_lambda': 1.0, 'reg_alpha': 1.0, 'n_estimators': 150, 'min_child_weight': 5, 'max_depth': 9, 'learning_rate': 0.2, 'gamma': 0.05, 'colsample_bytree': 1.0}",0.9819866337982697,0.8583860129829821,0.7015575310996773,0.895481217259815,0.859352848785186,0.10154383448813228,16,XGBoost,6,person06,,,,,,,,,,,
0.2484034299850464,0.013796351353275787,0.007160186767578125,0.0008807141650384331,1.0,0.5,1.0,150.0,8.0,7,0.2,0.05,1.0,"{'subsample': 1.0, 'reg_lambda': 0.5, 'reg_alpha': 1.0, 'n_estimators': 150, 'min_child_weight': 8, 'max_depth': 7, 'learning_rate': 0.2, 'gamma': 0.05, 'colsample_bytree': 1.0}",0.7992577780837483,0.7507880212228037,0.9024060506020857,0.826386939673965,0.8197096973956507,0.05489023330270628,18,XGBoost,7,person07,,,,,,,,,,,
0.848586916923523,0.016797286813831188,0.01642841100692749,0.0024480103215447505,1.0,5.0,0.1,600.0,1.0,9,0.2,0.5,1.0,"{'subsample': 1.0, 'reg_lambda': 5.0, 'reg_alpha': 0.1, 'n_estimators': 600, 'min_child_weight': 1, 'max_depth': 9, 'learning_rate': 0.2, 'gamma': 0.5, 'colsample_bytree': 1.0}",0.7922222106511012,0.778768351713372,0.9062481460624128,0.8305468528111885,0.8269463903095186,0.04956970811806202,4,XGBoost,7,person07,,,,,,,,,,,
0.3467978239059448,0.02142812268442165,0.00790315866470337,0.0006259519713326713,0.85,1.0,0.1,150.0,8.0,9,0.1,0.2,1.0,"{'subsample': 0.85, 'reg_lambda': 1.0, 'reg_alpha': 0.1, 'n_estimators': 150, 'min_child_weight': 8, 'max_depth': 9, 'learning_rate': 0.1, 'gamma': 0.2, 'colsample_bytree': 1.0}",0.8032442730828457,0.7503827770826097,0.8980269411474685,0.8249061578692528,0.8191400372955442,0.05300148087013274,20,XGBoost,7,person07,,,,,,,,,,,
0.6735824346542358,0.08025222340239078,0.009564697742462158,0.0009535957151297524,1.0,0.5,0.01,150.0,1.0,9,0.05,0.0,1.0,"{'subsample': 1.0, 'reg_lambda': 0.5, 'reg_alpha': 0.01, 'n_estimators': 150, 'min_child_weight': 1, 'max_depth': 9, 'learning_rate': 0.05, 'gamma': 0, 'colsample_bytree': 1.0}",0.803740534167049,0.7674059883374171,0.8921280691898977,0.7820657129442325,0.8113350761596492,0.04840362892075479,22,XGBoost,7,person07,,,,,,,,,,,
0.3995603322982788,0.0179266037960482,0.009154856204986572,0.0015314439565183504,1.0,5.0,0.01,250.0,1.0,3,0.2,0.05,1.0,"{'subsample': 1.0, 'reg_lambda': 5.0, 'reg_alpha': 0.01, 'n_estimators': 250, 'min_child_weight': 1, 'max_depth': 3, 'learning_rate': 0.2, 'gamma': 0.05, 'colsample_bytree': 1.0}",0.803740534167049,0.7476532182013597,0.9052143454791521,0.8329532557312701,0.8223903383947078,0.05679974406788313,9,XGBoost,7,person07,,,,,,,,,,,
0.4675716161727905,0.031021494344866795,0.008491754531860352,0.0008464828623783032,0.7,0.5,0.01,250.0,5.0,9,0.2,0.0,1.0,"{'subsample': 0.7, 'reg_lambda': 0.5, 'reg_alpha': 0.01, 'n_estimators': 250, 'min_child_weight': 5, 'max_depth': 9, 'learning_rate': 0.2, 'gamma': 0, 'colsample_bytree': 1.0}",0.8129072681704261,0.7488228683081624,0.8832476009676788,0.7980695359528004,0.8107618183497669,0.04810488333154151,23,XGBoost,7,person07,,,,,,,,,,,
1.3546043634414673,0.08818100412076409,0.01911330223083496,0.006885332683632744,0.85,5.0,0.01,600.0,3.0,9,0.05,0.0,0.85,"{'subsample': 0.85, 'reg_lambda': 5.0, 'reg_alpha': 0.01, 'n_estimators': 600, 'min_child_weight': 3, 'max_depth': 9, 'learning_rate': 0.05, 'gamma': 0, 'colsample_bytree': 0.85}",0.8037062770704675,0.7424807968465255,0.9035986923838804,0.8387656203559544,0.8221378466642069,0.05830377472053986,11,XGBoost,7,person07,,,,,,,,,,,
0.7189241051673889,0.05215659246920655,0.009786128997802734,0.0010223702397665951,0.7,5.0,0.0,250.0,8.0,7,0.02,0.5,1.0,"{'subsample': 0.7, 'reg_lambda': 5.0, 'reg_alpha': 0, 'n_estimators': 250, 'min_child_weight': 8, 'max_depth': 7, 'learning_rate': 0.02, 'gamma': 0.5, 'colsample_bytree': 1.0}",0.7815656926796958,0.7763861778368473,0.9214453990483047,0.8348066899950412,0.8285509898899721,0.05830371087494368,3,XGBoost,7,person07,,,,,,,,,,,
0.9536085724830627,0.049334284894369466,0.012135326862335205,0.0010826894605069797,0.7,2.0,1.0,400.0,8.0,5,0.02,0.5,0.85,"{'subsample': 0.7, 'reg_lambda': 2.0, 'reg_alpha': 1.0, 'n_estimators': 400, 'min_child_weight': 8, 'max_depth': 5, 'learning_rate': 0.02, 'gamma': 0.5, 'colsample_bytree': 0.85}",0.7926525909576757,0.757827565231642,0.9097041927473173,0.8438202510132397,0.8260011499874687,0.05719152860443396,6,XGBoost,7,person07,,,,,,,,,,,
0.491860568523407,0.04589967680436644,0.009582996368408203,0.001096752350415428,1.0,5.0,0.01,150.0,8.0,7,0.02,0.05,1.0,"{'subsample': 1.0, 'reg_lambda': 5.0, 'reg_alpha': 0.01, 'n_estimators': 150, 'min_child_weight': 8, 'max_depth': 7, 'learning_rate': 0.02, 'gamma': 0.05, 'colsample_bytree': 1.0}",0.7842784971756117,0.7792362912469084,0.9182791749410868,0.8332942973523422,0.8287720651789874,0.055824375891082044,2,XGBoost,7,person07,,,,,,,,,,,
1.116945505142212,0.04451459228111898,0.014521121978759766,0.002191826624526459,0.7,0.5,1.0,600.0,3.0,3,0.05,0.2,1.0,"{'subsample': 0.7, 'reg_lambda': 0.5, 'reg_alpha': 1.0, 'n_estimators': 600, 'min_child_weight': 3, 'max_depth': 3, 'learning_rate': 0.05, 'gamma': 0.2, 'colsample_bytree': 1.0}",0.7833518836358593,0.7451846754500577,0.9016327056497713,0.8486193317021538,0.8196971491094605,0.0600479290331592,19,XGBoost,7,person07,,,,,,,,,,,
0.4985817074775696,0.0187345075771434,0.010488748550415039,0.0011729809562846837,0.7,1.0,1.0,250.0,8.0,3,0.05,0.05,0.7,"{'subsample': 0.7, 'reg_lambda': 1.0, 'reg_alpha': 1.0, 'n_estimators': 250, 'min_child_weight': 8, 'max_depth': 3, 'learning_rate': 0.05, 'gamma': 0.05, 'colsample_bytree': 0.7}",0.7979611217565058,0.7394966092878734,0.9071777917314877,0.8363131512341859,0.8202371685025132,0.060894107574449685,16,XGBoost,7,person07,,,,,,,,,,,
0.3436928987503052,0.016816159670662845,0.009425640106201172,0.0007885016432375955,1.0,0.5,0.0,150.0,5.0,5,0.05,0.5,0.7,"{'subsample': 1.0, 'reg_lambda': 0.5, 'reg_alpha': 0, 'n_estimators': 150, 'min_child_weight': 5, 'max_depth': 5, 'learning_rate': 0.05, 'gamma': 0.5, 'colsample_bytree': 0.7}",0.7957458056082474,0.7373725409135683,0.9140015959173358,0.8489942446061569,0.8240285467613271,0.0652449470072737,7,XGBoost,7,person07,,,,,,,,,,,
0.43704432249069214,0.028084329865324345,0.008610725402832031,0.0010730069937220429,0.7,5.0,0.01,150.0,5.0,9,0.05,0.05,0.85,"{'subsample': 0.7, 'reg_lambda': 5.0, 'reg_alpha': 0.01, 'n_estimators': 150, 'min_child_weight': 5, 'max_depth': 9, 'learning_rate': 0.05, 'gamma': 0.05, 'colsample_bytree': 0.85}",0.7886853976340835,0.7616422387133203,0.9093271233322443,0.8475983173707501,0.8268132692625996,0.05688047150837547,5,XGBoost,7,person07,,,,,,,,,,,
0.7143840193748474,0.029276917865057827,0.012441515922546387,0.0006667000853650503,1.0,2.0,0.01,400.0,3.0,3,0.05,0.05,0.85,"{'subsample': 1.0, 'reg_lambda': 2.0, 'reg_alpha': 0.01, 'n_estimators': 400, 'min_child_weight': 3, 'max_depth': 3, 'learning_rate': 0.05, 'gamma': 0.05, 'colsample_bytree': 0.85}",0.8037062770704675,0.7530739674412275,0.8916778934199246,0.8320521302626717,0.8201275670485728,0.05006867383040321,17,XGBoost,7,person07,,,,,,,,,,,
0.6102004647254944,0.03121127742843162,0.009709835052490234,0.0008431862572533227,0.85,0.5,0.0,150.0,1.0,5,0.02,0.0,0.7,"{'subsample': 0.85, 'reg_lambda': 0.5, 'reg_alpha': 0, 'n_estimators': 150, 'min_child_weight': 1, 'max_depth': 5, 'learning_rate': 0.02, 'gamma': 0, 'colsample_bytree': 0.7}",0.8085074531926258,0.7805914251592686,0.9086899427738412,0.8478645359352706,0.8364133392652515,0.04808810115784212,1,XGBoost,7,person07,,,,,,,,,,,
0.2629935145378113,0.012344281711970669,0.00862652063369751,0.0012295386712177772,1.0,5.0,0.01,150.0,8.0,5,0.2,0.0,0.85,"{'subsample': 1.0, 'reg_lambda': 5.0, 'reg_alpha': 0.01, 'n_estimators': 150, 'min_child_weight': 8, 'max_depth': 5, 'learning_rate': 0.2, 'gamma': 0, 'colsample_bytree': 0.85}",0.8032442730828457,0.7595668521417059,0.8900709219858155,0.8340312862527496,0.8217283333657791,0.047507321281936264,13,XGBoost,7,person07,,,,,,,,,,,
0.3064061403274536,0.011632214667922284,0.009022235870361328,0.0017480901759946257,1.0,1.0,0.1,150.0,5.0,3,0.05,0.05,0.85,"{'subsample': 1.0, 'reg_lambda': 1.0, 'reg_alpha': 0.1, 'n_estimators': 150, 'min_child_weight': 5, 'max_depth': 3, 'learning_rate': 0.05, 'gamma': 0.05, 'colsample_bytree': 0.85}",0.7992577780837483,0.7563151094221345,0.8948944119072574,0.8367606688490999,0.8218069920655601,0.050899501794813444,12,XGBoost,7,person07,,,,,,,,,,,
0.787835419178009,0.055401127741999026,0.01314455270767212,0.0020770449807625603,0.85,2.0,0.1,400.0,8.0,7,0.05,0.0,0.7,"{'subsample': 0.85, 'reg_lambda': 2.0, 'reg_alpha': 0.1, 'n_estimators': 400, 'min_child_weight': 8, 'max_depth': 7, 'learning_rate': 0.05, 'gamma': 0, 'colsample_bytree': 0.7}",0.7997247247247248,0.7438207582503489,0.907300001340249,0.8407584500714053,0.822900983596682,0.05965086822733934,8,XGBoost,7,person07,,,,,,,,,,,
0.6220794320106506,0.05628723055303692,0.010986864566802979,0.000796311904100408,1.0,5.0,0.0,250.0,5.0,7,0.05,0.0,1.0,"{'subsample': 1.0, 'reg_lambda': 5.0, 'reg_alpha': 0, 'n_estimators': 250, 'min_child_weight': 5, 'max_depth': 7, 'learning_rate': 0.05, 'gamma': 0, 'colsample_bytree': 1.0}",0.7922222106511012,0.7739796733325611,0.8946423891593368,0.8206428736421191,0.8203717866962795,0.04599136520107082,15,XGBoost,7,person07,,,,,,,,,,,
0.5016500353813171,0.03076268965572807,0.009083747863769531,0.001341030298934969,0.7,5.0,0.0,250.0,1.0,9,0.2,0.2,0.85,"{'subsample': 0.7, 'reg_lambda': 5.0, 'reg_alpha': 0, 'n_estimators': 250, 'min_child_weight': 1, 'max_depth': 9, 'learning_rate': 0.2, 'gamma': 0.2, 'colsample_bytree': 0.85}",0.7988084908320209,0.7488373941910653,0.8962119103707165,0.8415599196571948,0.8213544287627494,0.05426542185227101,14,XGBoost,7,person07,,,,,,,,,,,
0.5723416805267334,0.02757290336177449,0.009775102138519287,0.0016400876821379684,0.7,0.5,0.0,250.0,1.0,7,0.1,0.2,1.0,"{'subsample': 0.7, 'reg_lambda': 0.5, 'reg_alpha': 0, 'n_estimators': 250, 'min_child_weight': 1, 'max_depth': 7, 'learning_rate': 0.1, 'gamma': 0.2, 'colsample_bytree': 1.0}",0.7833518836358593,0.7229422912625628,0.8826050857250489,0.8346796980484639,0.8058947396679836,0.05937663697890732,24,XGBoost,7,person07,,,,,,,,,,,
0.9237006306648254,0.036538875350481,0.013534367084503174,0.0012101396130028514,0.85,5.0,1.0,600.0,8.0,5,0.2,0.2,0.85,"{'subsample': 0.85, 'reg_lambda': 5.0, 'reg_alpha': 1.0, 'n_estimators': 600, 'min_child_weight': 8, 'max_depth': 5, 'learning_rate': 0.2, 'gamma': 0.2, 'colsample_bytree': 0.85}",0.8014857084238538,0.7367094918514239,0.9073788230335723,0.8435598029859357,0.8222834565736965,0.06214771531598568,10,XGBoost,7,person07,,,,,,,,,,,
0.2675113081932068,0.02000214156122287,0.007194459438323975,0.0004999007799947207,1.0,1.0,1.0,150.0,5.0,9,0.2,0.05,1.0,"{'subsample': 1.0, 'reg_lambda': 1.0, 'reg_alpha': 1.0, 'n_estimators': 150, 'min_child_weight': 5, 'max_depth': 9, 'learning_rate': 0.2, 'gamma': 0.05, 'colsample_bytree': 1.0}",0.7922222106511012,0.7575981621627152,0.8947665665385094,0.819890947228553,0.8161194716452197,0.05048616718913675,21,XGBoost,7,person07,,,,,,,,,,,
0.2559364438056946,0.015898652016117214,0.00792759656906128,0.0009611387843230259,1.0,0.5,1.0,150.0,8.0,7,0.2,0.05,1.0,"{'subsample': 1.0, 'reg_lambda': 0.5, 'reg_alpha': 1.0, 'n_estimators': 150, 'min_child_weight': 8, 'max_depth': 7, 'learning_rate': 0.2, 'gamma': 0.05, 'colsample_bytree': 1.0}",0.973259471514181,0.8501824408575582,0.6919684124603087,0.838214685290428,0.8384062525306191,0.09970976254134467,20,XGBoost,8,person09,,,,,,,,,,,
0.8589507341384888,0.014458954944971915,0.014866352081298828,0.0015939024267410163,1.0,5.0,0.1,600.0,1.0,9,0.2,0.5,1.0,"{'subsample': 1.0, 'reg_lambda': 5.0, 'reg_alpha': 0.1, 'n_estimators': 600, 'min_child_weight': 1, 'max_depth': 9, 'learning_rate': 0.2, 'gamma': 0.5, 'colsample_bytree': 1.0}",0.972881227722733,0.8475005438151206,0.6923918842505281,0.8486257299824858,0.8403498464427169,0.09946827172687994,17,XGBoost,8,person09,,,,,,,,,,,
0.37582874298095703,0.016969953106562637,0.007307529449462891,0.00022333236027173556,0.85,1.0,0.1,150.0,8.0,9,0.1,0.2,1.0,"{'subsample': 0.85, 'reg_lambda': 1.0, 'reg_alpha': 0.1, 'n_estimators': 150, 'min_child_weight': 8, 'max_depth': 9, 'learning_rate': 0.1, 'gamma': 0.2, 'colsample_bytree': 1.0}",0.9823296791199696,0.847005455165873,0.6812457668735883,0.85329659673396,0.8409693744733476,0.1068676298432515,16,XGBoost,8,person09,,,,,,,,,,,
0.7584786415100098,0.06760142055599898,0.010370433330535889,0.000705397163911231,1.0,0.5,0.01,150.0,1.0,9,0.05,0.0,1.0,"{'subsample': 1.0, 'reg_lambda': 0.5, 'reg_alpha': 0.01, 'n_estimators': 150, 'min_child_weight': 1, 'max_depth': 9, 'learning_rate': 0.05, 'gamma': 0, 'colsample_bytree': 1.0}",0.9627338525014411,0.8454407167027742,0.6517995540329726,0.8362932058822939,0.8240668322798704,0.11125520751689925,23,XGBoost,8,person09,,,,,,,,,,,
0.4247179627418518,0.009180275132198195,0.010136783123016357,0.0011894430556608556,1.0,5.0,0.01,250.0,1.0,3,0.2,0.05,1.0,"{'subsample': 1.0, 'reg_lambda': 5.0, 'reg_alpha': 0.01, 'n_estimators': 250, 'min_child_weight': 1, 'max_depth': 3, 'learning_rate': 0.2, 'gamma': 0.05, 'colsample_bytree': 1.0}",0.9814339213631708,0.862066527895587,0.7133322730393451,0.8303079151531391,0.8467851593628105,0.0954528440871108,7,XGBoost,8,person09,,,,,,,,,,,
0.5124367475509644,0.018234167639434255,0.009673476219177246,0.0010417420577447153,0.7,0.5,0.01,250.0,5.0,9,0.2,0.0,1.0,"{'subsample': 0.7, 'reg_lambda': 0.5, 'reg_alpha': 0.01, 'n_estimators': 250, 'min_child_weight': 5, 'max_depth': 9, 'learning_rate': 0.2, 'gamma': 0, 'colsample_bytree': 1.0}",0.9823296791199696,0.8539655488848574,0.7322132981564418,0.8519398963961212,0.8551121056393475,0.08845875505976201,1,XGBoost,8,person09,,,,,,,,,,,
1.4530232548713684,0.08078501701991812,0.0193098783493042,0.0033742478405985555,0.85,5.0,0.01,600.0,3.0,9,0.05,0.0,0.85,"{'subsample': 0.85, 'reg_lambda': 5.0, 'reg_alpha': 0.01, 'n_estimators': 600, 'min_child_weight': 3, 'max_depth': 9, 'learning_rate': 0.05, 'gamma': 0, 'colsample_bytree': 0.85}",0.9811186300335071,0.8471957922248031,0.6931852603729575,0.8588987401487402,0.845099605695002,0.10219338702463127,8,XGBoost,8,person09,,,,,,,,,,,
0.7659447193145752,0.043878119189122405,0.011758089065551758,0.0017004112263019468,0.7,5.0,0.0,250.0,8.0,7,0.02,0.5,1.0,"{'subsample': 0.7, 'reg_lambda': 5.0, 'reg_alpha': 0, 'n_estimators': 250, 'min_child_weight': 8, 'max_depth': 7, 'learning_rate': 0.02, 'gamma': 0.5, 'colsample_bytree': 1.0}",0.9735260981918265,0.8526977498847172,0.6698393180903066,0.8127856757069859,0.827212210468459,0.10843387226871655,22,XGBoost,8,person09,,,,,,,,,,,
1.0586666464805603,0.029746266383352413,0.014430344104766846,0.0013051874619941497,0.7,2.0,1.0,400.0,8.0,5,0.02,0.5,0.85,"{'subsample': 0.7, 'reg_lambda': 2.0, 'reg_alpha': 1.0, 'n_estimators': 400, 'min_child_weight': 8, 'max_depth': 5, 'learning_rate': 0.02, 'gamma': 0.5, 'colsample_bytree': 0.85}",0.9802266534935483,0.8530626184491986,0.6909129306059464,0.8318909800311185,0.8390232956449529,0.10261949255687662,18,XGBoost,8,person09,,,,,,,,,,,
0.5395705103874207,0.023773972849468483,0.012583732604980469,0.002431794444730235,1.0,5.0,0.01,150.0,8.0,7,0.02,0.05,1.0,"{'subsample': 1.0, 'reg_lambda': 5.0, 'reg_alpha': 0.01, 'n_estimators': 150, 'min_child_weight': 8, 'max_depth': 7, 'learning_rate': 0.02, 'gamma': 0.05, 'colsample_bytree': 1.0}",0.9658144750455431,0.8476533246154173,0.6334263921352088,0.8129075508682003,0.8149504356660924,0.11914758608718842,24,XGBoost,8,person09,,,,,,,,,,,
1.2394953966140747,0.019156334704255346,0.015608668327331543,0.001870235366661402,0.7,0.5,1.0,600.0,3.0,3,0.05,0.2,1.0,"{'subsample': 0.7, 'reg_lambda': 0.5, 'reg_alpha': 1.0, 'n_estimators': 600, 'min_child_weight': 3, 'max_depth': 3, 'learning_rate': 0.05, 'gamma': 0.2, 'colsample_bytree': 1.0}",0.9797537164345455,0.8495066595959052,0.6933379833377746,0.8505593180132527,0.8432894193453695,0.10148822966698758,9,XGBoost,8,person09,,,,,,,,,,,
0.5406505465507507,0.022988835306026568,0.010311901569366455,0.0009357232531805597,0.7,1.0,1.0,250.0,8.0,3,0.05,0.05,0.7,"{'subsample': 0.7, 'reg_lambda': 1.0, 'reg_alpha': 1.0, 'n_estimators': 250, 'min_child_weight': 8, 'max_depth': 3, 'learning_rate': 0.05, 'gamma': 0.05, 'colsample_bytree': 0.7}",0.9801630388898112,0.8514974946825413,0.6898504595601962,0.8510691504452316,0.8431450358944451,0.1029632403306586,10,XGBoost,8,person09,,,,,,,,,,,
0.3727649450302124,0.0192829197319113,0.008512556552886963,0.0004544271994654131,1.0,0.5,0.0,150.0,5.0,5,0.05,0.5,0.7,"{'subsample': 1.0, 'reg_lambda': 0.5, 'reg_alpha': 0, 'n_estimators': 150, 'min_child_weight': 5, 'max_depth': 5, 'learning_rate': 0.05, 'gamma': 0.5, 'colsample_bytree': 0.7}",0.9788570250470203,0.8558193402525701,0.6966834828943795,0.8754912942411744,0.8517127856087862,0.10097279780498446,6,XGBoost,8,person09,,,,,,,,,,,
0.47307735681533813,0.01897439269628297,0.008947908878326416,0.001024479729176475,0.7,5.0,0.01,150.0,5.0,9,0.05,0.05,0.85,"{'subsample': 0.7, 'reg_lambda': 5.0, 'reg_alpha': 0.01, 'n_estimators': 150, 'min_child_weight': 5, 'max_depth': 9, 'learning_rate': 0.05, 'gamma': 0.05, 'colsample_bytree': 0.85}",0.9776341876633933,0.8582085248555555,0.6841374984546239,0.8345602673567543,0.8386351195825817,0.10439106580087983,19,XGBoost,8,person09,,,,,,,,,,,
0.7761936187744141,0.02608228015787622,0.0135841965675354,0.0015714985265182617,1.0,2.0,0.01,400.0,3.0,3,0.05,0.05,0.85,"{'subsample': 1.0, 'reg_lambda': 2.0, 'reg_alpha': 0.01, 'n_estimators': 400, 'min_child_weight': 3, 'max_depth': 3, 'learning_rate': 0.05, 'gamma': 0.05, 'colsample_bytree': 0.85}",0.9784044096536424,0.8496947366955959,0.706300391462789,0.8318690619983824,0.8415671499526025,0.09641270944624473,13,XGBoost,8,person09,,,,,,,,,,,
0.6284656524658203,0.01864577521967232,0.010888397693634033,0.0009726096120403054,0.85,0.5,0.0,150.0,1.0,5,0.02,0.0,0.7,"{'subsample': 0.85, 'reg_lambda': 0.5, 'reg_alpha': 0, 'n_estimators': 150, 'min_child_weight': 1, 'max_depth': 5, 'learning_rate': 0.02, 'gamma': 0, 'colsample_bytree': 0.7}",0.9683010480153622,0.8506977386363016,0.6744013207729749,0.8787379336067266,0.8430345102578414,0.10660947141976346,11,XGBoost,8,person09,,,,,,,,,,,
0.2677050828933716,0.00912240958496926,0.007234334945678711,0.0001055743474304034,1.0,5.0,0.01,150.0,8.0,5,0.2,0.0,0.85,"{'subsample': 1.0, 'reg_lambda': 5.0, 'reg_alpha': 0.01, 'n_estimators': 150, 'min_child_weight': 8, 'max_depth': 5, 'learning_rate': 0.2, 'gamma': 0, 'colsample_bytree': 0.85}",0.980580770801269,0.8512947032591776,0.713229818459499,0.8664527314134507,0.852889505983349,0.094863575609736,4,XGBoost,8,person09,,,,,,,,,,,
0.31823551654815674,0.0076897131575430575,0.008283019065856934,0.0009692153284395365,1.0,1.0,0.1,150.0,5.0,3,0.05,0.05,0.85,"{'subsample': 1.0, 'reg_lambda': 1.0, 'reg_alpha': 0.1, 'n_estimators': 150, 'min_child_weight': 5, 'max_depth': 3, 'learning_rate': 0.05, 'gamma': 0.05, 'colsample_bytree': 0.85}",0.9738616931442027,0.8569326009315149,0.6959379335415392,0.8405925970581143,0.8418312061688427,0.09867431626968926,12,XGBoost,8,person09,,,,,,,,,,,
0.860015332698822,0.031328093972457303,0.012841284275054932,0.0006089410132365617,0.85,2.0,0.1,400.0,8.0,7,0.05,0.0,0.7,"{'subsample': 0.85, 'reg_lambda': 2.0, 'reg_alpha': 0.1, 'n_estimators': 400, 'min_child_weight': 8, 'max_depth': 7, 'learning_rate': 0.05, 'gamma': 0, 'colsample_bytree': 0.7}",0.9828343468524174,0.8618674618259635,0.6945436153327251,0.873933769887506,0.8532947984746531,0.10305567723419289,3,XGBoost,8,person09,,,,,,,,,,,
0.6626361608505249,0.0504269838350264,0.011776149272918701,0.0007366345761343137,1.0,5.0,0.0,250.0,5.0,7,0.05,0.0,1.0,"{'subsample': 1.0, 'reg_lambda': 5.0, 'reg_alpha': 0, 'n_estimators': 250, 'min_child_weight': 5, 'max_depth': 7, 'learning_rate': 0.05, 'gamma': 0, 'colsample_bytree': 1.0}",0.9770947729374782,0.8478305742937029,0.6883229215390885,0.8515288152360828,0.8411942710015881,0.10245662404016663,14,XGBoost,8,person09,,,,,,,,,,,
0.5391516089439392,0.024664182075083523,0.009246349334716797,0.0003253101164582661,0.7,5.0,0.0,250.0,1.0,9,0.2,0.2,0.85,"{'subsample': 0.7, 'reg_lambda': 5.0, 'reg_alpha': 0, 'n_estimators': 250, 'min_child_weight': 1, 'max_depth': 9, 'learning_rate': 0.2, 'gamma': 0.2, 'colsample_bytree': 0.85}",0.9711536830259332,0.8563613795343519,0.7132578896106059,0.8738013808234052,0.853643583248574,0.09210115328759083,2,XGBoost,8,person09,,,,,,,,,,,
0.6329843997955322,0.03503127169947326,0.011385202407836914,0.002056391888527033,0.7,0.5,0.0,250.0,1.0,7,0.1,0.2,1.0,"{'subsample': 0.7, 'reg_lambda': 0.5, 'reg_alpha': 0, 'n_estimators': 250, 'min_child_weight': 1, 'max_depth': 7, 'learning_rate': 0.1, 'gamma': 0.2, 'colsample_bytree': 1.0}",0.9749768102528347,0.8531096891856386,0.6814812711112065,0.8545903003558075,0.8410395177263719,0.10455542207503099,15,XGBoost,8,person09,,,,,,,,,,,
1.0184356570243835,0.012155116081696081,0.013923346996307373,0.0002956589076360024,0.85,5.0,1.0,600.0,8.0,5,0.2,0.2,0.85,"{'subsample': 0.85, 'reg_lambda': 5.0, 'reg_alpha': 1.0, 'n_estimators': 600, 'min_child_weight': 8, 'max_depth': 5, 'learning_rate': 0.2, 'gamma': 0.2, 'colsample_bytree': 0.85}",0.9750495317180847,0.8527243631457693,0.7215713851743263,0.8602234995318724,0.8523921948925132,0.08975013398397616,5,XGBoost,8,person09,,,,,,,,,,,
0.2664107084274292,0.012286089829937,0.007082104682922363,0.0004413417540545557,1.0,1.0,1.0,150.0,5.0,9,0.2,0.05,1.0,"{'subsample': 1.0, 'reg_lambda': 1.0, 'reg_alpha': 1.0, 'n_estimators': 150, 'min_child_weight': 5, 'max_depth': 9, 'learning_rate': 0.2, 'gamma': 0.05, 'colsample_bytree': 1.0}",0.9736527295196584,0.8489050033798182,0.6809711271188736,0.8456074010999919,0.8372840652795854,0.10396450276965327,21,XGBoost,8,person09,,,,,,,,,,,
0.25665217638015747,0.017221596883439046,0.00846242904663086,0.0015179273709725358,1.0,0.5,1.0,150.0,8.0,7,0.2,0.05,1.0,"{'subsample': 1.0, 'reg_lambda': 0.5, 'reg_alpha': 1.0, 'n_estimators': 150, 'min_child_weight': 8, 'max_depth': 7, 'learning_rate': 0.2, 'gamma': 0.05, 'colsample_bytree': 1.0}",0.9734308471030723,0.7830004757949276,0.881847841238002,0.8312264363776787,0.8673764001284201,0.07050369638749193,15,XGBoost,9,person10,,,,,,,,,,,
0.879064679145813,0.015570628747167038,0.0145455002784729,0.0023484456016148,1.0,5.0,0.1,600.0,1.0,9,0.2,0.5,1.0,"{'subsample': 1.0, 'reg_lambda': 5.0, 'reg_alpha': 0.1, 'n_estimators': 600, 'min_child_weight': 1, 'max_depth': 9, 'learning_rate': 0.2, 'gamma': 0.5, 'colsample_bytree': 1.0}",0.9745210727969349,0.7907553855076233,0.8389335513490104,0.8196333061023651,0.8559608289389835,0.07056539232213667,22,XGBoost,9,person10,,,,,,,,,,,
0.3615449070930481,0.01718649454739442,0.007776081562042236,0.0005912988983754505,0.85,1.0,0.1,150.0,8.0,9,0.1,0.2,1.0,"{'subsample': 0.85, 'reg_lambda': 1.0, 'reg_alpha': 0.1, 'n_estimators': 150, 'min_child_weight': 8, 'max_depth': 9, 'learning_rate': 0.1, 'gamma': 0.2, 'colsample_bytree': 1.0}",0.9841928113934044,0.7877841394463099,0.8885939157403606,0.8306227929007168,0.8727984148701979,0.07359419056364087,3,XGBoost,9,person10,,,,,,,,,,,
0.7260835766792297,0.07136415842554078,0.010209619998931885,0.0014305588533085603,1.0,0.5,0.01,150.0,1.0,9,0.05,0.0,1.0,"{'subsample': 1.0, 'reg_lambda': 0.5, 'reg_alpha': 0.01, 'n_estimators': 150, 'min_child_weight': 1, 'max_depth': 9, 'learning_rate': 0.05, 'gamma': 0, 'colsample_bytree': 1.0}",0.9709875164420619,0.7905135335558027,0.8106145359577042,0.8320154943900586,0.8510327700864069,0.07079373134058252,23,XGBoost,9,person10,,,,,,,,,,,
0.4148683547973633,0.014351940564048546,0.009188354015350342,0.0005797799743409082,1.0,5.0,0.01,250.0,1.0,3,0.2,0.05,1.0,"{'subsample': 1.0, 'reg_lambda': 5.0, 'reg_alpha': 0.01, 'n_estimators': 250, 'min_child_weight': 1, 'max_depth': 3, 'learning_rate': 0.2, 'gamma': 0.05, 'colsample_bytree': 1.0}",0.9723044902149311,0.7729698477031356,0.8912823562265337,0.8231315179334103,0.8649220530195026,0.0748790863467931,16,XGBoost,9,person10,,,,,,,,,,,
0.5118734836578369,0.010844936302601464,0.01038515567779541,0.0017643032404122696,0.7,0.5,0.01,250.0,5.0,9,0.2,0.0,1.0,"{'subsample': 0.7, 'reg_lambda': 0.5, 'reg_alpha': 0.01, 'n_estimators': 250, 'min_child_weight': 5, 'max_depth': 9, 'learning_rate': 0.2, 'gamma': 0, 'colsample_bytree': 1.0}",0.9794573917457358,0.8106652736934428,0.8368249292549547,0.8309660540724131,0.8644784121916367,0.0670891438303698,17,XGBoost,9,person10,,,,,,,,,,,
1.4441058039665222,0.09456165813144306,0.019877851009368896,0.0018780781535712454,0.85,5.0,0.01,600.0,3.0,9,0.05,0.0,0.85,"{'subsample': 0.85, 'reg_lambda': 5.0, 'reg_alpha': 0.01, 'n_estimators': 600, 'min_child_weight': 3, 'max_depth': 9, 'learning_rate': 0.05, 'gamma': 0, 'colsample_bytree': 0.85}",0.9806646466466479,0.7673688993962218,0.8947757381042889,0.8364126723033417,0.869805489112625,0.07829687297562413,9,XGBoost,9,person10,,,,,,,,,,,
0.776071310043335,0.05476923984784154,0.011023342609405518,0.0014722488319149777,0.7,5.0,0.0,250.0,8.0,7,0.02,0.5,1.0,"{'subsample': 0.7, 'reg_lambda': 5.0, 'reg_alpha': 0, 'n_estimators': 250, 'min_child_weight': 8, 'max_depth': 7, 'learning_rate': 0.02, 'gamma': 0.5, 'colsample_bytree': 1.0}",0.976192950398292,0.7827709489724549,0.8763567437466068,0.8199737641535487,0.8638236018177257,0.07293197334410498,18,XGBoost,9,person10,,,,,,,,,,,
1.0129172801971436,0.0352026664359193,0.013986706733703613,0.0007315663727372252,0.7,2.0,1.0,400.0,8.0,5,0.02,0.5,0.85,"{'subsample': 0.7, 'reg_lambda': 2.0, 'reg_alpha': 1.0, 'n_estimators': 400, 'min_child_weight': 8, 'max_depth': 5, 'learning_rate': 0.02, 'gamma': 0.5, 'colsample_bytree': 0.85}",0.9829118394888274,0.7877841394463099,0.8873546666221943,0.8326080113407904,0.8726646642245305,0.07276584836149878,4,XGBoost,9,person10,,,,,,,,,,,
0.5083431005477905,0.031207204865045905,0.008732378482818604,0.0005688987638328417,1.0,5.0,0.01,150.0,8.0,7,0.02,0.05,1.0,"{'subsample': 1.0, 'reg_lambda': 5.0, 'reg_alpha': 0.01, 'n_estimators': 150, 'min_child_weight': 8, 'max_depth': 7, 'learning_rate': 0.02, 'gamma': 0.05, 'colsample_bytree': 1.0}",0.9711725980149752,0.7718089272977802,0.8189268579374794,0.8114176151557556,0.8433314996014977,0.07594884355220669,24,XGBoost,9,person10,,,,,,,,,,,
1.1787246465682983,0.03638569174647635,0.016117572784423828,0.001624038418537431,0.7,0.5,1.0,600.0,3.0,3,0.05,0.2,1.0,"{'subsample': 0.7, 'reg_lambda': 0.5, 'reg_alpha': 1.0, 'n_estimators': 600, 'min_child_weight': 3, 'max_depth': 3, 'learning_rate': 0.05, 'gamma': 0.2, 'colsample_bytree': 1.0}",0.9711590035376931,0.7892035173982984,0.8864539106052451,0.8298099105752441,0.8691565855291202,0.06827214781271093,11,XGBoost,9,person10,,,,,,,,,,,
0.5487194657325745,0.009602960300647907,0.01114809513092041,0.0008851070112335472,0.7,1.0,1.0,250.0,8.0,3,0.05,0.05,0.7,"{'subsample': 0.7, 'reg_lambda': 1.0, 'reg_alpha': 1.0, 'n_estimators': 250, 'min_child_weight': 8, 'max_depth': 3, 'learning_rate': 0.05, 'gamma': 0.05, 'colsample_bytree': 0.7}",0.9836586696237231,0.7797988272449822,0.8933939181894037,0.8326462386987452,0.8723744134392135,0.07578682649692088,7,XGBoost,9,person10,,,,,,,,,,,
0.3684367537498474,0.0175057286062844,0.009616315364837646,0.0007941395829398935,1.0,0.5,0.0,150.0,5.0,5,0.05,0.5,0.7,"{'subsample': 1.0, 'reg_lambda': 0.5, 'reg_alpha': 0, 'n_estimators': 150, 'min_child_weight': 5, 'max_depth': 5, 'learning_rate': 0.05, 'gamma': 0.5, 'colsample_bytree': 0.7}",0.9823187828472961,0.7863647597885789,0.8904218733532206,0.8306896248430979,0.8724487602080484,0.0733974372603115,6,XGBoost,9,person10,,,,,,,,,,,
0.4706363081932068,0.029292527412732337,0.009252309799194336,0.0010888467529842395,0.7,5.0,0.01,150.0,5.0,9,0.05,0.05,0.85,"{'subsample': 0.7, 'reg_lambda': 5.0, 'reg_alpha': 0.01, 'n_estimators': 150, 'min_child_weight': 5, 'max_depth': 9, 'learning_rate': 0.05, 'gamma': 0.05, 'colsample_bytree': 0.85}",0.9829118394888274,0.783001162553452,0.8831046810446586,0.8265259432023271,0.8688859065723162,0.07479077930612288,13,XGBoost,9,person10,,,,,,,,,,,
0.7579634189605713,0.033528406434729915,0.013764619827270508,0.0015467678602373257,1.0,2.0,0.01,400.0,3.0,3,0.05,0.05,0.85,"{'subsample': 1.0, 'reg_lambda': 2.0, 'reg_alpha': 0.01, 'n_estimators': 400, 'min_child_weight': 3, 'max_depth': 3, 'learning_rate': 0.05, 'gamma': 0.05, 'colsample_bytree': 0.85}",0.9732081838655618,0.7660814339632362,0.891236137605274,0.824104488591533,0.8636575610064012,0.07721311896667823,19,XGBoost,9,person10,,,,,,,,,,,
0.6085245013237,0.025848535727167523,0.010341465473175049,0.0005455840075947108,0.85,0.5,0.0,150.0,1.0,5,0.02,0.0,0.7,"{'subsample': 0.85, 'reg_lambda': 0.5, 'reg_alpha': 0, 'n_estimators': 150, 'min_child_weight': 1, 'max_depth': 5, 'learning_rate': 0.02, 'gamma': 0, 'colsample_bytree': 0.7}",0.9769412304361647,0.7952794423382659,0.8694054313304205,0.829235421363579,0.8677153813671075,0.06830229673773454,14,XGBoost,9,person10,,,,,,,,,,,
0.2640987038612366,0.012220662840881245,0.007751822471618652,0.00042663872243597684,1.0,5.0,0.01,150.0,8.0,5,0.2,0.0,0.85,"{'subsample': 1.0, 'reg_lambda': 5.0, 'reg_alpha': 0.01, 'n_estimators': 150, 'min_child_weight': 8, 'max_depth': 5, 'learning_rate': 0.2, 'gamma': 0, 'colsample_bytree': 0.85}",0.9829176036936627,0.7828201284467462,0.8989389274402797,0.8186729086450535,0.8708373920564356,0.07716839079974547,8,XGBoost,9,person10,,,,,,,,,,,
0.32661038637161255,0.012638622412470827,0.008738875389099121,0.0009156407174926556,1.0,1.0,0.1,150.0,5.0,3,0.05,0.05,0.85,"{'subsample': 1.0, 'reg_lambda': 1.0, 'reg_alpha': 0.1, 'n_estimators': 150, 'min_child_weight': 5, 'max_depth': 3, 'learning_rate': 0.05, 'gamma': 0.05, 'colsample_bytree': 0.85}",0.9819731899043985,0.7829409409674135,0.8908323332321411,0.8226625621482044,0.8696022565630395,0.0754842058776319,10,XGBoost,9,person10,,,,,,,,,,,
0.8411476612091064,0.038475388086925126,0.013270199298858643,0.0006345162424891631,0.85,2.0,0.1,400.0,8.0,7,0.05,0.0,0.7,"{'subsample': 0.85, 'reg_lambda': 2.0, 'reg_alpha': 0.1, 'n_estimators': 400, 'min_child_weight': 8, 'max_depth': 7, 'learning_rate': 0.05, 'gamma': 0, 'colsample_bytree': 0.7}",0.9884963443349523,0.7891725182439544,0.8960185862611466,0.8406061824599995,0.8785734078250131,0.07386036738576215,1,XGBoost,9,person10,,,,,,,,,,,
0.6808251738548279,0.06261640557047407,0.011648237705230713,0.0006085939865535791,1.0,5.0,0.0,250.0,5.0,7,0.05,0.0,1.0,"{'subsample': 1.0, 'reg_lambda': 5.0, 'reg_alpha': 0, 'n_estimators': 250, 'min_child_weight': 5, 'max_depth': 7, 'learning_rate': 0.05, 'gamma': 0, 'colsample_bytree': 1.0}",0.9694643222279018,0.7817347296276649,0.8693452201431819,0.8092584121550168,0.8574506710384413,0.0720137763750908,21,XGBoost,9,person10,,,,,,,,,,,
0.5784893035888672,0.01582419084293479,0.009583055973052979,0.0008610730230978542,0.7,5.0,0.0,250.0,1.0,9,0.2,0.2,0.85,"{'subsample': 0.7, 'reg_lambda': 5.0, 'reg_alpha': 0, 'n_estimators': 250, 'min_child_weight': 1, 'max_depth': 9, 'learning_rate': 0.2, 'gamma': 0.2, 'colsample_bytree': 0.85}",0.9724679040612533,0.7888158993631903,0.8913084905048725,0.837295667566636,0.8724719903739879,0.0681720465821324,5,XGBoost,9,person10,,,,,,,,,,,
0.6077308654785156,0.03180106095840869,0.009748876094818115,0.00016710033268701002,0.7,0.5,0.0,250.0,1.0,7,0.1,0.2,1.0,"{'subsample': 0.7, 'reg_lambda': 0.5, 'reg_alpha': 0, 'n_estimators': 250, 'min_child_weight': 1, 'max_depth': 7, 'learning_rate': 0.1, 'gamma': 0.2, 'colsample_bytree': 1.0}",0.9767693503559766,0.7892194171205832,0.8766587257011735,0.8336165066483545,0.869065999956522,0.0694438703880397,12,XGBoost,9,person10,,,,,,,,,,,
0.9996522665023804,0.027191201326023314,0.014054059982299805,0.0005380135663117481,0.85,5.0,1.0,600.0,8.0,5,0.2,0.2,0.85,"{'subsample': 0.85, 'reg_lambda': 5.0, 'reg_alpha': 1.0, 'n_estimators': 600, 'min_child_weight': 8, 'max_depth': 5, 'learning_rate': 0.2, 'gamma': 0.2, 'colsample_bytree': 0.85}",0.9832847088564768,0.7845981208845366,0.8906116900405838,0.841152466868061,0.8749117466624146,0.07295105744636844,2,XGBoost,9,person10,,,,,,,,,,,
0.2693156599998474,0.012459529003441482,0.007947802543640137,0.0006767805552375478,1.0,1.0,1.0,150.0,5.0,9,0.2,0.05,1.0,"{'subsample': 1.0, 'reg_lambda': 1.0, 'reg_alpha': 1.0, 'n_estimators': 150, 'min_child_weight': 5, 'max_depth': 9, 'learning_rate': 0.2, 'gamma': 0.05, 'colsample_bytree': 1.0}",0.9724753203322047,0.7804690287211985,0.871878171652047,0.8289120986558874,0.8634336548403344,0.07077475133461823,20,XGBoost,9,person10,,,,,,,,,,,
0.24102753400802612,0.018991761863148427,0.007749199867248535,0.0004343563009726749,1.0,0.5,1.0,150.0,8.0,7,0.2,0.05,1.0,"{'subsample': 1.0, 'reg_lambda': 0.5, 'reg_alpha': 1.0, 'n_estimators': 150, 'min_child_weight': 8, 'max_depth': 7, 'learning_rate': 0.2, 'gamma': 0.05, 'colsample_bytree': 1.0}",0.981579366844854,0.9137277866416293,0.5734750436115262,0.9418034038667134,0.8526464002411807,0.16297259225077526,5,XGBoost,10,person12,,,,,,,,,,,
0.8926260471343994,0.02830713033950845,0.015136361122131348,0.0006356550860621981,1.0,5.0,0.1,600.0,1.0,9,0.2,0.5,1.0,"{'subsample': 1.0, 'reg_lambda': 5.0, 'reg_alpha': 0.1, 'n_estimators': 600, 'min_child_weight': 1, 'max_depth': 9, 'learning_rate': 0.2, 'gamma': 0.5, 'colsample_bytree': 1.0}",0.9676325929910685,0.9132251735897121,0.578240071486517,0.9448808909528724,0.8509946822550425,0.15865586512304067,8,XGBoost,10,person12,,,,,,,,,,,
0.39618778228759766,0.03657926869413193,0.009398281574249268,0.0008497800132622685,0.85,1.0,0.1,150.0,8.0,9,0.1,0.2,1.0,"{'subsample': 0.85, 'reg_lambda': 1.0, 'reg_alpha': 0.1, 'n_estimators': 150, 'min_child_weight': 8, 'max_depth': 9, 'learning_rate': 0.1, 'gamma': 0.2, 'colsample_bytree': 1.0}",0.9845410013944412,0.9137277866416293,0.5800458097531853,0.9349617300417743,0.8533190819577574,0.1598532194153402,4,XGBoost,10,person12,,,,,,,,,,,
0.7440218329429626,0.09999458052892955,0.00999903678894043,0.0006960685642054061,1.0,0.5,0.01,150.0,1.0,9,0.05,0.0,1.0,"{'subsample': 1.0, 'reg_lambda': 0.5, 'reg_alpha': 0.01, 'n_estimators': 150, 'min_child_weight': 1, 'max_depth': 9, 'learning_rate': 0.05, 'gamma': 0, 'colsample_bytree': 1.0}",0.9688407275371042,0.8985264899351703,0.5618839479938785,0.9412359958575603,0.8426217903309283,0.16400842447798844,21,XGBoost,10,person12,,,,,,,,,,,
0.4083099961280823,0.025120717961134284,0.009958148002624512,0.0013433372190884505,1.0,5.0,0.01,250.0,1.0,3,0.2,0.05,1.0,"{'subsample': 1.0, 'reg_lambda': 5.0, 'reg_alpha': 0.01, 'n_estimators': 250, 'min_child_weight': 1, 'max_depth': 3, 'learning_rate': 0.2, 'gamma': 0.05, 'colsample_bytree': 1.0}",0.9763339166332006,0.90089068014392,0.5673188136902592,0.9453513965201193,0.8474737017468748,0.16395512571871587,15,XGBoost,10,person12,,,,,,,,,,,
0.5098751187324524,0.03399000103362891,0.00867617130279541,0.0003662438621534573,0.7,0.5,0.01,250.0,5.0,9,0.2,0.0,1.0,"{'subsample': 0.7, 'reg_lambda': 0.5, 'reg_alpha': 0.01, 'n_estimators': 250, 'min_child_weight': 5, 'max_depth': 9, 'learning_rate': 0.2, 'gamma': 0, 'colsample_bytree': 1.0}",0.9858771950862572,0.8798135218497541,0.5647751794867724,0.912247932972549,0.8356784573488332,0.16105824667656393,24,XGBoost,10,person12,,,,,,,,,,,
1.4351789951324463,0.10783856636881245,0.01932680606842041,0.002192395208228416,0.85,5.0,0.01,600.0,3.0,9,0.05,0.0,0.85,"{'subsample': 0.85, 'reg_lambda': 5.0, 'reg_alpha': 0.01, 'n_estimators': 600, 'min_child_weight': 3, 'max_depth': 9, 'learning_rate': 0.05, 'gamma': 0, 'colsample_bytree': 0.85}",0.9812333416545802,0.877203758507501,0.5633080850839665,0.9318593847231356,0.8384011424922957,0.16303167897857967,22,XGBoost,10,person12,,,,,,,,,,,
0.7749344110488892,0.050595155072026055,0.010792076587677002,0.0009258694954677054,0.7,5.0,0.0,250.0,8.0,7,0.02,0.5,1.0,"{'subsample': 0.7, 'reg_lambda': 5.0, 'reg_alpha': 0, 'n_estimators': 250, 'min_child_weight': 8, 'max_depth': 7, 'learning_rate': 0.02, 'gamma': 0.5, 'colsample_bytree': 1.0}",0.9732123944573288,0.909082462253194,0.6146050752317821,0.926720800145808,0.8559051830220283,0.1412704839389335,1,XGBoost,10,person12,,,,,,,,,,,
1.0180583000183105,0.061073968757615366,0.015089094638824463,0.0019639150416661086,0.7,2.0,1.0,400.0,8.0,5,0.02,0.5,0.85,"{'subsample': 0.7, 'reg_lambda': 2.0, 'reg_alpha': 1.0, 'n_estimators': 400, 'min_child_weight': 8, 'max_depth': 5, 'learning_rate': 0.02, 'gamma': 0.5, 'colsample_bytree': 0.85}",0.9815986656692658,0.9125564508987869,0.5826792863328402,0.9333498867080957,0.8525460724022471,0.15780775962072147,6,XGBoost,10,person12,,,,,,,,,,,
0.5124198198318481,0.03721337478167096,0.00956946611404419,0.0002720373944629474,1.0,5.0,0.01,150.0,8.0,7,0.02,0.05,1.0,"{'subsample': 1.0, 'reg_lambda': 5.0, 'reg_alpha': 0.01, 'n_estimators': 150, 'min_child_weight': 8, 'max_depth': 7, 'learning_rate': 0.02, 'gamma': 0.05, 'colsample_bytree': 1.0}",0.9659522956771063,0.909082462253194,0.6058675026919979,0.933514514735019,0.8536041938393293,0.14444641028685407,2,XGBoost,10,person12,,,,,,,,,,,
1.2139708399772644,0.046284218575274046,0.015866100788116455,0.00169752244671247,0.7,0.5,1.0,600.0,3.0,3,0.05,0.2,1.0,"{'subsample': 0.7, 'reg_lambda': 0.5, 'reg_alpha': 1.0, 'n_estimators': 600, 'min_child_weight': 3, 'max_depth': 3, 'learning_rate': 0.05, 'gamma': 0.2, 'colsample_bytree': 1.0}",0.9789859587044665,0.901500350865367,0.5702853892402056,0.9319776902355192,0.8456873472613895,0.16138143709581726,18,XGBoost,10,person12,,,,,,,,,,,
0.534389078617096,0.021146794711273877,0.009766459465026855,0.0004528864146173284,0.7,1.0,1.0,250.0,8.0,3,0.05,0.05,0.7,"{'subsample': 0.7, 'reg_lambda': 1.0, 'reg_alpha': 1.0, 'n_estimators': 250, 'min_child_weight': 8, 'max_depth': 3, 'learning_rate': 0.05, 'gamma': 0.05, 'colsample_bytree': 0.7}",0.9820192899814493,0.9110942871173678,0.5720279042487623,0.9268163990872245,0.847989470108701,0.16148891688663433,14,XGBoost,10,person12,,,,,,,,,,,
0.39435720443725586,0.025454908273151323,0.00911623239517212,0.0010833833808934499,1.0,0.5,0.0,150.0,5.0,5,0.05,0.5,0.7,"{'subsample': 1.0, 'reg_lambda': 0.5, 'reg_alpha': 0, 'n_estimators': 150, 'min_child_weight': 5, 'max_depth': 5, 'learning_rate': 0.05, 'gamma': 0.5, 'colsample_bytree': 0.7}",0.9853489861495809,0.9137277866416293,0.5735255717237812,0.9412878644096252,0.8534725522311541,0.16363368238622228,3,XGBoost,10,person12,,,,,,,,,,,
0.5155243873596191,0.025358262828964986,0.009805560111999512,0.0006665484743274839,0.7,5.0,0.01,150.0,5.0,9,0.05,0.05,0.85,"{'subsample': 0.7, 'reg_lambda': 5.0, 'reg_alpha': 0.01, 'n_estimators': 150, 'min_child_weight': 5, 'max_depth': 9, 'learning_rate': 0.05, 'gamma': 0.05, 'colsample_bytree': 0.85}",0.9820192899814493,0.9154658296475959,0.5694798986567235,0.9335572350310164,0.8501305633291962,0.1638506472181243,10,XGBoost,10,person12,,,,,,,,,,,
0.7435275316238403,0.04342063269267575,0.013961553573608398,0.0010651928841116578,1.0,2.0,0.01,400.0,3.0,3,0.05,0.05,0.85,"{'subsample': 1.0, 'reg_lambda': 2.0, 'reg_alpha': 0.01, 'n_estimators': 400, 'min_child_weight': 3, 'max_depth': 3, 'learning_rate': 0.05, 'gamma': 0.05, 'colsample_bytree': 0.85}",0.9810360074810408,0.8683392585761776,0.5618359070557617,0.9335696872950465,0.8361952151020066,0.16337603283096888,23,XGBoost,10,person12,,,,,,,,,,,
0.6065470576286316,0.024266507254715554,0.009972989559173584,0.0006894275969774373,0.85,0.5,0.0,150.0,1.0,5,0.02,0.0,0.7,"{'subsample': 0.85, 'reg_lambda': 0.5, 'reg_alpha': 0, 'n_estimators': 150, 'min_child_weight': 1, 'max_depth': 5, 'learning_rate': 0.02, 'gamma': 0, 'colsample_bytree': 0.7}",0.9753448218861867,0.9131320263573226,0.5768722538123545,0.9429236950745901,0.8520681992826136,0.16040062825346835,7,XGBoost,10,person12,,,,,,,,,,,
0.2688140273094177,0.014735470089662457,0.009053289890289307,0.0011627024186836208,1.0,5.0,0.01,150.0,8.0,5,0.2,0.0,0.85,"{'subsample': 1.0, 'reg_lambda': 5.0, 'reg_alpha': 0.01, 'n_estimators': 150, 'min_child_weight': 8, 'max_depth': 5, 'learning_rate': 0.2, 'gamma': 0, 'colsample_bytree': 0.85}",0.9819772543552256,0.9122755624362104,0.5647250308563768,0.927748488488736,0.8466815840341372,0.16483236127045758,16,XGBoost,10,person12,,,,,,,,,,,
0.32918769121170044,0.010870582467211736,0.010787546634674072,0.0014309619887061516,1.0,1.0,0.1,150.0,5.0,3,0.05,0.05,0.85,"{'subsample': 1.0, 'reg_lambda': 1.0, 'reg_alpha': 0.1, 'n_estimators': 150, 'min_child_weight': 5, 'max_depth': 3, 'learning_rate': 0.05, 'gamma': 0.05, 'colsample_bytree': 0.85}",0.9772879801354337,0.9015267570373993,0.5695429601578268,0.9375286555809279,0.8464715882278968,0.16211481622915802,17,XGBoost,10,person12,,,,,,,,,,,
0.8447876572608948,0.05122160055144984,0.01312255859375,0.001445010311135329,0.85,2.0,0.1,400.0,8.0,7,0.05,0.0,0.7,"{'subsample': 0.85, 'reg_lambda': 2.0, 'reg_alpha': 0.1, 'n_estimators': 400, 'min_child_weight': 8, 'max_depth': 7, 'learning_rate': 0.05, 'gamma': 0, 'colsample_bytree': 0.7}",0.9859131599909803,0.9108184078928203,0.5719354144029237,0.9346267219474478,0.850823426058543,0.16328667237890246,9,XGBoost,10,person12,,,,,,,,,,,
0.6553459167480469,0.06466122318139798,0.011072635650634766,0.0010353612909552831,1.0,5.0,0.0,250.0,5.0,7,0.05,0.0,1.0,"{'subsample': 1.0, 'reg_lambda': 5.0, 'reg_alpha': 0, 'n_estimators': 250, 'min_child_weight': 5, 'max_depth': 7, 'learning_rate': 0.05, 'gamma': 0, 'colsample_bytree': 1.0}",0.9802688784352233,0.9083054525331573,0.5651953944902748,0.9392124171040945,0.8482455356406875,0.1654008105997519,13,XGBoost,10,person12,,,,,,,,,,,
0.5392420291900635,0.03172861292532357,0.00981062650680542,0.0012753117591617533,0.7,5.0,0.0,250.0,1.0,9,0.2,0.2,0.85,"{'subsample': 0.7, 'reg_lambda': 5.0, 'reg_alpha': 0, 'n_estimators': 250, 'min_child_weight': 1, 'max_depth': 9, 'learning_rate': 0.2, 'gamma': 0.2, 'colsample_bytree': 0.85}",0.9802581133445486,0.9000467697881414,0.564822181709816,0.9276760888116414,0.8432007884135369,0.16328418551971108,20,XGBoost,10,person12,,,,,,,,,,,
0.623972475528717,0.03719582105044342,0.010767698287963867,0.001648431581871938,0.7,0.5,0.0,250.0,1.0,7,0.1,0.2,1.0,"{'subsample': 0.7, 'reg_lambda': 0.5, 'reg_alpha': 0, 'n_estimators': 250, 'min_child_weight': 1, 'max_depth': 7, 'learning_rate': 0.1, 'gamma': 0.2, 'colsample_bytree': 1.0}",0.981965113033907,0.8943362771496713,0.5625262602372316,0.9434227691532531,0.8455626048935158,0.1663360299797326,19,XGBoost,10,person12,,,,,,,,,,,
1.016884446144104,0.012648130547964537,0.01436305046081543,0.0015396290072881623,0.85,5.0,1.0,600.0,8.0,5,0.2,0.2,0.85,"{'subsample': 0.85, 'reg_lambda': 5.0, 'reg_alpha': 1.0, 'n_estimators': 600, 'min_child_weight': 8, 'max_depth': 5, 'learning_rate': 0.2, 'gamma': 0.2, 'colsample_bytree': 0.85}",0.9799421686111847,0.9081384171048694,0.5741768203757579,0.9355465469248073,0.8494509882541548,0.1609817343520952,11,XGBoost,10,person12,,,,,,,,,,,
0.2851150631904602,0.018430739107123246,0.007644236087799072,0.00042097917540489757,1.0,1.0,1.0,150.0,5.0,9,0.2,0.05,1.0,"{'subsample': 1.0, 'reg_lambda': 1.0, 'reg_alpha': 1.0, 'n_estimators': 150, 'min_child_weight': 5, 'max_depth': 9, 'learning_rate': 0.2, 'gamma': 0.05, 'colsample_bytree': 1.0}",0.9769225825228364,0.909748049545259,0.5661918354886193,0.9440054494276766,0.8492169792460978,0.16512178661380755,12,XGBoost,10,person12,,,,,,,,,,,
0.2402421236038208,0.012348080914399928,0.00749891996383667,0.0006642745393013196,1.0,0.5,1.0,150.0,8.0,7,0.2,0.05,1.0,"{'subsample': 1.0, 'reg_lambda': 0.5, 'reg_alpha': 1.0, 'n_estimators': 150, 'min_child_weight': 8, 'max_depth': 7, 'learning_rate': 0.2, 'gamma': 0.05, 'colsample_bytree': 1.0}",0.9890418661750974,0.8801049541801687,0.7002617025113482,0.9530675217038854,0.8806190111426249,0.11128041742285102,7,XGBoost,11,person13,,,,,,,,,,,
0.8406685590744019,0.00882664310330343,0.01346367597579956,0.0006086504216221913,1.0,5.0,0.1,600.0,1.0,9,0.2,0.5,1.0,"{'subsample': 1.0, 'reg_lambda': 5.0, 'reg_alpha': 0.1, 'n_estimators': 600, 'min_child_weight': 1, 'max_depth': 9, 'learning_rate': 0.2, 'gamma': 0.5, 'colsample_bytree': 1.0}",0.9778535181604929,0.8652422839148102,0.7160899495996712,0.953315559005059,0.8781253276700083,0.1024947796591615,11,XGBoost,11,person13,,,,,,,,,,,
0.360948383808136,0.014541835056855261,0.007385373115539551,0.0004010157444583302,0.85,1.0,0.1,150.0,8.0,9,0.1,0.2,1.0,"{'subsample': 0.85, 'reg_lambda': 1.0, 'reg_alpha': 0.1, 'n_estimators': 150, 'min_child_weight': 8, 'max_depth': 9, 'learning_rate': 0.1, 'gamma': 0.2, 'colsample_bytree': 1.0}",0.9877907120176979,0.8816325740041728,0.7088702546159793,0.9437530546976174,0.8805116488338669,0.10603100666258165,8,XGBoost,11,person13,,,,,,,,,,,
0.7264769077301025,0.08226822961019903,0.012342691421508789,0.0017493526974815652,1.0,0.5,0.01,150.0,1.0,9,0.05,0.0,1.0,"{'subsample': 1.0, 'reg_lambda': 0.5, 'reg_alpha': 0.01, 'n_estimators': 150, 'min_child_weight': 1, 'max_depth': 9, 'learning_rate': 0.05, 'gamma': 0, 'colsample_bytree': 1.0}",0.9749368712070472,0.8784839129383621,0.7057841431167977,0.9482160154158472,0.8768552356695135,0.10485745015561396,13,XGBoost,11,person13,,,,,,,,,,,
0.448045015335083,0.021956674693536706,0.010465741157531738,0.0003907348653341923,1.0,5.0,0.01,250.0,1.0,3,0.2,0.05,1.0,"{'subsample': 1.0, 'reg_lambda': 5.0, 'reg_alpha': 0.01, 'n_estimators': 250, 'min_child_weight': 1, 'max_depth': 3, 'learning_rate': 0.2, 'gamma': 0.05, 'colsample_bytree': 1.0}",0.9864878268137726,0.7838026182905421,0.69907291083952,0.9471179134241975,0.8541203173420081,0.1174244304902775,24,XGBoost,11,person13,,,,,,,,,,,
0.5202237963676453,0.03601757053090845,0.00837087631225586,0.00011397430541646723,0.7,0.5,0.01,250.0,5.0,9,0.2,0.0,1.0,"{'subsample': 0.7, 'reg_lambda': 0.5, 'reg_alpha': 0.01, 'n_estimators': 250, 'min_child_weight': 5, 'max_depth': 9, 'learning_rate': 0.2, 'gamma': 0, 'colsample_bytree': 1.0}",0.9861869509319142,0.8234881355774957,0.6971032780663426,0.9308648117417337,0.8594107940793716,0.11046723239784241,21,XGBoost,11,person13,,,,,,,,,,,
1.566822111606598,0.07702931070934342,0.018008708953857422,0.001538409058818524,0.85,5.0,0.01,600.0,3.0,9,0.05,0.0,0.85,"{'subsample': 0.85, 'reg_lambda': 5.0, 'reg_alpha': 0.01, 'n_estimators': 600, 'min_child_weight': 3, 'max_depth': 9, 'learning_rate': 0.05, 'gamma': 0, 'colsample_bytree': 0.85}",0.9861778115051489,0.8230675879062949,0.6955110829490285,0.9399648516680387,0.8611803335071276,0.11261688568486161,20,XGBoost,11,person13,,,,,,,,,,,
0.8804929256439209,0.05490214036965694,0.016688883304595947,0.0025268283795748755,0.7,5.0,0.0,250.0,8.0,7,0.02,0.5,1.0,"{'subsample': 0.7, 'reg_lambda': 5.0, 'reg_alpha': 0, 'n_estimators': 250, 'min_child_weight': 8, 'max_depth': 7, 'learning_rate': 0.02, 'gamma': 0.5, 'colsample_bytree': 1.0}",0.977809301593894,0.8912106325434075,0.7332828166927718,0.9501703433833391,0.8881182735533532,0.09470813226236546,1,XGBoost,11,person13,,,,,,,,,,,
1.8227292895317078,0.05298149663478365,0.021517455577850342,0.0012041976450235551,0.7,2.0,1.0,400.0,8.0,5,0.02,0.5,0.85,"{'subsample': 0.7, 'reg_lambda': 2.0, 'reg_alpha': 1.0, 'n_estimators': 400, 'min_child_weight': 8, 'max_depth': 5, 'learning_rate': 0.02, 'gamma': 0.5, 'colsample_bytree': 0.85}",0.9827783638952301,0.8890857459202705,0.7103927330318791,0.9471168648193086,0.882343426916672,0.10475599602960883,4,XGBoost,11,person13,,,,,,,,,,,
0.7910175919532776,0.026414128574919777,0.01197504997253418,0.001326950457508163,1.0,5.0,0.01,150.0,8.0,7,0.02,0.05,1.0,"{'subsample': 1.0, 'reg_lambda': 5.0, 'reg_alpha': 0.01, 'n_estimators': 150, 'min_child_weight': 8, 'max_depth': 7, 'learning_rate': 0.02, 'gamma': 0.05, 'colsample_bytree': 1.0}",0.977809301593894,0.8893444342822163,0.7365290829905841,0.9370326539829859,0.8851788682124201,0.09135551827114663,2,XGBoost,11,person13,,,,,,,,,,,
1.6722837686538696,0.020991216214316395,0.01828223466873169,0.0015322644239105804,0.7,0.5,1.0,600.0,3.0,3,0.05,0.2,1.0,"{'subsample': 0.7, 'reg_lambda': 0.5, 'reg_alpha': 1.0, 'n_estimators': 600, 'min_child_weight': 3, 'max_depth': 3, 'learning_rate': 0.05, 'gamma': 0.2, 'colsample_bytree': 1.0}",0.983527688327059,0.8191525226903471,0.703559485848405,0.9492729301349991,0.8638781567502025,0.11103010437464347,18,XGBoost,11,person13,,,,,,,,,,,
0.7016931772232056,0.03911407809120021,0.01274806261062622,0.0028233361653171867,0.7,1.0,1.0,250.0,8.0,3,0.05,0.05,0.7,"{'subsample': 0.7, 'reg_lambda': 1.0, 'reg_alpha': 1.0, 'n_estimators': 250, 'min_child_weight': 8, 'max_depth': 3, 'learning_rate': 0.05, 'gamma': 0.05, 'colsample_bytree': 0.7}",0.9894282699678509,0.8853319702250854,0.7031387047505032,0.9461578641950771,0.8810142022846292,0.10915086177136372,5,XGBoost,11,person13,,,,,,,,,,,
0.4414636492729187,0.019537579868217737,0.009643137454986572,0.0009724238439287699,1.0,0.5,0.0,150.0,5.0,5,0.05,0.5,0.7,"{'subsample': 1.0, 'reg_lambda': 0.5, 'reg_alpha': 0, 'n_estimators': 150, 'min_child_weight': 5, 'max_depth': 5, 'learning_rate': 0.05, 'gamma': 0.5, 'colsample_bytree': 0.7}",0.9924415542063971,0.8629074309147998,0.7046186989093108,0.9502037820414472,0.8775428665179887,0.11022508879070453,12,XGBoost,11,person13,,,,,,,,,,,
0.4587416648864746,0.022203593236675045,0.009445130825042725,0.0027526513895042063,0.7,5.0,0.01,150.0,5.0,9,0.05,0.05,0.85,"{'subsample': 0.7, 'reg_lambda': 5.0, 'reg_alpha': 0.01, 'n_estimators': 150, 'min_child_weight': 5, 'max_depth': 9, 'learning_rate': 0.05, 'gamma': 0.05, 'colsample_bytree': 0.85}",0.9857454962318236,0.8806644543696094,0.6991837622840724,0.9478518045709041,0.8783613793641024,0.11007973288467018,10,XGBoost,11,person13,,,,,,,,,,,
0.7403972148895264,0.01481504404252537,0.01529228687286377,0.0016054464189752366,1.0,2.0,0.01,400.0,3.0,3,0.05,0.05,0.85,"{'subsample': 1.0, 'reg_lambda': 2.0, 'reg_alpha': 0.01, 'n_estimators': 400, 'min_child_weight': 3, 'max_depth': 3, 'learning_rate': 0.05, 'gamma': 0.05, 'colsample_bytree': 0.85}",0.984860437468777,0.8077924893207749,0.694009899513805,0.9452902153346362,0.8579882604094983,0.11524614844186937,23,XGBoost,11,person13,,,,,,,,,,,
0.6096922159194946,0.02091313158805435,0.010400354862213135,0.0005546831268614874,0.85,0.5,0.0,150.0,1.0,5,0.02,0.0,0.7,"{'subsample': 0.85, 'reg_lambda': 0.5, 'reg_alpha': 0, 'n_estimators': 150, 'min_child_weight': 1, 'max_depth': 5, 'learning_rate': 0.02, 'gamma': 0, 'colsample_bytree': 0.7}",0.9840779791347013,0.8844322719197111,0.7189885799862656,0.9463640204474275,0.8834657128720265,0.10140597454917784,3,XGBoost,11,person13,,,,,,,,,,,
0.25393426418304443,0.014441440348387928,0.007889211177825928,0.000628535258014959,1.0,5.0,0.01,150.0,8.0,5,0.2,0.0,0.85,"{'subsample': 1.0, 'reg_lambda': 5.0, 'reg_alpha': 0.01, 'n_estimators': 150, 'min_child_weight': 8, 'max_depth': 5, 'learning_rate': 0.2, 'gamma': 0, 'colsample_bytree': 0.85}",0.9881545009732404,0.8096335267288601,0.6959816141171549,0.9416347893275422,0.8588511077866994,0.1145876822267207,22,XGBoost,11,person13,,,,,,,,,,,
0.30814802646636963,0.004476053496354041,0.007832109928131104,0.0004916232256145895,1.0,1.0,0.1,150.0,5.0,3,0.05,0.05,0.85,"{'subsample': 1.0, 'reg_lambda': 1.0, 'reg_alpha': 0.1, 'n_estimators': 150, 'min_child_weight': 5, 'max_depth': 3, 'learning_rate': 0.05, 'gamma': 0.05, 'colsample_bytree': 0.85}",0.9890740304371689,0.8479623732012267,0.701105499840999,0.9529390250772556,0.8727702321391625,0.11184567385439954,16,XGBoost,11,person13,,,,,,,,,,,
0.8027361631393433,0.024900115412249284,0.011680781841278076,0.0008142058596875171,0.85,2.0,0.1,400.0,8.0,7,0.05,0.0,0.7,"{'subsample': 0.85, 'reg_lambda': 2.0, 'reg_alpha': 0.1, 'n_estimators': 400, 'min_child_weight': 8, 'max_depth': 7, 'learning_rate': 0.05, 'gamma': 0, 'colsample_bytree': 0.7}",0.9874550918566392,0.8551022244731584,0.7027777597851486,0.9477810290768396,0.8732790262979464,0.10953058975872317,15,XGBoost,11,person13,,,,,,,,,,,
0.6163395643234253,0.04459547944021543,0.011136293411254883,0.0008544834563062553,1.0,5.0,0.0,250.0,5.0,7,0.05,0.0,1.0,"{'subsample': 1.0, 'reg_lambda': 5.0, 'reg_alpha': 0, 'n_estimators': 250, 'min_child_weight': 5, 'max_depth': 7, 'learning_rate': 0.05, 'gamma': 0, 'colsample_bytree': 1.0}",0.9861461103215975,0.8442252708013647,0.6969370073822665,0.9483580267162356,0.8689166038053661,0.1120717854585951,17,XGBoost,11,person13,,,,,,,,,,,
0.5276262164115906,0.02735866803007369,0.009350955486297607,0.0002765378226466533,0.7,5.0,0.0,250.0,1.0,9,0.2,0.2,0.85,"{'subsample': 0.7, 'reg_lambda': 5.0, 'reg_alpha': 0, 'n_estimators': 250, 'min_child_weight': 1, 'max_depth': 9, 'learning_rate': 0.2, 'gamma': 0.2, 'colsample_bytree': 0.85}",0.9861461103215975,0.8227136204275856,0.6968969119206648,0.9473882238423345,0.8632862166280456,0.11346721704892823,19,XGBoost,11,person13,,,,,,,,,,,
0.6345824599266052,0.030232866946683513,0.010399162769317627,0.0005286043256647912,0.7,0.5,0.0,250.0,1.0,7,0.1,0.2,1.0,"{'subsample': 0.7, 'reg_lambda': 0.5, 'reg_alpha': 0, 'n_estimators': 250, 'min_child_weight': 1, 'max_depth': 7, 'learning_rate': 0.1, 'gamma': 0.2, 'colsample_bytree': 1.0}",0.9881517705512091,0.8626483535557439,0.7058452016974104,0.9471741997399068,0.8759548813860676,0.10813729704847129,14,XGBoost,11,person13,,,,,,,,,,,
1.0966191291809082,0.028381887244899758,0.01550281047821045,0.0008992809136151251,0.85,5.0,1.0,600.0,8.0,5,0.2,0.2,0.85,"{'subsample': 0.85, 'reg_lambda': 5.0, 'reg_alpha': 1.0, 'n_estimators': 600, 'min_child_weight': 8, 'max_depth': 5, 'learning_rate': 0.2, 'gamma': 0.2, 'colsample_bytree': 0.85}",0.9844920769673599,0.8875788450993412,0.7029150729363075,0.9475610136204007,0.8806367521558524,0.10827969937080749,6,XGBoost,11,person13,,,,,,,,,,,
0.3025038242340088,0.02683426084586487,0.008673608303070068,0.0012638252958926254,1.0,1.0,1.0,150.0,5.0,9,0.2,0.05,1.0,"{'subsample': 1.0, 'reg_lambda': 1.0, 'reg_alpha': 1.0, 'n_estimators': 150, 'min_child_weight': 5, 'max_depth': 9, 'learning_rate': 0.2, 'gamma': 0.05, 'colsample_bytree': 1.0}",0.9864920107189966,0.8716811009871176,0.7045954347285245,0.9534407325302772,0.879052319741229,0.10904868494040745,9,XGBoost,11,person13,,,,,,,,,,,
0.2511070966720581,0.010864908238787992,0.008774518966674805,0.0008529793616711678,1.0,0.5,1.0,150.0,8.0,7,0.2,0.05,1.0,"{'subsample': 1.0, 'reg_lambda': 0.5, 'reg_alpha': 1.0, 'n_estimators': 150, 'min_child_weight': 8, 'max_depth': 7, 'learning_rate': 0.2, 'gamma': 0.05, 'colsample_bytree': 1.0}",0.9845410013944412,0.9042472489001613,0.5490789728947035,0.9184768708288102,0.839086023504529,0.17015443862142743,14,XGBoost,12,person14,,,,,,,,,,,
0.9151652455329895,0.022253845444423173,0.016872525215148926,0.003564853659631016,1.0,5.0,0.1,600.0,1.0,9,0.2,0.5,1.0,"{'subsample': 1.0, 'reg_lambda': 5.0, 'reg_alpha': 0.1, 'n_estimators': 600, 'min_child_weight': 1, 'max_depth': 9, 'learning_rate': 0.2, 'gamma': 0.5, 'colsample_bytree': 1.0}",0.9725072970846111,0.9001161122057877,0.5869133782098392,0.9227235391311055,0.845565081657836,0.15161156968343986,8,XGBoost,12,person14,,,,,,,,,,,
0.3949955105781555,0.030116171944800454,0.01087498664855957,0.001264719719370441,0.85,1.0,0.1,150.0,8.0,9,0.1,0.2,1.0,"{'subsample': 0.85, 'reg_lambda': 1.0, 'reg_alpha': 0.1, 'n_estimators': 150, 'min_child_weight': 8, 'max_depth': 9, 'learning_rate': 0.1, 'gamma': 0.2, 'colsample_bytree': 1.0}",0.991448982609106,0.9024465661342815,0.5765387566599494,0.9164937987597277,0.8467320260407661,0.1596231618906083,5,XGBoost,12,person14,,,,,,,,,,,
0.7960475087165833,0.11176705868382661,0.011280596256256104,0.00118589539501689,1.0,0.5,0.01,150.0,1.0,9,0.05,0.0,1.0,"{'subsample': 1.0, 'reg_lambda': 0.5, 'reg_alpha': 0.01, 'n_estimators': 150, 'min_child_weight': 1, 'max_depth': 9, 'learning_rate': 0.05, 'gamma': 0, 'colsample_bytree': 1.0}",0.9794804166510628,0.8830764898261672,0.5499245594828124,0.9232530048629353,0.8339336177057444,0.1675096942256523,21,XGBoost,12,person14,,,,,,,,,,,
0.4403771162033081,0.018151847653796377,0.01032102108001709,0.0020861390010320116,1.0,5.0,0.01,250.0,1.0,3,0.2,0.05,1.0,"{'subsample': 1.0, 'reg_lambda': 5.0, 'reg_alpha': 0.01, 'n_estimators': 250, 'min_child_weight': 1, 'max_depth': 3, 'learning_rate': 0.2, 'gamma': 0.05, 'colsample_bytree': 1.0}",0.9823600161238082,0.8898845253886787,0.5544816427890245,0.9117272280958466,0.8346133530993395,0.16530600696848777,20,XGBoost,12,person14,,,,,,,,,,,
0.5290567278862,0.035857409455141764,0.009563446044921875,0.001106067074530796,0.7,0.5,0.01,250.0,5.0,9,0.2,0.0,1.0,"{'subsample': 0.7, 'reg_lambda': 0.5, 'reg_alpha': 0.01, 'n_estimators': 250, 'min_child_weight': 5, 'max_depth': 9, 'learning_rate': 0.2, 'gamma': 0, 'colsample_bytree': 1.0}",0.9902213783559426,0.8690064133194988,0.5628580990139923,0.8975870449169345,0.829918233901592,0.16056553764940654,24,XGBoost,12,person14,,,,,,,,,,,
1.45757657289505,0.1128568788532732,0.021416008472442627,0.003988968476603266,0.85,5.0,0.01,600.0,3.0,9,0.05,0.0,0.85,"{'subsample': 0.85, 'reg_lambda': 5.0, 'reg_alpha': 0.01, 'n_estimators': 600, 'min_child_weight': 3, 'max_depth': 9, 'learning_rate': 0.05, 'gamma': 0, 'colsample_bytree': 0.85}",0.9863115202044731,0.8681981871487358,0.5542768547820942,0.9240458563742189,0.8332081046273805,0.16637239931768802,22,XGBoost,12,person14,,,,,,,,,,,
0.8072734475135803,0.06033963553379656,0.010842859745025635,0.001163182385662605,0.7,5.0,0.0,250.0,8.0,7,0.02,0.5,1.0,"{'subsample': 0.7, 'reg_lambda': 5.0, 'reg_alpha': 0, 'n_estimators': 250, 'min_child_weight': 8, 'max_depth': 7, 'learning_rate': 0.02, 'gamma': 0.5, 'colsample_bytree': 1.0}",0.9804843579596054,0.8978685127816806,0.6193827737731581,0.919660404820466,0.8543490123337275,0.13899530890218767,1,XGBoost,12,person14,,,,,,,,,,,
1.041657030582428,0.05470612828475837,0.014742255210876465,0.0003275762173378053,0.7,2.0,1.0,400.0,8.0,5,0.02,0.5,0.85,"{'subsample': 0.7, 'reg_lambda': 2.0, 'reg_alpha': 1.0, 'n_estimators': 400, 'min_child_weight': 8, 'max_depth': 5, 'learning_rate': 0.02, 'gamma': 0.5, 'colsample_bytree': 0.85}",0.9851613551226389,0.9031435960672765,0.579492473480907,0.9228494418261098,0.8476617166242331,0.15775956906224575,4,XGBoost,12,person14,,,,,,,,,,,
0.5887812972068787,0.04310820414709068,0.011922001838684082,0.0021045208956412776,1.0,5.0,0.01,150.0,8.0,7,0.02,0.05,1.0,"{'subsample': 1.0, 'reg_lambda': 5.0, 'reg_alpha': 0.01, 'n_estimators': 150, 'min_child_weight': 8, 'max_depth': 7, 'learning_rate': 0.02, 'gamma': 0.05, 'colsample_bytree': 1.0}",0.9683168856682721,0.8996864032962325,0.5921691527428828,0.9098602147570877,0.8425081641161188,0.14688695040336153,12,XGBoost,12,person14,,,,,,,,,,,
1.4134005904197693,0.05567899673084512,0.017517805099487305,0.000781290717380537,0.7,0.5,1.0,600.0,3.0,3,0.05,0.2,1.0,"{'subsample': 0.7, 'reg_lambda': 0.5, 'reg_alpha': 1.0, 'n_estimators': 600, 'min_child_weight': 3, 'max_depth': 3, 'learning_rate': 0.05, 'gamma': 0.2, 'colsample_bytree': 1.0}",0.9829267520162824,0.8923286639637596,0.557419121790206,0.9113410952652438,0.836003908258873,0.16435021685474357,17,XGBoost,12,person14,,,,,,,,,,,
0.5973276495933533,0.011696026181687285,0.011361539363861084,0.0009660583782818593,0.7,1.0,1.0,250.0,8.0,3,0.05,0.05,0.7,"{'subsample': 0.7, 'reg_lambda': 1.0, 'reg_alpha': 1.0, 'n_estimators': 250, 'min_child_weight': 8, 'max_depth': 3, 'learning_rate': 0.05, 'gamma': 0.05, 'colsample_bytree': 0.7}",0.9888699660946768,0.9053896883411301,0.5877644413824915,0.926018974995643,0.8520107677034853,0.15563023892664593,2,XGBoost,12,person14,,,,,,,,,,,
0.43138694763183594,0.019087541047372203,0.010141193866729736,0.0011686212986277169,1.0,0.5,0.0,150.0,5.0,5,0.05,0.5,0.7,"{'subsample': 1.0, 'reg_lambda': 0.5, 'reg_alpha': 0, 'n_estimators': 150, 'min_child_weight': 5, 'max_depth': 5, 'learning_rate': 0.05, 'gamma': 0.5, 'colsample_bytree': 0.7}",0.9840452280690563,0.9054714456256647,0.5642632421644667,0.9298818396291321,0.8459154388720799,0.16507958154353322,7,XGBoost,12,person14,,,,,,,,,,,
0.5157249569892883,0.04479284026611225,0.012517452239990234,0.002574991626997634,0.7,5.0,0.01,150.0,5.0,9,0.05,0.05,0.85,"{'subsample': 0.7, 'reg_lambda': 5.0, 'reg_alpha': 0.01, 'n_estimators': 150, 'min_child_weight': 5, 'max_depth': 9, 'learning_rate': 0.05, 'gamma': 0.05, 'colsample_bytree': 0.85}",0.9842122137834719,0.9059655676523444,0.558381528703599,0.9220506938248643,0.8426525009910699,0.16670464556098816,11,XGBoost,12,person14,,,,,,,,,,,
0.8087780475616455,0.06526473441416317,0.015899062156677246,0.0034673383083382203,1.0,2.0,0.01,400.0,3.0,3,0.05,0.05,0.85,"{'subsample': 1.0, 'reg_lambda': 2.0, 'reg_alpha': 0.01, 'n_estimators': 400, 'min_child_weight': 3, 'max_depth': 3, 'learning_rate': 0.05, 'gamma': 0.05, 'colsample_bytree': 0.85}",0.9814442480906538,0.863238543201048,0.5551292758605777,0.9246234995736318,0.8311088916814777,0.164729144454858,23,XGBoost,12,person14,,,,,,,,,,,
0.6528288125991821,0.03544070887433495,0.010933339595794678,0.0006458409761936057,0.85,0.5,0.0,150.0,1.0,5,0.02,0.0,0.7,"{'subsample': 0.85, 'reg_lambda': 0.5, 'reg_alpha': 0, 'n_estimators': 150, 'min_child_weight': 1, 'max_depth': 5, 'learning_rate': 0.02, 'gamma': 0, 'colsample_bytree': 0.7}",0.9796294472082301,0.9029814440723214,0.5803423747325662,0.9156077380796482,0.8446402510231915,0.15533474299389827,9,XGBoost,12,person14,,,,,,,,,,,
0.2726534605026245,0.02084781126703056,0.007964670658111572,0.0006402131621258101,1.0,5.0,0.01,150.0,8.0,5,0.2,0.0,0.85,"{'subsample': 1.0, 'reg_lambda': 5.0, 'reg_alpha': 0.01, 'n_estimators': 150, 'min_child_weight': 8, 'max_depth': 5, 'learning_rate': 0.2, 'gamma': 0, 'colsample_bytree': 0.85}",0.9901829875304834,0.9028382818141016,0.555450277051279,0.926435352552798,0.8437267247371656,0.16947539681100007,10,XGBoost,12,person14,,,,,,,,,,,
0.3535686135292053,0.018202674968454843,0.010006844997406006,0.0005844909968491832,1.0,1.0,0.1,150.0,5.0,3,0.05,0.05,0.85,"{'subsample': 1.0, 'reg_lambda': 1.0, 'reg_alpha': 0.1, 'n_estimators': 150, 'min_child_weight': 5, 'max_depth': 3, 'learning_rate': 0.05, 'gamma': 0.05, 'colsample_bytree': 0.85}",0.9789893915503404,0.8947729656240164,0.5570950387068504,0.922287496232919,0.8382862230285316,0.16516115596691683,15,XGBoost,12,person14,,,,,,,,,,,
0.9018660187721252,0.04847382381756176,0.013870656490325928,0.0011251698283704142,0.85,2.0,0.1,400.0,8.0,7,0.05,0.0,0.7,"{'subsample': 0.85, 'reg_lambda': 2.0, 'reg_alpha': 0.1, 'n_estimators': 400, 'min_child_weight': 8, 'max_depth': 7, 'learning_rate': 0.05, 'gamma': 0, 'colsample_bytree': 0.7}",0.9911032858808628,0.9026465916633557,0.5771824551734523,0.9244428349550766,0.8488437919181868,0.16019332232724695,3,XGBoost,12,person14,,,,,,,,,,,
0.6627224683761597,0.06693550986290056,0.011140882968902588,0.0008224473836784436,1.0,5.0,0.0,250.0,5.0,7,0.05,0.0,1.0,"{'subsample': 1.0, 'reg_lambda': 5.0, 'reg_alpha': 0, 'n_estimators': 250, 'min_child_weight': 5, 'max_depth': 7, 'learning_rate': 0.05, 'gamma': 0, 'colsample_bytree': 1.0}",0.9767675261157727,0.8988637025277979,0.5436216594510535,0.9238191543602625,0.8357680106137215,0.17100031003090624,18,XGBoost,12,person14,,,,,,,,,,,
0.5324202179908752,0.02774471923233038,0.009012579917907715,0.000727387782625064,0.7,5.0,0.0,250.0,1.0,9,0.2,0.2,0.85,"{'subsample': 0.7, 'reg_lambda': 5.0, 'reg_alpha': 0, 'n_estimators': 250, 'min_child_weight': 1, 'max_depth': 9, 'learning_rate': 0.2, 'gamma': 0.2, 'colsample_bytree': 0.85}",0.981630340750383,0.8923065222167216,0.5579177289680028,0.9296525847289854,0.8403767941660232,0.1661343969285566,13,XGBoost,12,person14,,,,,,,,,,,
0.6144292950630188,0.03241516444972805,0.009881734848022461,0.0007556761959906881,0.7,0.5,0.0,250.0,1.0,7,0.1,0.2,1.0,"{'subsample': 0.7, 'reg_lambda': 0.5, 'reg_alpha': 0, 'n_estimators': 250, 'min_child_weight': 1, 'max_depth': 7, 'learning_rate': 0.1, 'gamma': 0.2, 'colsample_bytree': 1.0}",0.9815986656692658,0.8850819299868489,0.5514990328820116,0.9208378024091374,0.8347543577368159,0.16713770804788172,19,XGBoost,12,person14,,,,,,,,,,,
0.9881314635276794,0.021271593389351154,0.015047550201416016,0.004120630442601336,0.85,5.0,1.0,600.0,8.0,5,0.2,0.2,0.85,"{'subsample': 0.85, 'reg_lambda': 5.0, 'reg_alpha': 1.0, 'n_estimators': 600, 'min_child_weight': 8, 'max_depth': 5, 'learning_rate': 0.2, 'gamma': 0.2, 'colsample_bytree': 0.85}",0.9885029488946787,0.9000758334078374,0.5743264695469443,0.9232555015654481,0.8465401883537271,0.16047199028144904,6,XGBoost,12,person14,,,,,,,,,,,
0.27000582218170166,0.02392359706374034,0.009883642196655273,0.002902486488935686,1.0,1.0,1.0,150.0,5.0,9,0.2,0.05,1.0,"{'subsample': 1.0, 'reg_lambda': 1.0, 'reg_alpha': 1.0, 'n_estimators': 150, 'min_child_weight': 5, 'max_depth': 9, 'learning_rate': 0.2, 'gamma': 0.05, 'colsample_bytree': 1.0}",0.9780734136921992,0.9002647990184021,0.5472045792950079,0.9194303512384185,0.8362432858110069,0.16932070240155686,16,XGBoost,12,person14,,,,,,,,,,,
